id,name,unit,price,oldPrice,category,emoji,badge,variants,stock
1,Mezan Cooking Oil - 1Ltr,,640,,Groceries,https://cdn.mycart.pk/media/catalog/product/cache/1/small_image/200x/17f82f742ffe127f42dca9de82fb58b1/m/e/mezan_-_mezan_cooking_oil_1l.jpg,,,40
2,Sugar - 1kg,,225,,Groceries,https://cdn.mycart.pk/media/catalog/product/cache/1/small_image/200x/17f82f742ffe127f42dca9de82fb58b1/s/u/sugar_1_kg.jpg,,,3
3,Falak Bachat Long Grain Rice - 1kg,,360,,Groceries,https://cdn.mycart.pk/media/catalog/product/cache/1/small_image/200x/17f82f742ffe127f42dca9de82fb58b1/f/a/falak_image_update.png,,,25
4,Al-Khubz Fine Atta - 10kg,,1720,140,Groceries,https://cdn.mycart.pk/media/catalog/product/cache/1/small_image/200x/17f82f742ffe127f42dca9de82fb58b1/0/c/0ced3b4a-8395-4762-be79-b128316f2638.jpg,SALE,,0
5,Daal Chana (Medium) - 500gm,,175,,Groceries,https://cdn.mycart.pk/media/catalog/product/cache/1/small_image/200x/17f82f742ffe127f42dca9de82fb58b1/1/0/1058804-1.jpg,PROMO,,60
6,Daal Moong (Washed) - 500gm,,235,,Groceries,https://cdn.mycart.pk/media/catalog/product/cache/1/small_image/200x/17f82f742ffe127f42dca9de82fb58b1/d/a/daal_moong_washed_500g_.jpg,PROMO,,50
7,Daal Masoor (Big) - 500gm,,175,,Groceries,https://cdn.mycart.pk/media/catalog/product/cache/1/small_image/200x/17f82f742ffe127f42dca9de82fb58b1/1/0/1058807-1_1.jpg,PROMO,,5
8,National Turmeric Powder - 100gm,,330,,Groceries,https://cdn.mycart.pk/media/catalog/product/cache/1/small_image/200x/17f82f742ffe127f42dca9de82fb58b1/n/a/national_-_national_spices_turmeric_powder_100g_1.jpg,PROMO,,15
9,National Iodized Refined Salt - 800gm,,72,,Groceries,https://cdn.mycart.pk/media/catalog/product/cache/1/small_image/200x/17f82f742ffe127f42dca9de82fb58b1/n/f/nf_iodized_refined_salt_800gm.jpg,PROMO,,20
10,National Chilli Powder - 100gm,,220,150,Groceries,https://cdn.mycart.pk/media/catalog/product/cache/1/small_image/200x/17f82f742ffe127f42dca9de82fb58b1/_/0/_04661_2.jpg,PROMO,,0
11,National Garam Masala Powder - 50gm,,330,,Groceries,https://cdn.mycart.pk/media/catalog/product/cache/1/small_image/200x/17f82f742ffe127f42dca9de82fb58b1/n/a/national_-_national_spices_garam_masala_powder_50g.jpg,PROMO,,18
12,White Zeera (Cumin Seed) - 100gm,,350,,Groceries,https://cdn.mycart.pk/media/catalog/product/cache/1/small_image/200x/17f82f742ffe127f42dca9de82fb58b1/_/1/_10395.jpg,PROMO,,2
13,Green Cardamom (Elaichi) - 50gm,,1420,,Groceries,https://cdn.mycart.pk/media/catalog/product/cache/1/small_image/200x/17f82f742ffe127f42dca9de82fb58b1/_/0/_09136_1.jpg,PROMO,,30
14,Daali Barley Flour - 700gm,,500,,Groceries,https://cdn.mycart.pk/media/catalog/product/cache/1/small_image/200x/17f82f742ffe127f42dca9de82fb58b1/d/a/daali_barley_flour_700gm.png,PROMO,,44
15,Suree Rice Sticks 3mm - 400gm,,840,,Groceries,https://cdn.mycart.pk/media/catalog/product/cache/1/small_image/200x/17f82f742ffe127f42dca9de82fb58b1/8/8/8850344321468_-_1_5.JPG,PROMO,,4
16,White Zeera Powder (Cumin Powder) - 100gm,,380,,Groceries,https://cdn.mycart.pk/media/catalog/product/cache/1/small_image/200x/17f82f742ffe127f42dca9de82fb58b1/_/1/_10215_1.jpg,PROMO,,12
17,Turmeric (Haldi) - 100gm,,130,,Groceries,https://cdn.mycart.pk/media/catalog/product/cache/1/small_image/200x/17f82f742ffe127f42dca9de82fb58b1/_/1/_10210.jpg,PROMO,,43
18,Nawab's Extra Virgin Mustard Oil - 1Ltr,,1185,,Groceries,https://cdn.mycart.pk/media/catalog/product/cache/1/small_image/200x/17f82f742ffe127f42dca9de82fb58b1/8/8/883180478971.jpg,PROMO,,46
19,Sugar - 2kg,,445,,Groceries,https://cdn.mycart.pk/media/catalog/product/cache/1/small_image/200x/17f82f742ffe127f42dca9de82fb58b1/s/u/sugar_2_kg_1.jpg,PROMO,,49
20,Al-Khubz Chakki Atta - 10kg,,1740,,Groceries,https://cdn.mycart.pk/media/catalog/product/cache/1/small_image/200x/17f82f742ffe127f42dca9de82fb58b1/5/6/56ca78e5-b155-4f9c-b8aa-7c78331d71fa.jpg,PROMO,,52
21,Tamarind (Imli) - 500gm,,460,,Groceries,https://cdn.mycart.pk/media/catalog/product/cache/1/small_image/200x/17f82f742ffe127f42dca9de82fb58b1/_/0/_09135_1.jpg,PROMO,,55
22,National Tomato Ketchup Pouch - 800gm,,410,,Groceries,https://cdn.mycart.pk/media/catalog/product/cache/1/small_image/200x/17f82f742ffe127f42dca9de82fb58b1/1/0/1033787-rpl-1_1.png,PROMO,,58
23,National Refined Salt - 800gm,,72,,Groceries,https://cdn.mycart.pk/media/catalog/product/cache/1/small_image/200x/17f82f742ffe127f42dca9de82fb58b1/n/f/nf_refined_salt_800gm.jpg,PROMO,,61
24,Guard Ultimate Basmati Rice - 5kg,,3160,,Groceries,https://cdn.mycart.pk/media/catalog/product/cache/1/small_image/200x/17f82f742ffe127f42dca9de82fb58b1/5/7/5796321475003_1.jpg,PROMO,,64
25,Coriander Whole (Dhania) - 100gm,,105,,Groceries,https://cdn.mycart.pk/media/catalog/product/cache/1/small_image/200x/17f82f742ffe127f42dca9de82fb58b1/_/1/_10209.jpg,PROMO,,67
26,Cinnamon (Dar Chini) - 50gm,,100,,Groceries,https://cdn.mycart.pk/media/catalog/product/cache/1/small_image/200x/17f82f742ffe127f42dca9de82fb58b1/c/i/cinnamon_dar_cheeni_50g.jpg,PROMO,,70
27,Black Pepper (Kali Mirch) - 100gm,,330,,Groceries,https://cdn.mycart.pk/media/catalog/product/cache/1/small_image/200x/17f82f742ffe127f42dca9de82fb58b1/_/1/_10221.jpg,PROMO,,73
28,Sugar - 5kg,,900,,Groceries,https://cdn.mycart.pk/media/catalog/product/cache/1/small_image/200x/17f82f742ffe127f42dca9de82fb58b1/s/u/sugar_5kg_.png,PROMO,,76
29,Soya Supreme Cooking Oil Bottle - 5Ltr,,3390,,Groceries,https://cdn.mycart.pk/media/catalog/product/cache/1/small_image/200x/17f82f742ffe127f42dca9de82fb58b1/_/0/_04274.jpg,PROMO,,79
30,Shan Taaza Dhania Powder - 200gm,,390,,Groceries,https://cdn.mycart.pk/media/catalog/product/cache/1/small_image/200x/17f82f742ffe127f42dca9de82fb58b1/_/0/_08109.jpg,PROMO,,82
31,Red Chilli Powder - 100gm,,120,,Groceries,https://cdn.mycart.pk/media/catalog/product/cache/1/small_image/200x/17f82f742ffe127f42dca9de82fb58b1/r/e/red_chilli_powder_250g.gif,PROMO,,85
32,National Biryani - 78gm,,269,,Groceries,https://cdn.mycart.pk/media/catalog/product/cache/1/small_image/200x/17f82f742ffe127f42dca9de82fb58b1/n/f/nf_biryani_85gm.jpg,PROMO,,88
33,Mundial Olive Oil Pomace Tin - 1Ltr,,3700,,Groceries,https://cdn.mycart.pk/media/catalog/product/cache/1/small_image/200x/17f82f742ffe127f42dca9de82fb58b1/_/0/_03212.jpg,PROMO,,91
34,Malka Pink Himalayan Salt - 800gm,,120,,Groceries,https://cdn.mycart.pk/media/catalog/product/cache/1/small_image/200x/17f82f742ffe127f42dca9de82fb58b1/7/0/705632494080.jpg,PROMO,,94
35,Clove (Laung) - 50gm,,290,,Groceries,https://cdn.mycart.pk/media/catalog/product/cache/1/small_image/200x/17f82f742ffe127f42dca9de82fb58b1/_/1/_13615.jpg,PROMO,,97
36,Young's French Mayonnaise - 500ml,,370,,Groceries,https://cdn.mycart.pk/media/catalog/product/cache/1/small_image/200x/17f82f742ffe127f42dca9de82fb58b1/8/9/8964000061114.png,PROMO,,100
37,Young's French Mayonnaise - 1Ltr,,670,,Groceries,https://cdn.mycart.pk/media/catalog/product/cache/1/small_image/200x/17f82f742ffe127f42dca9de82fb58b1/8/9/8964000061121.png,PROMO,,103
38,Yellow Food Coloring (Zarde Ka Rang) - 50gm,,90,,Groceries,https://cdn.mycart.pk/media/catalog/product/cache/1/small_image/200x/17f82f742ffe127f42dca9de82fb58b1/_/0/_09130_1.jpg,PROMO,,106
39,Shan Pilau Biryani - 90gm,,290,,Groceries,https://cdn.mycart.pk/media/catalog/product/cache/1/small_image/200x/17f82f742ffe127f42dca9de82fb58b1/_/0/_00657_2.jpg,PROMO,,109
40,Red Chilli Crushed - 200gm,,200,,Groceries,https://cdn.mycart.pk/media/catalog/product/cache/1/small_image/200x/17f82f742ffe127f42dca9de82fb58b1/r/e/red_chilli_crushed_1.png,PROMO,,112
41,Red Chilli Crushed - 100gm,,130,,Groceries,https://cdn.mycart.pk/media/catalog/product/cache/1/small_image/200x/17f82f742ffe127f42dca9de82fb58b1/r/e/red_chilli_crushed_2.png,PROMO,,115
42,National White Karahi - 40gm,,145,,Groceries,https://cdn.mycart.pk/media/catalog/product/cache/1/small_image/200x/17f82f742ffe127f42dca9de82fb58b1/n/f/nf_white_karahi_45gm.jpg,PROMO,,118
43,National Red Chilli Powder - 200gm,,430,,Groceries,https://cdn.mycart.pk/media/catalog/product/cache/1/small_image/200x/17f82f742ffe127f42dca9de82fb58b1/n/a/national_-_national_spices_chilli_powder_200g.jpg,PROMO,,121
44,National Quorma - 86gm,,269,,Groceries,https://cdn.mycart.pk/media/catalog/product/cache/1/small_image/200x/17f82f742ffe127f42dca9de82fb58b1/n/f/nf_quorma_86gm.jpg,PROMO,,124
45,National Chicken Tandoori - 40gm,,130,,Groceries,https://cdn.mycart.pk/media/catalog/product/cache/1/small_image/200x/17f82f742ffe127f42dca9de82fb58b1/n/f/nf_chicken_tandoori_40gm.jpg,PROMO,,127
46,National Biryani - 39gm,,145,,Groceries,https://cdn.mycart.pk/media/catalog/product/cache/1/small_image/200x/17f82f742ffe127f42dca9de82fb58b1/n/a/national_-_national_recipes_biryani_50g.jpg,PROMO,,130
47,National Achar Gosht - 43gm,,145,,Groceries,https://cdn.mycart.pk/media/catalog/product/cache/1/small_image/200x/17f82f742ffe127f42dca9de82fb58b1/n/f/nf_achar_gosht_43gm.jpg,PROMO,,133
48,Kolson Twisted Elbow Macaroni - 400gm,,230,,Groceries,https://cdn.mycart.pk/media/catalog/product/cache/1/small_image/200x/17f82f742ffe127f42dca9de82fb58b1/_/0/_04585_2.jpg,PROMO,,136
49,Kolson Penne Macaroni - 400gm,,230,,Groceries,https://cdn.mycart.pk/media/catalog/product/cache/1/small_image/200x/17f82f742ffe127f42dca9de82fb58b1/_/0/_04583_2.jpg,PROMO,,139
50,Kolson Large Shell Macaroni - 400gm,,230,,Groceries,https://cdn.mycart.pk/media/catalog/product/cache/1/small_image/200x/17f82f742ffe127f42dca9de82fb58b1/_/0/_04579_2.jpg,PROMO,,142
51,Guard Awami Basmati Rice - 5kg,,1575,,Groceries,https://cdn.mycart.pk/media/catalog/product/cache/1/small_image/200x/17f82f742ffe127f42dca9de82fb58b1/g/u/guard_rice_awami_basmati_5kg.jpg,PROMO,,145
52,Garam Masala Whole - 100gm,,440,,Groceries,https://cdn.mycart.pk/media/catalog/product/cache/1/small_image/200x/17f82f742ffe127f42dca9de82fb58b1/_/1/_11177.jpg,PROMO,,148
53,Elaichi Green Cardamom (Elaichi) - 25gm,,400,,Groceries,https://cdn.mycart.pk/media/catalog/product/cache/1/small_image/200x/17f82f742ffe127f42dca9de82fb58b1/g/r/green_cardamom_elaichi_.jpg,PROMO,,151
54,Daal Moong (Washed) - 1kg,,525,,Groceries,https://cdn.mycart.pk/media/catalog/product/cache/1/small_image/200x/17f82f742ffe127f42dca9de82fb58b1/d/a/daal_moong_washed_500g__1.jpg,PROMO,,154
55,Daal Masoor (Big) - 1kg,,390,,Groceries,https://cdn.mycart.pk/media/catalog/product/cache/1/small_image/200x/17f82f742ffe127f42dca9de82fb58b1/1/0/1058807-1.jpg,PROMO,,157
56,Daal Mash (White) - 1kg,,640,,Groceries,https://cdn.mycart.pk/media/catalog/product/cache/1/small_image/200x/17f82f742ffe127f42dca9de82fb58b1/1/0/1058810-1.jpg,PROMO,,160
57,Daal Mash (Washed) - 500gm,,270,,Groceries,https://cdn.mycart.pk/media/catalog/product/cache/1/small_image/200x/17f82f742ffe127f42dca9de82fb58b1/d/a/daal-mash-washed-1.jpg,PROMO,,163
58,Daal Chana (Medium) - 1kg,,390,,Groceries,https://cdn.mycart.pk/media/catalog/product/cache/1/small_image/200x/17f82f742ffe127f42dca9de82fb58b1/1/0/1058803-1.jpg,PROMO,,166
59,Coriander Powder (Dhania) - 100gm,,100,,Groceries,https://cdn.mycart.pk/media/catalog/product/cache/1/small_image/200x/17f82f742ffe127f42dca9de82fb58b1/_/1/_10215_2.jpg,PROMO,,169
60,Black Cardamom (Kali Elaichi) - 50gm,,430,,Groceries,https://cdn.mycart.pk/media/catalog/product/cache/1/small_image/200x/17f82f742ffe127f42dca9de82fb58b1/_/1/_10216.jpg,PROMO,,172
61,Black Cardamom (Kali Elaichi) - 25gm,,240,,Groceries,https://cdn.mycart.pk/media/catalog/product/cache/1/small_image/200x/17f82f742ffe127f42dca9de82fb58b1/_/1/_10216_1.jpg,PROMO,,175
62,Bay-Leaf (Tez Pata) - 50gm,,100,,Groceries,https://cdn.mycart.pk/media/catalog/product/cache/1/small_image/200x/17f82f742ffe127f42dca9de82fb58b1/_/1/_10204.jpg,PROMO,,178
63,Baisan - 500gm,,180,,Groceries,https://cdn.mycart.pk/media/catalog/product/cache/1/small_image/200x/17f82f742ffe127f42dca9de82fb58b1/placeholder/default/265x265.jpg,PROMO,,181
64,Young's Mayo Red Chilli - 500ml,,570,,Groceries,https://cdn.mycart.pk/media/catalog/product/cache/1/small_image/200x/17f82f742ffe127f42dca9de82fb58b1/8/9/8964000061275.jpg,PROMO,,184
65,Young's Mayo Dressing - 2Ltr,,730,,Groceries,https://cdn.mycart.pk/media/catalog/product/cache/1/small_image/200x/17f82f742ffe127f42dca9de82fb58b1/_/1/_12586.png,PROMO,,187
66,Young's Mayo Chup - 500ml,,400,,Groceries,https://cdn.mycart.pk/media/catalog/product/cache/1/small_image/200x/17f82f742ffe127f42dca9de82fb58b1/_/8/_8964000061213.jpg,PROMO,,190
67,Young's Mayo Chup - 200ml,,199,,Groceries,https://cdn.mycart.pk/media/catalog/product/cache/1/small_image/200x/17f82f742ffe127f42dca9de82fb58b1/8/9/8964000061206.jpg,PROMO,,193
68,Young's Honey Glass Bottle - 500gm,,970,,Groceries,https://cdn.mycart.pk/media/catalog/product/cache/1/small_image/200x/17f82f742ffe127f42dca9de82fb58b1/8/9/8964000061855.jpg,PROMO,,196
69,Young's Honey Glass Bottle - 250gm,,540,,Groceries,https://cdn.mycart.pk/media/catalog/product/cache/1/small_image/200x/17f82f742ffe127f42dca9de82fb58b1/8/9/8964000061848.jpg,PROMO,,199
70,Young's Honey Glass Bottle - 125gm,,300,,Groceries,https://cdn.mycart.pk/media/catalog/product/cache/1/small_image/200x/17f82f742ffe127f42dca9de82fb58b1/8/9/8964000061831.jpg,PROMO,,202
71,Young's Honey - 1kg,,1500,,Groceries,https://cdn.mycart.pk/media/catalog/product/cache/1/small_image/200x/17f82f742ffe127f42dca9de82fb58b1/8/9/8964000061886.png,PROMO,,205
72,Young's French Olive Spread - 300ml,,320,,Groceries,https://cdn.mycart.pk/media/catalog/product/cache/1/small_image/200x/17f82f742ffe127f42dca9de82fb58b1/8/9/8964000061619.jpg,PROMO,,208
73,Young's French Olive Spread - 200ml,,310,,Groceries,https://cdn.mycart.pk/media/catalog/product/cache/1/small_image/200x/17f82f742ffe127f42dca9de82fb58b1/8/9/8964000061640.jpg,PROMO,,211
74,Young's French Mayonnaise - 946ml,,750,,Groceries,https://cdn.mycart.pk/media/catalog/product/cache/1/small_image/200x/17f82f742ffe127f42dca9de82fb58b1/8/9/8964000061039.jpg,PROMO,,214
75,Young's French Mayonnaise - 300ml,,340,,Groceries,https://cdn.mycart.pk/media/catalog/product/cache/1/small_image/200x/17f82f742ffe127f42dca9de82fb58b1/_/0/_01281.jpg,PROMO,,217
76,Young's French Mayonnaise - 200ml,,180,,Groceries,https://cdn.mycart.pk/media/catalog/product/cache/1/small_image/200x/17f82f742ffe127f42dca9de82fb58b1/8/9/8964000061107.jpg,PROMO,,220
77,Young's French Mayo Garlic - 500ml,,600,,Groceries,https://cdn.mycart.pk/media/catalog/product/cache/1/small_image/200x/17f82f742ffe127f42dca9de82fb58b1/8/9/8964000061312.jpg,PROMO,,223
78,Young's French Mayo Garlic - 200ml,,265,,Groceries,https://cdn.mycart.pk/media/catalog/product/cache/1/small_image/200x/17f82f742ffe127f42dca9de82fb58b1/8/9/8964000061305.jpg,PROMO,,226
79,Young's French Creamy and Salty Mayonnaise - 500ml,,380,,Groceries,https://cdn.mycart.pk/media/catalog/product/cache/1/small_image/200x/17f82f742ffe127f42dca9de82fb58b1/8/9/8964000061435.jpg,PROMO,,229
80,Young's French Chocolate Spread - 600gm,,1100,,Groceries,https://cdn.mycart.pk/media/catalog/product/cache/1/small_image/200x/17f82f742ffe127f42dca9de82fb58b1/8/9/8964000061718.jpg,PROMO,,232
81,Young's French Chocolate Spread - 360gm,,650,,Groceries,https://cdn.mycart.pk/media/catalog/product/cache/1/small_image/200x/17f82f742ffe127f42dca9de82fb58b1/1/_/1_17.jpg,PROMO,,235
82,Young's French Chicken Spread BBQ - 500ml,,770,,Groceries,https://cdn.mycart.pk/media/catalog/product/cache/1/small_image/200x/17f82f742ffe127f42dca9de82fb58b1/8/9/8964000062616.jpg,PROMO,,238
83,Young's French Chicken Spread BBQ - 300ml,,695,,Groceries,https://cdn.mycart.pk/media/catalog/product/cache/1/small_image/200x/17f82f742ffe127f42dca9de82fb58b1/8/9/8964000062623.jpg,PROMO,,241
84,Young's French Chicken Spread - 946ml,,1080,,Groceries,https://cdn.mycart.pk/media/catalog/product/cache/1/small_image/200x/17f82f742ffe127f42dca9de82fb58b1/8/9/8964000061527.jpg,PROMO,,244
85,Young's Choco Bliss Milk Chocolate Spread - 350gm,,770,,Groceries,https://cdn.mycart.pk/media/catalog/product/cache/1/small_image/200x/17f82f742ffe127f42dca9de82fb58b1/8/9/8964000062395.jpg,PROMO,,247
86,Young's Choco Bliss Milk Chocolate Spread - 300gm,,735,,Groceries,https://cdn.mycart.pk/media/catalog/product/cache/1/small_image/200x/17f82f742ffe127f42dca9de82fb58b1/8/9/8964000062357.jpg,PROMO,,250
87,Young's Choco Bliss Milk Chocolate Spread - 150gm,,365,,Groceries,https://cdn.mycart.pk/media/catalog/product/cache/1/small_image/200x/17f82f742ffe127f42dca9de82fb58b1/8/9/8964000062340.jpg,PROMO,,253
88,Young's Choco Bliss Hazelnut Spread With Cocoa - 350gm,,845,,Groceries,https://cdn.mycart.pk/media/catalog/product/cache/1/small_image/200x/17f82f742ffe127f42dca9de82fb58b1/2/0/20190506_110436_1.jpg,PROMO,,256
89,Young's Choco Bliss Hazelnut Chocolate Spread - 300gm,,685,,Groceries,https://cdn.mycart.pk/media/catalog/product/cache/1/small_image/200x/17f82f742ffe127f42dca9de82fb58b1/8/9/8964000062319.jpg,PROMO,,259
90,Young's Choco Bliss Hazelnut Chocolate Spread - 150gm,,425,,Groceries,https://cdn.mycart.pk/media/catalog/product/cache/1/small_image/200x/17f82f742ffe127f42dca9de82fb58b1/8/9/8964000062302.jpg,PROMO,,262
91,Young's Choco bliss Crave Milky Chocolate - 500gm,,798,,Groceries,https://cdn.mycart.pk/media/catalog/product/cache/1/small_image/200x/17f82f742ffe127f42dca9de82fb58b1/8/9/8964000062463.jpg,PROMO,,265
92,Young's Choco Bliss Crave Milky Chocolate - 200gm,,380,,Groceries,https://cdn.mycart.pk/media/catalog/product/cache/1/small_image/200x/17f82f742ffe127f42dca9de82fb58b1/8/9/8964000062456.jpg,PROMO,,268
93,Young's Choco bliss Crave Dark Chocolate - 500gm,,800,,Groceries,https://cdn.mycart.pk/media/catalog/product/cache/1/small_image/200x/17f82f742ffe127f42dca9de82fb58b1/8/9/8964000062449.jpg,PROMO,,271
94,Young's Choco Bliss Crave Dark Chocolate - 200gm,,360,,Groceries,https://cdn.mycart.pk/media/catalog/product/cache/1/small_image/200x/17f82f742ffe127f42dca9de82fb58b1/8/9/8964000062432.jpg,PROMO,,274
95,Young's Chicken Spread - 300ml,,520,,Groceries,https://cdn.mycart.pk/media/catalog/product/cache/1/small_image/200x/17f82f742ffe127f42dca9de82fb58b1/_/1/_12522.jpg,PROMO,,277
96,Young's Chicken Spread - 200ml,,330,,Groceries,https://cdn.mycart.pk/media/catalog/product/cache/1/small_image/200x/17f82f742ffe127f42dca9de82fb58b1/8/9/8964000061534.png,PROMO,,280
97,Young's Chicken Spread - 1Ltr,,1295,,Groceries,https://cdn.mycart.pk/media/catalog/product/cache/1/small_image/200x/17f82f742ffe127f42dca9de82fb58b1/8/9/8964000061596.png,PROMO,,283
98,Young's BBQ Chicken Spread - 200ml,,340,,Groceries,https://cdn.mycart.pk/media/catalog/product/cache/1/small_image/200x/17f82f742ffe127f42dca9de82fb58b1/8/9/8964000062609.png,PROMO,,286
99,White Zeera Powder (Cumin Powder) - 50gm,,125,,Groceries,https://cdn.mycart.pk/media/catalog/product/cache/1/small_image/200x/17f82f742ffe127f42dca9de82fb58b1/_/1/_10215_1_1.jpg,PROMO,,289
100,White Zeera (Cumin Seed) - 500gm,,910,,Groceries,https://cdn.mycart.pk/media/catalog/product/cache/1/small_image/200x/17f82f742ffe127f42dca9de82fb58b1/d/s/dsc_0910.png,PROMO,,292
101,White Zeera (Cumin Seed) - 250gm,,460,,Groceries,https://cdn.mycart.pk/media/catalog/product/cache/1/small_image/200x/17f82f742ffe127f42dca9de82fb58b1/_/1/_10395_1.jpg,PROMO,,295
102,White Sesame Seeds - 100gm,,170,,Groceries,https://cdn.mycart.pk/media/catalog/product/cache/1/small_image/200x/17f82f742ffe127f42dca9de82fb58b1/w/h/white-sesame-seeds-100g-removebg-preview.png,PROMO,,298
103,White Pepper Whole (Sufaid Mirch) - 50gm,,210,,Groceries,https://cdn.mycart.pk/media/catalog/product/cache/1/small_image/200x/17f82f742ffe127f42dca9de82fb58b1/_/0/_09139_1.jpg,PROMO,,301
104,White Lobia - 500gm,,230,,Groceries,https://cdn.mycart.pk/media/catalog/product/cache/1/small_image/200x/17f82f742ffe127f42dca9de82fb58b1/7/0/70141.jpg,PROMO,,304
105,White Chana - 500gm,,230,,Groceries,https://cdn.mycart.pk/media/catalog/product/cache/1/small_image/200x/17f82f742ffe127f42dca9de82fb58b1/w/h/white_chana_-_500gm.jpg,PROMO,,307
106,White Chana - 1kg,,450,,Groceries,https://cdn.mycart.pk/media/catalog/product/cache/1/small_image/200x/17f82f742ffe127f42dca9de82fb58b1/w/h/white_chana_-_1kg.jpg,PROMO,,310
107,Turmeric (Haldi) - 200gm,,245,,Groceries,https://cdn.mycart.pk/media/catalog/product/cache/1/small_image/200x/17f82f742ffe127f42dca9de82fb58b1/t/u/turmeric__haldi__-_250gm.jpg,PROMO,,313
108,Tullo Cooking Oil - 1Ltr,,615,,Groceries,https://cdn.mycart.pk/media/catalog/product/cache/1/small_image/200x/17f82f742ffe127f42dca9de82fb58b1/t/u/tullo_-_tullo_cooking_oil_1l.jpg,PROMO,,316
109,Tullo Banaspati Ghee - 5kg,,3050,,Groceries,https://cdn.mycart.pk/media/catalog/product/cache/1/small_image/200x/17f82f742ffe127f42dca9de82fb58b1/t/u/tullo_-_tullo_banaspati_ghee_5kg.jpg,PROMO,,319
110,Tullo Banaspati Ghee - 1kg,,610,,Groceries,https://cdn.mycart.pk/media/catalog/product/cache/1/small_image/200x/17f82f742ffe127f42dca9de82fb58b1/_/1/_10387.jpg,PROMO,,322
111,Tamarind (Imli) - 250gm,,240,,Groceries,https://cdn.mycart.pk/media/catalog/product/cache/1/small_image/200x/17f82f742ffe127f42dca9de82fb58b1/_/0/_09135_1_1.jpg,PROMO,,325
112,Tabasco Pepper Sauce - 60ml,,795,,Groceries,https://cdn.mycart.pk/media/catalog/product/cache/1/small_image/200x/17f82f742ffe127f42dca9de82fb58b1/0/1/011210000018_2_.jpg,PROMO,,328
113,Tabasco Pepper Sauce - 60ml,,800,,Groceries,https://cdn.mycart.pk/media/catalog/product/cache/1/small_image/200x/17f82f742ffe127f42dca9de82fb58b1/_/0/_09033.gif,PROMO,,331
114,Tabasco Pepper Sauce - 60ml,,800,,Groceries,https://cdn.mycart.pk/media/catalog/product/cache/1/small_image/200x/17f82f742ffe127f42dca9de82fb58b1/d/s/dsc_6178_1.jpg,PROMO,,334
115,Syma's Pizza Crust Medium (10 Inches),,160,,Groceries,https://cdn.mycart.pk/media/catalog/product/cache/1/small_image/200x/17f82f742ffe127f42dca9de82fb58b1/1/0/1019542-1.jpg,PROMO,,337
116,Syma's Pizza Crust Large (12 Inches),,190,,Groceries,https://cdn.mycart.pk/media/catalog/product/cache/1/small_image/200x/17f82f742ffe127f42dca9de82fb58b1/1/0/1019366-1.jpg,PROMO,,340
117,Suree Thai Red Curry Paste - 400gm,,1360,,Groceries,https://cdn.mycart.pk/media/catalog/product/cache/1/small_image/200x/17f82f742ffe127f42dca9de82fb58b1/8/8/8850344210106_-_1_5.JPG,PROMO,,343
118,Suree Thai Green Curry Paste - 400gm,,1360,,Groceries,https://cdn.mycart.pk/media/catalog/product/cache/1/small_image/200x/17f82f742ffe127f42dca9de82fb58b1/8/8/8850344210113_-_1_4.JPG,PROMO,,346
119,Suree Thai Coconut Premium Cream - 400ml,,595,,Groceries,https://cdn.mycart.pk/media/catalog/product/cache/1/small_image/200x/17f82f742ffe127f42dca9de82fb58b1/_/1/_10425.jpg,PROMO,,349
120,Suree Tamarind Chutney Premium - 150ml,,490,,Groceries,https://cdn.mycart.pk/media/catalog/product/cache/1/small_image/200x/17f82f742ffe127f42dca9de82fb58b1/8/8/8850344004040_-_1_5.JPG,PROMO,,352
121,Suree Sweet Chilli Dipping Sauce - 435ml,,1435,,Groceries,https://cdn.mycart.pk/media/catalog/product/cache/1/small_image/200x/17f82f742ffe127f42dca9de82fb58b1/0/8/08880-1080x1080.jpg,PROMO,,355
122,Suree Sriracha Chilli Sauce Extra Hot - 435ml,,1495,,Groceries,https://cdn.mycart.pk/media/catalog/product/cache/1/small_image/200x/17f82f742ffe127f42dca9de82fb58b1/8/8/8850344000271_-_1_5.JPG,PROMO,,358
123,Suree Spring Roll Sauce - 150ml,,490,,Groceries,https://cdn.mycart.pk/media/catalog/product/cache/1/small_image/200x/17f82f742ffe127f42dca9de82fb58b1/8/8/8850344000059_-_1_5.JPG,PROMO,,361
124,Suree Sesame Oil - 295ml,,1800,,Groceries,https://cdn.mycart.pk/media/catalog/product/cache/1/small_image/200x/17f82f742ffe127f42dca9de82fb58b1/_/0/_09027.gif,PROMO,,364
125,Suree Rice Sticks 5mm - 400gm,,800,,Groceries,https://cdn.mycart.pk/media/catalog/product/cache/1/small_image/200x/17f82f742ffe127f42dca9de82fb58b1/8/8/8850344321475_-_1_5.JPG,PROMO,,367
126,Suree Rice Sticks 1mm - 400gm,,800,,Groceries,https://cdn.mycart.pk/media/catalog/product/cache/1/small_image/200x/17f82f742ffe127f42dca9de82fb58b1/w/h/whatsapp-image-2020-10-08-at-2.44.45-pm-1.jpg,PROMO,,370
127,suree Rice Sticks 10mm - 400gm,,800,,Groceries,https://cdn.mycart.pk/media/catalog/product/cache/1/small_image/200x/17f82f742ffe127f42dca9de82fb58b1/g/r/grocerapp-suree-rice-sticks-5e6c6364c9780.jpg,PROMO,,373
128,Suree Hoisin Sauce - 435ml,,1800,,Groceries,https://cdn.mycart.pk/media/catalog/product/cache/1/small_image/200x/17f82f742ffe127f42dca9de82fb58b1/8/8/8850344000684_-_1_5.JPG,PROMO,,376
129,Supremo Cooking Oil Tin - 16Ltr,,9650,,Groceries,https://cdn.mycart.pk/media/catalog/product/cache/1/small_image/200x/17f82f742ffe127f42dca9de82fb58b1/_/1/_10181_1.jpg,PROMO,,379
130,Super Habib Soybean Oil Bottle - 4.5ltr,,2610,,Groceries,https://cdn.mycart.pk/media/catalog/product/cache/1/small_image/200x/17f82f742ffe127f42dca9de82fb58b1/s/h/sh_5l.jpg,PROMO,,382
131,Super Habib Soybean Oil Bottle - 3ltr,,1700,,Groceries,https://cdn.mycart.pk/media/catalog/product/cache/1/small_image/200x/17f82f742ffe127f42dca9de82fb58b1/s/h/sh_3l.jpg,PROMO,,385
132,Sunridge White Chakki Atta - 5kg,,865,,Groceries,https://cdn.mycart.pk/media/catalog/product/cache/1/small_image/200x/17f82f742ffe127f42dca9de82fb58b1/s/u/sunridge_white_chakki_atta_5kg.jpg,PROMO,,388
133,Sunridge White Chakki Atta - 10kg,,1700,,Groceries,https://cdn.mycart.pk/media/catalog/product/cache/1/small_image/200x/17f82f742ffe127f42dca9de82fb58b1/s/u/sunridge_white_chakki_atta_10kg.jpg,PROMO,,391
134,Sunridge Super Fine Atta - 5kg,,870,,Groceries,https://cdn.mycart.pk/media/catalog/product/cache/1/small_image/200x/17f82f742ffe127f42dca9de82fb58b1/s/u/sunridge_super_fine_atta_5kg.jpg,PROMO,,394
135,Sunridge Super Fine Atta - 10kg,,1710,,Groceries,https://cdn.mycart.pk/media/catalog/product/cache/1/small_image/200x/17f82f742ffe127f42dca9de82fb58b1/s/u/sunridge_super_fine_atta_10kg.jpg,PROMO,,397
136,Sunridge High Fiber atta - 5kg,,1000,,Groceries,https://cdn.mycart.pk/media/catalog/product/cache/1/small_image/200x/17f82f742ffe127f42dca9de82fb58b1/s/u/sunridge_high_fiber_atta_5kg.jpg,PROMO,,400
137,Sunridge Fortified Regular Atta - 5kg,,865,,Groceries,https://cdn.mycart.pk/media/catalog/product/cache/1/small_image/200x/17f82f742ffe127f42dca9de82fb58b1/s/u/sunridge_fortified_regular_atta_5kg.jpg,PROMO,,403
138,Sunridge Fortified Regular Atta - 10kg,,1700,,Groceries,https://cdn.mycart.pk/media/catalog/product/cache/1/small_image/200x/17f82f742ffe127f42dca9de82fb58b1/s/u/sunridge_fortified_regular_atta_10kg_1.jpg,PROMO,,406
139,Sunridge Chakki Atta - 5kg,,865,,Groceries,https://cdn.mycart.pk/media/catalog/product/cache/1/small_image/200x/17f82f742ffe127f42dca9de82fb58b1/s/u/sunridge_chakki_atta_5kg.jpg,PROMO,,409
140,Sunridge Chakki Atta - 10kg,,1700,,Groceries,https://cdn.mycart.pk/media/catalog/product/cache/1/small_image/200x/17f82f742ffe127f42dca9de82fb58b1/s/u/sunridge_chakki_atta_10kg.jpg,PROMO,,412
141,Sunridge Besan - 1kg,,410,,Groceries,https://cdn.mycart.pk/media/catalog/product/cache/1/small_image/200x/17f82f742ffe127f42dca9de82fb58b1/s/u/sunridge_besan.jpg,PROMO,,415
142,Sugarie Powdered Brown Sugar - 500gm,,230,,Groceries,https://cdn.mycart.pk/media/catalog/product/cache/1/small_image/200x/17f82f742ffe127f42dca9de82fb58b1/s/u/sugarie_powdered_brown_sugar_500g.jpg,PROMO,,418
143,Sugarie Powdered Brown Sugar - 1kg,,420,,Groceries,https://cdn.mycart.pk/media/catalog/product/cache/1/small_image/200x/17f82f742ffe127f42dca9de82fb58b1/s/u/sugarie_powdered_brown_sugar_1kg.jpg,PROMO,,421
144,Sugarie Granulated Brown Cane Sugar - 500gm,,210,,Groceries,https://cdn.mycart.pk/media/catalog/product/cache/1/small_image/200x/17f82f742ffe127f42dca9de82fb58b1/s/u/sugarie_granulated_brown_cane_sugar_500g.jpg,PROMO,,424
145,Sufi Sunflower Oil Poly Bag - 1Ltr,,660,,Groceries,https://cdn.mycart.pk/media/catalog/product/cache/1/small_image/200x/17f82f742ffe127f42dca9de82fb58b1/s/u/sufi_-_sufi_sunflower_oil_poly_bag_1ltr.jpg,PROMO,,427
146,Sufi Sunflower Oil Bottle - 10Ltr,,6889,,Groceries,https://cdn.mycart.pk/media/catalog/product/cache/1/small_image/200x/17f82f742ffe127f42dca9de82fb58b1/2/_/2_4.jpg,PROMO,,430
147,Sufi Sunflower Oil - 4.5Ltr,,3060,,Groceries,https://cdn.mycart.pk/media/catalog/product/cache/1/small_image/200x/17f82f742ffe127f42dca9de82fb58b1/3/_/3_1.jpg,PROMO,,433
148,Sufi Sunflower Oil - 3Ltr,,2040,,Groceries,https://cdn.mycart.pk/media/catalog/product/cache/1/small_image/200x/17f82f742ffe127f42dca9de82fb58b1/4/_/4_3.jpg,PROMO,,436
149,Sufi Soyabean Cooking Oil - 1Ltr,,645,,Groceries,https://cdn.mycart.pk/media/catalog/product/cache/1/small_image/200x/17f82f742ffe127f42dca9de82fb58b1/s/u/sufi_soyabean_cooking_oil.png,PROMO,,439
150,Sufi Canola Oil Tin - 5Ltr,,3250,,Groceries,https://cdn.mycart.pk/media/catalog/product/cache/1/small_image/200x/17f82f742ffe127f42dca9de82fb58b1/9/_/9_2.jpg,PROMO,,442
151,Sufi Canola Oil Tin - 2.5Ltr,,1650,,Groceries,https://cdn.mycart.pk/media/catalog/product/cache/1/small_image/200x/17f82f742ffe127f42dca9de82fb58b1/1/2/12_4.jpg,PROMO,,445
152,Sufi Canola Oil Standard Pouch - 1Ltr,,655,,Groceries,https://cdn.mycart.pk/media/catalog/product/cache/1/small_image/200x/17f82f742ffe127f42dca9de82fb58b1/2/0/20190620_111644.jpg,PROMO,,448
153,Sufi Canola Oil Poly Bag - 1Ltr,,645,,Groceries,https://cdn.mycart.pk/media/catalog/product/cache/1/small_image/200x/17f82f742ffe127f42dca9de82fb58b1/s/u/sufi_canola_oil_poly_bag_1ltr.jpg,PROMO,,451
154,Sufi Canola Oil Bottle - 4.5Ltr,,3000,,Groceries,https://cdn.mycart.pk/media/catalog/product/cache/1/small_image/200x/17f82f742ffe127f42dca9de82fb58b1/1/0/10_4.jpg,PROMO,,454
155,Sufi Canola Oil - 3Ltr,,2000,,Groceries,https://cdn.mycart.pk/media/catalog/product/cache/1/small_image/200x/17f82f742ffe127f42dca9de82fb58b1/1/1/11_1_2.jpg,PROMO,,457
156,Sufi Canola Oil - 10Ltr,,6460,,Groceries,https://cdn.mycart.pk/media/catalog/product/cache/1/small_image/200x/17f82f742ffe127f42dca9de82fb58b1/8/9/8964000038642.jpg,PROMO,,460
157,Sufi Banaspati Ghee Tin - 5kg,,3000,,Groceries,https://cdn.mycart.pk/media/catalog/product/cache/1/small_image/200x/17f82f742ffe127f42dca9de82fb58b1/6/_/6_3.jpg,PROMO,,463
158,Sufi Banaspati Ghee Tin - 2.5kg,,1600,,Groceries,https://cdn.mycart.pk/media/catalog/product/cache/1/small_image/200x/17f82f742ffe127f42dca9de82fb58b1/7/_/7_2.jpg,PROMO,,466
159,Sufi Banaspati Ghee Poly Bag - 1kg,,610,,Groceries,https://cdn.mycart.pk/media/catalog/product/cache/1/small_image/200x/17f82f742ffe127f42dca9de82fb58b1/s/u/sufi_-_sufi_ghee_poly_bag_1kg.jpg,PROMO,,469
160,Sufi - Zinger patties - 550gm,,1299,,Groceries,https://cdn.mycart.pk/media/catalog/product/cache/1/small_image/200x/17f82f742ffe127f42dca9de82fb58b1/8/9/8964000039069.jpg,PROMO,,472
161,Sufi - Vegetable samosa - 210gm,,280,,Groceries,https://cdn.mycart.pk/media/catalog/product/cache/1/small_image/200x/17f82f742ffe127f42dca9de82fb58b1/8/9/8964000039182.jpg,PROMO,,475
162,Sufi - Vegetable roll - 300gm,,280,,Groceries,https://cdn.mycart.pk/media/catalog/product/cache/1/small_image/200x/17f82f742ffe127f42dca9de82fb58b1/8/9/8964000039144.jpg,PROMO,,478
163,Sufi - Spicy chicken poppers - 780gm,,1350,,Groceries,https://cdn.mycart.pk/media/catalog/product/cache/1/small_image/200x/17f82f742ffe127f42dca9de82fb58b1/8/9/8964000039106.jpg,PROMO,,481
164,Sufi - Space nuggets - 800gm,,1200,,Groceries,https://cdn.mycart.pk/media/catalog/product/cache/1/small_image/200x/17f82f742ffe127f42dca9de82fb58b1/8/9/8964000039649.jpg,PROMO,,484
165,Sufi - Shami kabab - 612gm,,1145,,Groceries,https://cdn.mycart.pk/media/catalog/product/cache/1/small_image/200x/17f82f742ffe127f42dca9de82fb58b1/8/9/8964000040973.jpg,PROMO,,487
166,Sufi - Seekh kabab - 540gm,,1135,,Groceries,https://cdn.mycart.pk/media/catalog/product/cache/1/small_image/200x/17f82f742ffe127f42dca9de82fb58b1/8/9/8964000040997.jpg,PROMO,,490
167,Sufi - Reshmi tikka - 515gm,,1220,,Groceries,https://cdn.mycart.pk/media/catalog/product/cache/1/small_image/200x/17f82f742ffe127f42dca9de82fb58b1/8/9/8964000040256.jpg,PROMO,,493
168,Sufi - Punjabi Samosa (Pack of 10) - 400gm,,560,,Groceries,https://cdn.mycart.pk/media/catalog/product/cache/1/small_image/200x/17f82f742ffe127f42dca9de82fb58b1/8/9/8964001276401.jpg,PROMO,,496
169,Sufi - Potato samosa - 420gm,,535,,Groceries,https://cdn.mycart.pk/media/catalog/product/cache/1/small_image/200x/17f82f742ffe127f42dca9de82fb58b1/8/9/8964001276425.jpg,PROMO,,499
170,Sufi - Potato Cutlets - 500gm,,610,,Groceries,https://cdn.mycart.pk/media/catalog/product/cache/1/small_image/200x/17f82f742ffe127f42dca9de82fb58b1/8/9/8964001276463.jpg,PROMO,,502
171,Sufi - Gola kabab - 515gm,,1140,,Groceries,https://cdn.mycart.pk/media/catalog/product/cache/1/small_image/200x/17f82f742ffe127f42dca9de82fb58b1/8/9/8964000040911.jpg,PROMO,,505
172,Sufi - Chicken wings - 850gm,,1245,,Groceries,https://cdn.mycart.pk/media/catalog/product/cache/1/small_image/200x/17f82f742ffe127f42dca9de82fb58b1/8/9/8964000040928.jpg,PROMO,,508
173,Sufi - Chicken tenders - 675gm,,1265,,Groceries,https://cdn.mycart.pk/media/catalog/product/cache/1/small_image/200x/17f82f742ffe127f42dca9de82fb58b1/8/9/8964000039632.jpg,PROMO,,511
174,Sufi - Chicken samosa - 420gm,,875,,Groceries,https://cdn.mycart.pk/media/catalog/product/cache/1/small_image/200x/17f82f742ffe127f42dca9de82fb58b1/8/9/8964000040294.jpg,PROMO,,514
175,Sufi - Chicken roll - 300gm,,565,,Groceries,https://cdn.mycart.pk/media/catalog/product/cache/1/small_image/200x/17f82f742ffe127f42dca9de82fb58b1/8/9/8964000039168.jpg,PROMO,,517
176,Sufi - Chicken poppers - 780gm,,1220,,Groceries,https://cdn.mycart.pk/media/catalog/product/cache/1/small_image/200x/17f82f742ffe127f42dca9de82fb58b1/8/9/8964000039823.jpg,PROMO,,520
177,Sufi - Chicken nuggets - 1000gm,,1320,,Groceries,https://cdn.mycart.pk/media/catalog/product/cache/1/small_image/200x/17f82f742ffe127f42dca9de82fb58b1/8/9/8964000040096.jpg,PROMO,,523
178,Sufi - Cheese ball - 270gm,,520,,Groceries,https://cdn.mycart.pk/media/catalog/product/cache/1/small_image/200x/17f82f742ffe127f42dca9de82fb58b1/8/9/8964000039083.jpg,PROMO,,526
179,Sufi - Chapli kabab - 888gm,,1270,,Groceries,https://cdn.mycart.pk/media/catalog/product/cache/1/small_image/200x/17f82f742ffe127f42dca9de82fb58b1/8/9/8964000040966.jpg,PROMO,,529
180,Sufi - Burger patties - 1000gm,,1245,,Groceries,https://cdn.mycart.pk/media/catalog/product/cache/1/small_image/200x/17f82f742ffe127f42dca9de82fb58b1/8/9/8964000040386.jpg,PROMO,,532
181,Sufi - Badami kofta - 810gm,,1200,,Groceries,https://cdn.mycart.pk/media/catalog/product/cache/1/small_image/200x/17f82f742ffe127f42dca9de82fb58b1/8/9/8964000040980.jpg,PROMO,,535
182,Sucral Sweetener Tablets (Pack of 200),,499,,Groceries,https://cdn.mycart.pk/media/catalog/product/cache/1/small_image/200x/17f82f742ffe127f42dca9de82fb58b1/8/9/8964000192047.jpg,PROMO,,538
183,Sucral Sweetener Tablets (Pack of 100),,275,,Groceries,https://cdn.mycart.pk/media/catalog/product/cache/1/small_image/200x/17f82f742ffe127f42dca9de82fb58b1/8/9/8964000192023.jpg,PROMO,,541
184,Sucral Sweetener Sachets Box (Pack of 50),,375,,Groceries,https://cdn.mycart.pk/media/catalog/product/cache/1/small_image/200x/17f82f742ffe127f42dca9de82fb58b1/8/9/8964000192016.jpg,PROMO,,544
185,Sucral Sweetener Jar - 84gm,,720,,Groceries,https://cdn.mycart.pk/media/catalog/product/cache/1/small_image/200x/17f82f742ffe127f42dca9de82fb58b1/8/9/8964000192009.jpg,PROMO,,547
186,Sucral Sweetener Drops - 5ml,,199,,Groceries,https://cdn.mycart.pk/media/catalog/product/cache/1/small_image/200x/17f82f742ffe127f42dca9de82fb58b1/8/9/8964000192504.jpg,PROMO,,550
187,Sucral Sweetener Box - 100gm,,800,,Groceries,https://cdn.mycart.pk/media/catalog/product/cache/1/small_image/200x/17f82f742ffe127f42dca9de82fb58b1/8/9/8964000192030.jpg,PROMO,,553
188,Sucral Ispaghol Husk Jar - 140gm,,435,,Groceries,https://cdn.mycart.pk/media/catalog/product/cache/1/small_image/200x/17f82f742ffe127f42dca9de82fb58b1/_/0/_07762.jpg,PROMO,,556
189,Star Anise (Badiyan Ka Phool) - 50gm,,120,,Groceries,https://cdn.mycart.pk/media/catalog/product/cache/1/small_image/200x/17f82f742ffe127f42dca9de82fb58b1/_/1/_10206.jpg,PROMO,,559
190,Soya Supreme Olive Cooking Oil Bottle - 4.5ltr,,3100,,Groceries,https://cdn.mycart.pk/media/catalog/product/cache/1/small_image/200x/17f82f742ffe127f42dca9de82fb58b1/1/2/1230579-1.jpg,PROMO,,562
191,Soya Supreme Olive Cooking Oil Bottle - 3ltr,,1970,,Groceries,https://cdn.mycart.pk/media/catalog/product/cache/1/small_image/200x/17f82f742ffe127f42dca9de82fb58b1/1/2/1230578-1.jpg,PROMO,,565
192,Soya Supreme Olive Cooking Oil Bottle - 1ltr,,675,,Groceries,https://cdn.mycart.pk/media/catalog/product/cache/1/small_image/200x/17f82f742ffe127f42dca9de82fb58b1/1/2/1230577-1.jpg,PROMO,,568
193,Soya Supreme Cooking Oil Tin - 5Ltr,,3099,,Groceries,https://cdn.mycart.pk/media/catalog/product/cache/1/small_image/200x/17f82f742ffe127f42dca9de82fb58b1/_/0/_04271.jpg,PROMO,,571
194,Soya Supreme Cooking Oil Bottle - 3Ltr,,1870,,Groceries,https://cdn.mycart.pk/media/catalog/product/cache/1/small_image/200x/17f82f742ffe127f42dca9de82fb58b1/d/s/dsc_0049.jpg,PROMO,,574
195,Soya Supreme Cooking Oil Bottle - 10Ltr,,6200,,Groceries,https://cdn.mycart.pk/media/catalog/product/cache/1/small_image/200x/17f82f742ffe127f42dca9de82fb58b1/_/0/_04267.jpg,PROMO,,577
196,Soya Supreme Cooking Oil - 1Ltr,,620,,Groceries,https://cdn.mycart.pk/media/catalog/product/cache/1/small_image/200x/17f82f742ffe127f42dca9de82fb58b1/_/0/_05914.jpg,PROMO,,580
197,Soya Supreme Cooking Oil - 16Ltr,,9450,,Groceries,https://cdn.mycart.pk/media/catalog/product/cache/1/small_image/200x/17f82f742ffe127f42dca9de82fb58b1/1/1/1115515-1.jpg,PROMO,,583
198,Soya Supreme Cooking Oil - 10Ltr,,6300,,Groceries,https://cdn.mycart.pk/media/catalog/product/cache/1/small_image/200x/17f82f742ffe127f42dca9de82fb58b1/_/0/_04279_1.jpg,PROMO,,586
199,Soya Supreme Cooking - 1Ltr,,620,,Groceries,https://cdn.mycart.pk/media/catalog/product/cache/1/small_image/200x/17f82f742ffe127f42dca9de82fb58b1/8/9/8964000006108.jpg,PROMO,,589
200,Soya Supreme Banaspati Ghee - 5kg,,3080,,Groceries,https://cdn.mycart.pk/media/catalog/product/cache/1/small_image/200x/17f82f742ffe127f42dca9de82fb58b1/_/0/_04275_2.jpg,PROMO,,592
201,Soya Supreme Banaspati Ghee - 2.5kg,,1600,,Groceries,https://cdn.mycart.pk/media/catalog/product/cache/1/small_image/200x/17f82f742ffe127f42dca9de82fb58b1/_/0/_04275_1.jpg,PROMO,,595
202,Soya Supreme Banaspati Ghee - 1kg,,600,,Groceries,https://cdn.mycart.pk/media/catalog/product/cache/1/small_image/200x/17f82f742ffe127f42dca9de82fb58b1/s/o/soya_supreme_-_soya_supreme_ghee_1kg.jpg,PROMO,,598
203,Shangrila Worcestershire Sauce - 300ml,,170,,Groceries,https://cdn.mycart.pk/media/catalog/product/cache/1/small_image/200x/17f82f742ffe127f42dca9de82fb58b1/8/9/8964000021569_1.jpg,PROMO,,601
204,Shangrila Tomato Ketchup Pouch - 800gm,,395,,Groceries,https://cdn.mycart.pk/media/catalog/product/cache/1/small_image/200x/17f82f742ffe127f42dca9de82fb58b1/8/9/8964000020364_1.jpg,PROMO,,604
205,Shangrila Tomato Ketchup Pouch - 400gm,,190,,Groceries,https://cdn.mycart.pk/media/catalog/product/cache/1/small_image/200x/17f82f742ffe127f42dca9de82fb58b1/8/9/8964000020357.jpg,PROMO,,607
206,Shangrila Tomato Ketchup Hot and Spicy Pouch - 475ml,,250,,Groceries,https://cdn.mycart.pk/media/catalog/product/cache/1/small_image/200x/17f82f742ffe127f42dca9de82fb58b1/8/9/8964000843147.jpg,PROMO,,610
207,Shangrila Tomato Ketchup - 5kg,,1899,,Groceries,https://cdn.mycart.pk/media/catalog/product/cache/1/small_image/200x/17f82f742ffe127f42dca9de82fb58b1/_/0/_02109.jpg,PROMO,,613
208,Shangrila Tomato Ketchup - 4kg,,1680,,Groceries,https://cdn.mycart.pk/media/catalog/product/cache/1/small_image/200x/17f82f742ffe127f42dca9de82fb58b1/_/0/_02101.jpg,PROMO,,616
209,Shangrila Tomato Ketchup - 350gm,,290,,Groceries,https://cdn.mycart.pk/media/catalog/product/cache/1/small_image/200x/17f82f742ffe127f42dca9de82fb58b1/_/0/_05441.jpg,PROMO,,619
210,Shangrila Tomato Ketchup - 225gm,,140,,Groceries,https://cdn.mycart.pk/media/catalog/product/cache/1/small_image/200x/17f82f742ffe127f42dca9de82fb58b1/8/9/8964000020340.jpg,PROMO,,622
211,Shangrila Tomato Ketchup - 1.5kg,,550,,Groceries,https://cdn.mycart.pk/media/catalog/product/cache/1/small_image/200x/17f82f742ffe127f42dca9de82fb58b1/8/9/8964000020432.jpg,PROMO,,625
212,Shangrila Thai Sweet Chilli - 540gm,,520,,Groceries,https://cdn.mycart.pk/media/catalog/product/cache/1/small_image/200x/17f82f742ffe127f42dca9de82fb58b1/s/w/sweet_chilli.jpg,PROMO,,628
213,Shangrila Synthetic White Vinegar - 700ml,,180,,Groceries,https://cdn.mycart.pk/media/catalog/product/cache/1/small_image/200x/17f82f742ffe127f42dca9de82fb58b1/8/9/8964000020296_1.jpg,PROMO,,631
214,Shangrila Synthetic White Vinegar - 300ml,,140,,Groceries,https://cdn.mycart.pk/media/catalog/product/cache/1/small_image/200x/17f82f742ffe127f42dca9de82fb58b1/8/9/8964000020289_1.jpg,PROMO,,634
215,Shangrila Soy Sauce - 700ml,,280,,Groceries,https://cdn.mycart.pk/media/catalog/product/cache/1/small_image/200x/17f82f742ffe127f42dca9de82fb58b1/8/9/8964000020098_1.jpg,PROMO,,637
216,Shangrila Soy Sauce - 300ml,,150,,Groceries,https://cdn.mycart.pk/media/catalog/product/cache/1/small_image/200x/17f82f742ffe127f42dca9de82fb58b1/8/9/8964000020081_1.jpg,PROMO,,640
217,Shangrila Soy Sauce - 120ml,,95,,Groceries,https://cdn.mycart.pk/media/catalog/product/cache/1/small_image/200x/17f82f742ffe127f42dca9de82fb58b1/8/9/8964000020005_1.jpg,PROMO,,643
218,Shangrila Sauce Trio Pack (Pack of 3) - 800ml,,680,,Groceries,https://cdn.mycart.pk/media/catalog/product/cache/1/small_image/200x/17f82f742ffe127f42dca9de82fb58b1/8/9/8964000021545_1.jpg,PROMO,,646
219,Shangrila Sauce Trio Pack (Pack of 3) - 300ml,,380,,Groceries,https://cdn.mycart.pk/media/catalog/product/cache/1/small_image/200x/17f82f742ffe127f42dca9de82fb58b1/8/9/8964000021576.jpg,PROMO,,649
220,Shangrila Sauce Trio Pack (Pack of 3) - 120ml,,230,,Groceries,https://cdn.mycart.pk/media/catalog/product/cache/1/small_image/200x/17f82f742ffe127f42dca9de82fb58b1/8/9/8964000021583_1.jpg,PROMO,,652
221,Shangrila Sauce Imli Ginger Pouch - 400gm,,220,,Groceries,https://cdn.mycart.pk/media/catalog/product/cache/1/small_image/200x/17f82f742ffe127f42dca9de82fb58b1/8/9/8964000020579.jpg,PROMO,,655
222,Shangrila Sauce Green Chilli Pouch - 500gm,,240,,Groceries,https://cdn.mycart.pk/media/catalog/product/cache/1/small_image/200x/17f82f742ffe127f42dca9de82fb58b1/8/9/8964000843109.jpg,PROMO,,658
223,Shangrila Sauce Chilli Garlic Pouch - 400gm,,220,,Groceries,https://cdn.mycart.pk/media/catalog/product/cache/1/small_image/200x/17f82f742ffe127f42dca9de82fb58b1/u/n/untitled-1_4.png,PROMO,,661
224,Shangrila Sauce Chilli Garlic Pouch - 1kg,,395,,Groceries,https://cdn.mycart.pk/media/catalog/product/cache/1/small_image/200x/17f82f742ffe127f42dca9de82fb58b1/8/9/8964000020531.jpg,PROMO,,664
225,Shangrila Sauce Chilli Garlic - 4kg,,1680,,Groceries,https://cdn.mycart.pk/media/catalog/product/cache/1/small_image/200x/17f82f742ffe127f42dca9de82fb58b1/_/0/_02097.jpg,PROMO,,667
226,Shangrila Natural Vinegar - 485ml,,370,,Groceries,https://cdn.mycart.pk/media/catalog/product/cache/1/small_image/200x/17f82f742ffe127f42dca9de82fb58b1/n/a/natural_vinegar.png,PROMO,,670
227,Shangrila Mixed Pickle Paste - 1kg,,580,,Groceries,https://cdn.mycart.pk/media/catalog/product/cache/1/small_image/200x/17f82f742ffe127f42dca9de82fb58b1/8/9/8964000020906_1.jpg,PROMO,,673
228,Shangrila Mixed Pickle in Oil Jar - 400gm,,315,,Groceries,https://cdn.mycart.pk/media/catalog/product/cache/1/small_image/200x/17f82f742ffe127f42dca9de82fb58b1/8/9/8964000020784.jpg,PROMO,,676
229,Shangrila Mix Pickle Pouch - 800gm,,480,,Groceries,https://cdn.mycart.pk/media/catalog/product/cache/1/small_image/200x/17f82f742ffe127f42dca9de82fb58b1/8/9/8964000020685.jpg,PROMO,,679
230,Shangrila Mix Pickle Pouch - 500gm,,260,,Groceries,https://cdn.mycart.pk/media/catalog/product/cache/1/small_image/200x/17f82f742ffe127f42dca9de82fb58b1/8/9/8964000020678.jpg,PROMO,,682
231,Shangrila Mix Pickle Jar - 1kg,,590,,Groceries,https://cdn.mycart.pk/media/catalog/product/cache/1/small_image/200x/17f82f742ffe127f42dca9de82fb58b1/_/0/_01153.jpg,PROMO,,685
232,Shangrila Mango Pickle Pouch - 500gm,,290,,Groceries,https://cdn.mycart.pk/media/catalog/product/cache/1/small_image/200x/17f82f742ffe127f42dca9de82fb58b1/8/9/8964000020869.jpg,PROMO,,688
233,Shangrila Mango Pickle Jar - 1kg,,590,,Groceries,https://cdn.mycart.pk/media/catalog/product/cache/1/small_image/200x/17f82f742ffe127f42dca9de82fb58b1/8/9/8964000020777.jpg,PROMO,,691
234,Shangrila Mango Pickle - 400gm,,340,,Groceries,https://cdn.mycart.pk/media/catalog/product/cache/1/small_image/200x/17f82f742ffe127f42dca9de82fb58b1/8/9/8964000020791_1.jpg,PROMO,,694
235,Shangrila Hyderabadi Pickle in Oil - 400gm,,340,,Groceries,https://cdn.mycart.pk/media/catalog/product/cache/1/small_image/200x/17f82f742ffe127f42dca9de82fb58b1/8/9/8964000020890.jpg,PROMO,,697
236,Shangrila Hot Sauce - 700ml,,300,,Groceries,https://cdn.mycart.pk/media/catalog/product/cache/1/small_image/200x/17f82f742ffe127f42dca9de82fb58b1/8/9/8964000020197.jpg,PROMO,,700
237,Shangrila Hot Sauce - 275ml,,175,,Groceries,https://cdn.mycart.pk/media/catalog/product/cache/1/small_image/200x/17f82f742ffe127f42dca9de82fb58b1/8/9/8964000020180.jpg,PROMO,,703
238,Shangrila Garlic Chilli Sauce - 235gm,,195,,Groceries,https://cdn.mycart.pk/media/catalog/product/cache/1/small_image/200x/17f82f742ffe127f42dca9de82fb58b1/8/9/8964000021934.png,PROMO,,706
239,Shangrila Apple Cider Vinegar - 485ml,,350,,Groceries,https://cdn.mycart.pk/media/catalog/product/cache/1/small_image/200x/17f82f742ffe127f42dca9de82fb58b1/6/3/63ac1ffe7db3a5ae59473dc3.jpg,PROMO,,709
240,Shan Zeera Powder - 50gm,,290,,Groceries,https://cdn.mycart.pk/media/catalog/product/cache/1/small_image/200x/17f82f742ffe127f42dca9de82fb58b1/_/1/_12540.jpg,PROMO,,712
241,Shan Zaiqaydar Adrak Powder - 50gm,,170,,Groceries,https://cdn.mycart.pk/media/catalog/product/cache/1/small_image/200x/17f82f742ffe127f42dca9de82fb58b1/_/1/_12538_1.jpg,PROMO,,715
242,Shan Zafrani Garam Masala Powder - 50gm,,320,,Groceries,https://cdn.mycart.pk/media/catalog/product/cache/1/small_image/200x/17f82f742ffe127f42dca9de82fb58b1/_/0/_08095.jpg,PROMO,,718
243,Shan Vegetable Masala - 100gm,,155,,Groceries,https://cdn.mycart.pk/media/catalog/product/cache/1/small_image/200x/17f82f742ffe127f42dca9de82fb58b1/_/0/_08099.jpg,PROMO,,721
244,Shan Tomato Chutney 315g,,360,,Groceries,https://cdn.mycart.pk/media/catalog/product/cache/1/small_image/200x/17f82f742ffe127f42dca9de82fb58b1/_/0/_00977_2.jpg,PROMO,,724
245,Shan Tikka Seekh Kabab - 90gm,,265,,Groceries,https://cdn.mycart.pk/media/catalog/product/cache/1/small_image/200x/17f82f742ffe127f42dca9de82fb58b1/_/0/_00653_2.jpg,PROMO,,727
246,Shan Tikka Seekh Kabab - 45gm,,165,,Groceries,https://cdn.mycart.pk/media/catalog/product/cache/1/small_image/200x/17f82f742ffe127f42dca9de82fb58b1/_/0/_04995_2.jpg,PROMO,,730
247,Shan Tikka - 45gm,,165,,Groceries,https://cdn.mycart.pk/media/catalog/product/cache/1/small_image/200x/17f82f742ffe127f42dca9de82fb58b1/_/0/_00589_3.jpg,PROMO,,733
248,Shan Tez Lal Mirch Powder - 90gm,,240,,Groceries,https://cdn.mycart.pk/media/catalog/product/cache/1/small_image/200x/17f82f742ffe127f42dca9de82fb58b1/_/0/_00649_2.jpg,PROMO,,736
249,Shan Tez Lal Mirch (Chilli Powder) - 400gm,,830,,Groceries,https://cdn.mycart.pk/media/catalog/product/cache/1/small_image/200x/17f82f742ffe127f42dca9de82fb58b1/_/0/_00691_2.jpg,PROMO,,739
250,Shan Tandoori Masala - 90gm,,265,,Groceries,https://cdn.mycart.pk/media/catalog/product/cache/1/small_image/200x/17f82f742ffe127f42dca9de82fb58b1/_/0/_05293_2.jpg,PROMO,,742
251,Shan Tandoori Masala - 50gm,,165,,Groceries,https://cdn.mycart.pk/media/catalog/product/cache/1/small_image/200x/17f82f742ffe127f42dca9de82fb58b1/_/0/_00585_2.jpg,PROMO,,745
252,Shan Taaza Dhania Powder - 50gm,,95,,Groceries,https://cdn.mycart.pk/media/catalog/product/cache/1/small_image/200x/17f82f742ffe127f42dca9de82fb58b1/s/h/shan_taaza_dhania_powder_50g.jpg,PROMO,,748
253,Shan Taaza Dhania Powder - 100gm,,180,,Groceries,https://cdn.mycart.pk/media/catalog/product/cache/1/small_image/200x/17f82f742ffe127f42dca9de82fb58b1/_/0/_08091.jpg,PROMO,,751
254,Shan Spices Tez Lal Mirch Powder 180gm,,490,,Groceries,https://cdn.mycart.pk/media/catalog/product/cache/1/small_image/200x/17f82f742ffe127f42dca9de82fb58b1/_/0/_00685_2.jpg,PROMO,,754
255,Shan Spices Teekhi Kali Mirch Powder - 50gm,,210,,Groceries,https://cdn.mycart.pk/media/catalog/product/cache/1/small_image/200x/17f82f742ffe127f42dca9de82fb58b1/_/1/_12536.jpg,PROMO,,757
256,Shan Spices Qasuri Methi Leaves 25g,,75,,Groceries,https://cdn.mycart.pk/media/catalog/product/cache/1/small_image/200x/17f82f742ffe127f42dca9de82fb58b1/_/0/_00683_2.jpg,PROMO,,760
257,Shan Spices Khushbudar Lehsan Powder 50g,,155,,Groceries,https://cdn.mycart.pk/media/catalog/product/cache/1/small_image/200x/17f82f742ffe127f42dca9de82fb58b1/_/0/_05357_2.jpg,PROMO,,763
258,Shan Special Dahi Bara - 150gm,,130,,Groceries,https://cdn.mycart.pk/media/catalog/product/cache/1/small_image/200x/17f82f742ffe127f42dca9de82fb58b1/s/h/shan_recipes_special_dahi_bara_150g.jpg,PROMO,,766
259,Shan Special Chaat - 85gm,,100,,Groceries,https://cdn.mycart.pk/media/catalog/product/cache/1/small_image/200x/17f82f742ffe127f42dca9de82fb58b1/d/s/dsc_1373.png,PROMO,,769
260,Shan Special Bombay Biryani - 120gm,,265,,Groceries,https://cdn.mycart.pk/media/catalog/product/cache/1/small_image/200x/17f82f742ffe127f42dca9de82fb58b1/_/0/_04655_2.jpg,PROMO,,772
261,Shan Special Bombay Biryani (Pack of 4) - 240gm,,530,,Groceries,https://cdn.mycart.pk/media/catalog/product/cache/1/small_image/200x/17f82f742ffe127f42dca9de82fb58b1/s/h/shan_bombay_biryani.jpg,PROMO,,775
262,Shan Special Badam Kheer Mix - 150gm,,185,,Groceries,https://cdn.mycart.pk/media/catalog/product/cache/1/small_image/200x/17f82f742ffe127f42dca9de82fb58b1/7/8/788821129024.png,PROMO,,778
263,Shan Sindhi Biryani - 65gm,,165,,Groceries,https://cdn.mycart.pk/media/catalog/product/cache/1/small_image/200x/17f82f742ffe127f42dca9de82fb58b1/_/0/_04981_2.jpg,PROMO,,781
264,Shan Sindhi Biryani - 110gm,,265,,Groceries,https://cdn.mycart.pk/media/catalog/product/cache/1/small_image/200x/17f82f742ffe127f42dca9de82fb58b1/_/0/_00655_2.jpg,PROMO,,784
265,Shan Shami Kabab - 50gm,,165,,Groceries,https://cdn.mycart.pk/media/catalog/product/cache/1/small_image/200x/17f82f742ffe127f42dca9de82fb58b1/s/h/shan_-_shan_recipes_shami_kabab_-_50gm.jpg,PROMO,,787
266,Shan Shami Kabab - 100gm,,265,,Groceries,https://cdn.mycart.pk/media/catalog/product/cache/1/small_image/200x/17f82f742ffe127f42dca9de82fb58b1/_/0/_00679_2.jpg,PROMO,,790
267,Shan Shahi Haleem Mix - 300gm,,360,,Groceries,https://cdn.mycart.pk/media/catalog/product/cache/1/small_image/200x/17f82f742ffe127f42dca9de82fb58b1/_/0/_06002_2.jpg,,,793
268,Shan Seekh Kabab - 50gm,,165,,Groceries,https://cdn.mycart.pk/media/catalog/product/cache/1/small_image/200x/17f82f742ffe127f42dca9de82fb58b1/_/0/_00583_2.jpg,,,796
269,Shan Refined Salt - 800gm,,72,,Groceries,https://cdn.mycart.pk/media/catalog/product/cache/1/small_image/200x/17f82f742ffe127f42dca9de82fb58b1/7/8/788821113177.jpg,,,799
270,Shan Recipes Nihari 60g,,165,,Groceries,https://cdn.mycart.pk/media/catalog/product/cache/1/small_image/200x/17f82f742ffe127f42dca9de82fb58b1/_/0/_05353_2.jpg,,,802
271,Shan Recipes Kofta 50g,,165,,Groceries,https://cdn.mycart.pk/media/catalog/product/cache/1/small_image/200x/17f82f742ffe127f42dca9de82fb58b1/_/0/_08103.jpg,,,805
272,Shan Recipes Fish 100g,,165,,Groceries,https://cdn.mycart.pk/media/catalog/product/cache/1/small_image/200x/17f82f742ffe127f42dca9de82fb58b1/_/0/_05287_2.jpg,,,808
273,Shan Recipes Chicken White Korma 50g,,165,,Groceries,https://cdn.mycart.pk/media/catalog/product/cache/1/small_image/200x/17f82f742ffe127f42dca9de82fb58b1/_/0/_08093.jpg,,,811
274,Shan Recipes Chicken Jalfrezi - 50gm,,165,,Groceries,https://cdn.mycart.pk/media/catalog/product/cache/1/small_image/200x/17f82f742ffe127f42dca9de82fb58b1/_/0/_04867_2.jpg,,,814
275,Shan Recipes Chicken Handi 50g,,165,,Groceries,https://cdn.mycart.pk/media/catalog/product/cache/1/small_image/200x/17f82f742ffe127f42dca9de82fb58b1/_/0/_00635_2.jpg,,,817
276,Shan Punjabi Yakhni Pilau - 50gm,,165,,Groceries,https://cdn.mycart.pk/media/catalog/product/cache/1/small_image/200x/17f82f742ffe127f42dca9de82fb58b1/_/0/_08085.jpg,,,820
277,Shan Plum Chutney - 400gm,,440,,Groceries,https://cdn.mycart.pk/media/catalog/product/cache/1/small_image/200x/17f82f742ffe127f42dca9de82fb58b1/7/8/788821000859.jpg,,,823
278,Shan Pilau Biryani - 40gm,,165,,Groceries,https://cdn.mycart.pk/media/catalog/product/cache/1/small_image/200x/17f82f742ffe127f42dca9de82fb58b1/s/h/shan_-_shan_recipes_pilau_biryani_100g.jpg,,,826
279,Shan Pickle Mango - 300gm,,360,,Groceries,https://cdn.mycart.pk/media/catalog/product/cache/1/small_image/200x/17f82f742ffe127f42dca9de82fb58b1/_/0/_00995_2.jpg,,,829
280,Shan Paya - 100gm,,265,,Groceries,https://cdn.mycart.pk/media/catalog/product/cache/1/small_image/200x/17f82f742ffe127f42dca9de82fb58b1/_/0/_08089.jpg,,,832
281,Shan Nihari - 120gm,,265,,Groceries,https://cdn.mycart.pk/media/catalog/product/cache/1/small_image/200x/17f82f742ffe127f42dca9de82fb58b1/_/0/_00675_2.jpg,,,835
282,Shan Murgh Cholay - 50gm,,165,,Groceries,https://cdn.mycart.pk/media/catalog/product/cache/1/small_image/200x/17f82f742ffe127f42dca9de82fb58b1/_/0/_00595_2.jpg,,,838
283,Shan Mix Pickle Pouch - 500gm,,350,,Groceries,https://cdn.mycart.pk/media/catalog/product/cache/1/small_image/200x/17f82f742ffe127f42dca9de82fb58b1/_/0/_04873_2.jpg,,,841
284,Shan Mix Pickle Jar - 1kg,,795,,Groceries,https://cdn.mycart.pk/media/catalog/product/cache/1/small_image/200x/17f82f742ffe127f42dca9de82fb58b1/_/0/_05661_2.jpg,,,844
285,Shan Memoni Mutton Biryani - 60gm,,165,,Groceries,https://cdn.mycart.pk/media/catalog/product/cache/1/small_image/200x/17f82f742ffe127f42dca9de82fb58b1/_/0/_00629_2.jpg,,,847
286,Shan Mango Pickle Jar - 1kg,,795,,Groceries,https://cdn.mycart.pk/media/catalog/product/cache/1/small_image/200x/17f82f742ffe127f42dca9de82fb58b1/_/0/_01117_2.jpg,,,850
287,Shan Mango Chutney - 400gm,,360,,Groceries,https://cdn.mycart.pk/media/catalog/product/cache/1/small_image/200x/17f82f742ffe127f42dca9de82fb58b1/_/0/_00971_2.jpg,,,853
288,Shan Kunna Masala - 50gm,,150,,Groceries,https://cdn.mycart.pk/media/catalog/product/cache/1/small_image/200x/17f82f742ffe127f42dca9de82fb58b1/7/8/788821150400.jpg,,,856
289,Shan Korma Paste - 310gm,,360,,Groceries,https://cdn.mycart.pk/media/catalog/product/cache/1/small_image/200x/17f82f742ffe127f42dca9de82fb58b1/_/0/_00991_2.jpg,,,859
290,Shan Korma - 50gm,,165,,Groceries,https://cdn.mycart.pk/media/catalog/product/cache/1/small_image/200x/17f82f742ffe127f42dca9de82fb58b1/_/0/_05311_2.jpg,,,862
291,Shan Korma - 100gm,,265,,Groceries,https://cdn.mycart.pk/media/catalog/product/cache/1/small_image/200x/17f82f742ffe127f42dca9de82fb58b1/_/0/_00677_2.jpg,,,865
292,Shan Khalis Haldee Powder - 50gm,,90,,Groceries,https://cdn.mycart.pk/media/catalog/product/cache/1/small_image/200x/17f82f742ffe127f42dca9de82fb58b1/s/h/shan_-_shan_spices_khalis_haldee_powder_-_50gm.jpg,,,868
293,Shan Keema - 50gm,,165,,Groceries,https://cdn.mycart.pk/media/catalog/product/cache/1/small_image/200x/17f82f742ffe127f42dca9de82fb58b1/_/0/_05313_2.jpg,,,871
294,Shan Karahi - 90gm,,265,,Groceries,https://cdn.mycart.pk/media/catalog/product/cache/1/small_image/200x/17f82f742ffe127f42dca9de82fb58b1/_/0/_05283_2.jpg,,,874
295,Shan Karahi - 45gm,,138,,Groceries,https://cdn.mycart.pk/media/catalog/product/cache/1/small_image/200x/17f82f742ffe127f42dca9de82fb58b1/_/0/_00603_2.jpg,,,877
296,Shan Karachi Beef Biryani - 60gm,,165,,Groceries,https://cdn.mycart.pk/media/catalog/product/cache/1/small_image/200x/17f82f742ffe127f42dca9de82fb58b1/_/0/_08105.jpg,,,880
297,Shan Iodized Salt - 800gm,,72,,Groceries,https://cdn.mycart.pk/media/catalog/product/cache/1/small_image/200x/17f82f742ffe127f42dca9de82fb58b1/7/8/788821111050.jpg,,,883
298,Shan Hyderabadi Mix Pickle Jar - 1kg,,830,,Groceries,https://cdn.mycart.pk/media/catalog/product/cache/1/small_image/200x/17f82f742ffe127f42dca9de82fb58b1/_/0/_01115_2.jpg,,,886
299,Shan Himalayan Pink Salt - 800gm,,95,,Groceries,https://cdn.mycart.pk/media/catalog/product/cache/1/small_image/200x/17f82f742ffe127f42dca9de82fb58b1/7/8/788821011695_1.jpg,,,889
300,Shan Haleem - 50gm,,165,,Groceries,https://cdn.mycart.pk/media/catalog/product/cache/1/small_image/200x/17f82f742ffe127f42dca9de82fb58b1/_/0/_00605_2.jpg,,,892
301,Shan Haleem - 100gm,,265,,Groceries,https://cdn.mycart.pk/media/catalog/product/cache/1/small_image/200x/17f82f742ffe127f42dca9de82fb58b1/_/0/_00673_2.jpg,,,895
302,Shan Green Chutney - 315gm,,360,,Groceries,https://cdn.mycart.pk/media/catalog/product/cache/1/small_image/200x/17f82f742ffe127f42dca9de82fb58b1/_/0/_00981_2.jpg,,,898
303,Shan Ginger Paste - 300gm,,550,,Groceries,https://cdn.mycart.pk/media/catalog/product/cache/1/small_image/200x/17f82f742ffe127f42dca9de82fb58b1/_/0/_00993.jpg,,,901
304,Shan Ginger Mango Chutney - 400gm,,360,,Groceries,https://cdn.mycart.pk/media/catalog/product/cache/1/small_image/200x/17f82f742ffe127f42dca9de82fb58b1/_/0/_01119_2.jpg,,,904
305,Shan Ginger Garlic Paste - 300gm,,550,,Groceries,https://cdn.mycart.pk/media/catalog/product/cache/1/small_image/200x/17f82f742ffe127f42dca9de82fb58b1/7/8/788821001184.jpg,,,907
306,Shan Garlic Paste - 310gm,,600,,Groceries,https://cdn.mycart.pk/media/catalog/product/cache/1/small_image/200x/17f82f742ffe127f42dca9de82fb58b1/_/0/_01007_2.jpg,,,910
307,Shan Fruit Chaat - 50gm,,165,,Groceries,https://cdn.mycart.pk/media/catalog/product/cache/1/small_image/200x/17f82f742ffe127f42dca9de82fb58b1/s/h/shan_-_shan_recipes_fruit_chaat_-_50gm.jpg,,,913
308,Shan Fried Fish - 50gm,,165,,Groceries,https://cdn.mycart.pk/media/catalog/product/cache/1/small_image/200x/17f82f742ffe127f42dca9de82fb58b1/_/0/_00621_2.jpg,,,916
309,Shan Fried Chops & Steaks - 50gm,,150,,Groceries,https://cdn.mycart.pk/media/catalog/product/cache/1/small_image/200x/17f82f742ffe127f42dca9de82fb58b1/s/h/shan_chops.jpg,,,919
310,Shan Easy Cook Haleem - 300gm,,360,,Groceries,https://cdn.mycart.pk/media/catalog/product/cache/1/small_image/200x/17f82f742ffe127f42dca9de82fb58b1/_/0/_04647_2.jpg,,,922
311,Shan Daal - 100gm,,150,,Groceries,https://cdn.mycart.pk/media/catalog/product/cache/1/small_image/200x/17f82f742ffe127f42dca9de82fb58b1/_/0/_08097.jpg,,,925
312,Shan Curry Powder - 200gm,,395,,Groceries,https://cdn.mycart.pk/media/catalog/product/cache/1/small_image/200x/17f82f742ffe127f42dca9de82fb58b1/s/h/shan_curry_powder.jpg,,,928
313,Shan Chili Pickle - 300gm,,360,,Groceries,https://cdn.mycart.pk/media/catalog/product/cache/1/small_image/200x/17f82f742ffe127f42dca9de82fb58b1/_/0/_00999_2.jpg,,,931
314,Shan Chicken White Karahi - 40gm,,145,,Groceries,https://cdn.mycart.pk/media/catalog/product/cache/1/small_image/200x/17f82f742ffe127f42dca9de82fb58b1/s/h/shan_recipe_chicken_white_karahi_40g.jpg,,,934
315,Shan Chicken Tikka - 90gm,,265,,Groceries,https://cdn.mycart.pk/media/catalog/product/cache/1/small_image/200x/17f82f742ffe127f42dca9de82fb58b1/_/0/_05289_2.jpg,,,937
316,Shan Chicken Tikka - 45gm,,165,,Groceries,https://cdn.mycart.pk/media/catalog/product/cache/1/small_image/200x/17f82f742ffe127f42dca9de82fb58b1/c/h/chicken_tikka-50gm.jpg,,,940
317,Shan Chicken Masala - 50gm,,165,,Groceries,https://cdn.mycart.pk/media/catalog/product/cache/1/small_image/200x/17f82f742ffe127f42dca9de82fb58b1/_/0/_00607_2.jpg,,,943
318,Shan Chicken Masala - 100gm,,265,,Groceries,https://cdn.mycart.pk/media/catalog/product/cache/1/small_image/200x/17f82f742ffe127f42dca9de82fb58b1/_/0/_05285_2.jpg,,,946
319,Shan Chapli Kabab - 100gm,,165,,Groceries,https://cdn.mycart.pk/media/catalog/product/cache/1/small_image/200x/17f82f742ffe127f42dca9de82fb58b1/_/0/_00599_2.jpg,,,949
320,Shan Chaat Masala - 45gm,,120,,Groceries,https://cdn.mycart.pk/media/catalog/product/cache/1/small_image/200x/17f82f742ffe127f42dca9de82fb58b1/s/h/shan_receipes_special_chaat_50g.jpg,,,952
321,Shan Carrot Pickle - 300gm,,360,,Groceries,https://cdn.mycart.pk/media/catalog/product/cache/1/small_image/200x/17f82f742ffe127f42dca9de82fb58b1/_/0/_01003_2.jpg,,,955
322,Shan Bombay Biryani - 60gm,,165,,Groceries,https://cdn.mycart.pk/media/catalog/product/cache/1/small_image/200x/17f82f742ffe127f42dca9de82fb58b1/_/0/_06116_2.jpg,,,958
323,Shan Biryani - 90gm,,265,,Groceries,https://cdn.mycart.pk/media/catalog/product/cache/1/small_image/200x/17f82f742ffe127f42dca9de82fb58b1/_/0/_00659_2.jpg,,,961
324,Shan Biryani - 45gm,,165,,Groceries,https://cdn.mycart.pk/media/catalog/product/cache/1/small_image/200x/17f82f742ffe127f42dca9de82fb58b1/_/0/_05295_2.jpg,,,964
325,Shan Bihari Kabab - 50gm,,165,,Groceries,https://cdn.mycart.pk/media/catalog/product/cache/1/small_image/200x/17f82f742ffe127f42dca9de82fb58b1/7/8/788821151254.jpg,,,967
326,Shan Achar Gosht Paste - 310gm,,360,,Groceries,https://cdn.mycart.pk/media/catalog/product/cache/1/small_image/200x/17f82f742ffe127f42dca9de82fb58b1/_/0/_00975_2.jpg,,,970
327,Shan Achar Gosht - 50gm,,165,,Groceries,https://cdn.mycart.pk/media/catalog/product/cache/1/small_image/200x/17f82f742ffe127f42dca9de82fb58b1/_/0/_00601_2.jpg,,,973
328,Shan Achar Gosht - 100gm,,165,,Groceries,https://cdn.mycart.pk/media/catalog/product/cache/1/small_image/200x/17f82f742ffe127f42dca9de82fb58b1/_/0/_00671_2.jpg,,,976
329,Shahenshah Tota Broken Basmati Rice - 5kg,,1145,,Groceries,https://cdn.mycart.pk/media/catalog/product/cache/1/small_image/200x/17f82f742ffe127f42dca9de82fb58b1/0/0/002.png,,,979
330,Shahenshah Supreme Super Basmati Rice - 5kg,,2300,,Groceries,https://cdn.mycart.pk/media/catalog/product/cache/1/small_image/200x/17f82f742ffe127f42dca9de82fb58b1/0/0/006.png,,,982
331,Shahenshah Supreme Super Basmati Rice - 1kg,,430,,Groceries,https://cdn.mycart.pk/media/catalog/product/cache/1/small_image/200x/17f82f742ffe127f42dca9de82fb58b1/_/1/_15451.png,,,985
332,Shahenshah Super Star 1121 Rice - 5kg,,2400,,Groceries,https://cdn.mycart.pk/media/catalog/product/cache/1/small_image/200x/17f82f742ffe127f42dca9de82fb58b1/0/0/007.png,,,988
333,Shahenshah Super Star 1121 Rice - 1kg,,480,,Groceries,https://cdn.mycart.pk/media/catalog/product/cache/1/small_image/200x/17f82f742ffe127f42dca9de82fb58b1/_/1/_15453.png,,,991
334,Shahenshah Special Best Quality Rice - 5kg,,1780,,Groceries,https://cdn.mycart.pk/media/catalog/product/cache/1/small_image/200x/17f82f742ffe127f42dca9de82fb58b1/s/h/shahenshah_special_best_quality_rice_5kg.jpg,,,994
335,Shahenshah Special Best Quality Rice - 1kg,,360,,Groceries,https://cdn.mycart.pk/media/catalog/product/cache/1/small_image/200x/17f82f742ffe127f42dca9de82fb58b1/_/1/_15455.png,,,997
336,Shahenshah Ponia Broken Basmati Rice - 5kg,,1340,,Groceries,https://cdn.mycart.pk/media/catalog/product/cache/1/small_image/200x/17f82f742ffe127f42dca9de82fb58b1/0/0/003.png,,,1000
337,Shahenshah Bachat Long Grain Rice - 5kg,,1420,,Groceries,https://cdn.mycart.pk/media/catalog/product/cache/1/small_image/200x/17f82f742ffe127f42dca9de82fb58b1/0/0/001.png,,,1003
338,Shahenshah Anmol Super Kernal Basmati Rice - 5kg,,1960,,Groceries,https://cdn.mycart.pk/media/catalog/product/cache/1/small_image/200x/17f82f742ffe127f42dca9de82fb58b1/0/0/005.png,,,1006
339,Semolina Suji - 500gm,,170,,Groceries,https://cdn.mycart.pk/media/catalog/product/cache/1/small_image/200x/17f82f742ffe127f42dca9de82fb58b1/s/e/semolina_suji_500g.jpg,,,1009
340,Seasons Corn Oil Bottle - 4.5Ltr,,3300,,Groceries,https://cdn.mycart.pk/media/catalog/product/cache/1/small_image/200x/17f82f742ffe127f42dca9de82fb58b1/8/9/8964000069202.jpg,,,1012
341,Seasons Cooking Oil - 16Ltr,,9300,,Groceries,https://cdn.mycart.pk/media/catalog/product/cache/1/small_image/200x/17f82f742ffe127f42dca9de82fb58b1/1/0/1040333-1.jpg,,,1015
342,Seasons Canola Oil Bottle - 4.5Ltr,,2740,,Groceries,https://cdn.mycart.pk/media/catalog/product/cache/1/small_image/200x/17f82f742ffe127f42dca9de82fb58b1/i/m/image304.jpg,,,1018
343,Seasons Canola Oil Bottle - 3Ltr,,1800,,Groceries,https://cdn.mycart.pk/media/catalog/product/cache/1/small_image/200x/17f82f742ffe127f42dca9de82fb58b1/8/9/8964000069042.jpg,,,1021
344,Seasons Canola Oil - 1Ltr,,610,,Groceries,https://cdn.mycart.pk/media/catalog/product/cache/1/small_image/200x/17f82f742ffe127f42dca9de82fb58b1/f/i/file.jpg,,,1024
345,Seasons Canola Can - 10Ltr,,5810,,Groceries,https://cdn.mycart.pk/media/catalog/product/cache/1/small_image/200x/17f82f742ffe127f42dca9de82fb58b1/8/9/8964000069059.jpg,,,1027
346,Santan Coconut Milk Powder - 50gm,,285,,Groceries,https://cdn.mycart.pk/media/catalog/product/cache/1/small_image/200x/17f82f742ffe127f42dca9de82fb58b1/_/0/_07583.jpg,,,1030
347,Santan Coconut Milk Powder - 300gm,,1255,,Groceries,https://cdn.mycart.pk/media/catalog/product/cache/1/small_image/200x/17f82f742ffe127f42dca9de82fb58b1/9/5/9556181040010.jpg,,,1033
348,Samyang Jjajang Hot Chicken Flavor Ramen Noodle - 140gm,,500,,Groceries,https://cdn.mycart.pk/media/catalog/product/cache/1/small_image/200x/17f82f742ffe127f42dca9de82fb58b1/1/1/1179286-1.jpg,,,1036
349,Samyang Hot Chicken Flavor Ramen Noodle Stir Fried - 140gm,,500,,Groceries,https://cdn.mycart.pk/media/catalog/product/cache/1/small_image/200x/17f82f742ffe127f42dca9de82fb58b1/1/1/1177118-1.jpg,,,1039
350,Samyang Cheese Hot Chicken Flavor Ramen Noodle Stir Fried - 140g,,500,,Groceries,https://cdn.mycart.pk/media/catalog/product/cache/1/small_image/200x/17f82f742ffe127f42dca9de82fb58b1/8/8/880107311331.jpg,,,1042
351,Samyang 2X Spicy Hot Chicken Flavor Ramen Noodle - 140gm,,500,,Groceries,https://cdn.mycart.pk/media/catalog/product/cache/1/small_image/200x/17f82f742ffe127f42dca9de82fb58b1/d/_/d_2.jpg,,,1045
352,Sabroso Zesty Fillet Economy Pack - 550gm,,1130,,Groceries,https://cdn.mycart.pk/media/catalog/product/cache/1/small_image/200x/17f82f742ffe127f42dca9de82fb58b1/8/9/8964001541080.jpg,,,1048
353,Sabroso Wingers Economy Pack - 600gm,,899,,Groceries,https://cdn.mycart.pk/media/catalog/product/cache/1/small_image/200x/17f82f742ffe127f42dca9de82fb58b1/8/9/8964001542292.jpg,,,1051
354,Sabroso Shami Kabab Economy Pack - 600gm,,1150,,Groceries,https://cdn.mycart.pk/media/catalog/product/cache/1/small_image/200x/17f82f742ffe127f42dca9de82fb58b1/8/9/8964001541226.jpg,,,1054
355,Sabroso Shahi Tikka Economy Pack - 500gm,,1150,,Groceries,https://cdn.mycart.pk/media/catalog/product/cache/1/small_image/200x/17f82f742ffe127f42dca9de82fb58b1/8/9/8964001541165.jpg,,,1057
356,Sabroso Seekh Kabab Economy Pack - 540g,,1150,,Groceries,https://cdn.mycart.pk/media/catalog/product/cache/1/small_image/200x/17f82f742ffe127f42dca9de82fb58b1/8/9/8964001541240.jpg,,,1060
357,Sabroso Premium Boti Cut - 1kg,,940,,Groceries,https://cdn.mycart.pk/media/catalog/product/cache/1/small_image/200x/17f82f742ffe127f42dca9de82fb58b1/8/9/8964001542025.jpg,,,1063
358,Sabroso Nuggets Standard Pack - 270gm,,505,,Groceries,https://cdn.mycart.pk/media/catalog/product/cache/1/small_image/200x/17f82f742ffe127f42dca9de82fb58b1/8/9/8964001541028.jpg,,,1066
359,Sabroso Nuggets Economy Pack - 820gm,,1115,,Groceries,https://cdn.mycart.pk/media/catalog/product/cache/1/small_image/200x/17f82f742ffe127f42dca9de82fb58b1/8/9/8964001541035.jpg,,,1069
360,Sabroso Kofta Economy Pack - 800gm,,1265,,Groceries,https://cdn.mycart.pk/media/catalog/product/cache/1/small_image/200x/17f82f742ffe127f42dca9de82fb58b1/8/9/8964001541189.jpg,,,1072
361,Sabroso Gola Kabab Economy Pack - 515gm,,1150,,Groceries,https://cdn.mycart.pk/media/catalog/product/cache/1/small_image/200x/17f82f742ffe127f42dca9de82fb58b1/8/9/8964001541127.jpg,,,1075
362,Sabroso Drumstick - 1kg,,760,,Groceries,https://cdn.mycart.pk/media/catalog/product/cache/1/small_image/200x/17f82f742ffe127f42dca9de82fb58b1/8/9/8964001542001.jpg,,,1078
363,Sabroso Crispy Poppers Standard Pack - 250gm,,485,,Groceries,https://cdn.mycart.pk/media/catalog/product/cache/1/small_image/200x/17f82f742ffe127f42dca9de82fb58b1/8/9/8964001541134.jpg,,,1081
364,Sabroso Crispy Poppers Economy Pack - 630gm,,1010,,Groceries,https://cdn.mycart.pk/media/catalog/product/cache/1/small_image/200x/17f82f742ffe127f42dca9de82fb58b1/8/9/8964001541141.jpg,,,1084
365,Sabroso Crispy Burger Patty Economy Pack - 1kg,,1345,,Groceries,https://cdn.mycart.pk/media/catalog/product/cache/1/small_image/200x/17f82f742ffe127f42dca9de82fb58b1/8/9/8964001541073.jpg,,,1087
366,Sabroso Crispy Burger Patty - 500gm,,699,,Groceries,https://cdn.mycart.pk/media/catalog/product/cache/1/small_image/200x/17f82f742ffe127f42dca9de82fb58b1/8/9/8964001541066.jpg,,,1090
367,Sabroso Chunky Bites - 500gm,,920,,Groceries,https://cdn.mycart.pk/media/catalog/product/cache/1/small_image/200x/17f82f742ffe127f42dca9de82fb58b1/8/9/8964001541158.jpg,,,1093
368,Sabroso Chicken Tikka Leg Standard Pack - 380gm,,490,,Groceries,https://cdn.mycart.pk/media/catalog/product/cache/1/small_image/200x/17f82f742ffe127f42dca9de82fb58b1/8/9/8964001542278.jpg,,,1096
369,Sabroso Chicken Tikka Leg Economy Pack - 760gm,,1200,,Groceries,https://cdn.mycart.pk/media/catalog/product/cache/1/small_image/200x/17f82f742ffe127f42dca9de82fb58b1/8/9/8964001542285.jpg,,,1099
370,Sabroso Chicken Samosa Standard - 500gm,,775,,Groceries,https://cdn.mycart.pk/media/catalog/product/cache/1/small_image/200x/17f82f742ffe127f42dca9de82fb58b1/8/9/8964001541257.jpg,,,1102
371,Sabroso Chicken Pakora Economy Pack - 400gm,,645,,Groceries,https://cdn.mycart.pk/media/catalog/product/cache/1/small_image/200x/17f82f742ffe127f42dca9de82fb58b1/8/9/8964001541271.jpg,,,1105
372,Sabroso Chicken Donut Standard Pack - 310gm,,570,,Groceries,https://cdn.mycart.pk/media/catalog/product/cache/1/small_image/200x/17f82f742ffe127f42dca9de82fb58b1/8/9/8964001541097.jpg,,,1108
373,Sabroso Chicken Donut Economy Pack - 780gm,,1140,,Groceries,https://cdn.mycart.pk/media/catalog/product/cache/1/small_image/200x/17f82f742ffe127f42dca9de82fb58b1/8/9/8964001541103.jpg,,,1111
374,Sabroso Chicken Boneless Handi - 500gm,,570,,Groceries,https://cdn.mycart.pk/media/catalog/product/cache/1/small_image/200x/17f82f742ffe127f42dca9de82fb58b1/8/9/8964001542063.jpg,,,1114
375,Sabroso Chicken Boneless Breast - 500gm,,695,,Groceries,https://cdn.mycart.pk/media/catalog/product/cache/1/small_image/200x/17f82f742ffe127f42dca9de82fb58b1/8/9/8964001542049.jpg,,,1117
376,Sabroso Chapli Kabab Economy Pack - 740gm,,1070,,Groceries,https://cdn.mycart.pk/media/catalog/product/cache/1/small_image/200x/17f82f742ffe127f42dca9de82fb58b1/8/9/8964001541202.jpg,,,1120
377,Sabroso Burger Patties Standard Pack - 370gm,,520,,Groceries,https://cdn.mycart.pk/media/catalog/product/cache/1/small_image/200x/17f82f742ffe127f42dca9de82fb58b1/8/9/8964001541042.jpg,,,1123
378,Sabroso Burger Patties Economy Pack - 1kg,,1325,,Groceries,https://cdn.mycart.pk/media/catalog/product/cache/1/small_image/200x/17f82f742ffe127f42dca9de82fb58b1/8/9/8964001541059.jpg,,,1126
379,Sabroso Aqua Buddies Standard Pack - 270gm,,515,,Groceries,https://cdn.mycart.pk/media/catalog/product/cache/1/small_image/200x/17f82f742ffe127f42dca9de82fb58b1/8/9/8964001541004.jpg,,,1129
380,Sabroso Aqua Buddies - 780gm,,1035,,Groceries,https://cdn.mycart.pk/media/catalog/product/cache/1/small_image/200x/17f82f742ffe127f42dca9de82fb58b1/8/9/8964001541001.jpg,,,1132
381,Rossmoor Yeast Sachet (Pack Of 3) -11gm,,150,,Groceries,https://cdn.mycart.pk/media/catalog/product/cache/1/small_image/200x/17f82f742ffe127f42dca9de82fb58b1/_/0/_019431.jpg,,,1135
382,Rossmoor Oregano Leaves - 10gm,,150,,Groceries,https://cdn.mycart.pk/media/catalog/product/cache/1/small_image/200x/17f82f742ffe127f42dca9de82fb58b1/r/o/rossmoor20oregano20leaves201020gm.jpg,,,1138
383,Rossmoor Mustard Powder - 100gm,,135,,Groceries,https://cdn.mycart.pk/media/catalog/product/cache/1/small_image/200x/17f82f742ffe127f42dca9de82fb58b1/_/0/_09173_1.jpg,,,1141
384,Rossmoor Mustard Paste - 226gm,,425,,Groceries,https://cdn.mycart.pk/media/catalog/product/cache/1/small_image/200x/17f82f742ffe127f42dca9de82fb58b1/_/0/_08915.gif,,,1144
385,Rossmoor Mustard Paste - 165gm,,345,,Groceries,https://cdn.mycart.pk/media/catalog/product/cache/1/small_image/200x/17f82f742ffe127f42dca9de82fb58b1/_/0/_09741.gif,,,1147
386,Rossmoor Instant Yeast Sachet -11gm,,55,,Groceries,https://cdn.mycart.pk/media/catalog/product/cache/1/small_image/200x/17f82f742ffe127f42dca9de82fb58b1/6/0/6060742000212.jpg,,,1150
387,Rossmoor Baking Powder - 100gm,,135,,Groceries,https://cdn.mycart.pk/media/catalog/product/cache/1/small_image/200x/17f82f742ffe127f42dca9de82fb58b1/_/0/_00953.jpg,,,1153
388,Rite Salt - 70gm,,60,,Groceries,https://cdn.mycart.pk/media/catalog/product/cache/1/small_image/200x/17f82f742ffe127f42dca9de82fb58b1/8/9/8964000192061.jpg,,,1156
389,Rite Salt - 450gm,,180,,Groceries,https://cdn.mycart.pk/media/catalog/product/cache/1/small_image/200x/17f82f742ffe127f42dca9de82fb58b1/8/9/8964000192054.jpg,,,1159
390,Reggia Pasta Penne Ziti Rigate 34 - 500gm,,435,,Groceries,https://cdn.mycart.pk/media/catalog/product/cache/1/small_image/200x/17f82f742ffe127f42dca9de82fb58b1/p/a/pasta_reggia_500g.jpg,,,1162
391,Reggia Pasta Linguine 05 - 500gm,,510,,Groceries,https://cdn.mycart.pk/media/catalog/product/cache/1/small_image/200x/17f82f742ffe127f42dca9de82fb58b1/6/3/6373d8f0b3b83e25d83c2f5c_61a3a1f365af7a82e4e312d1_reggia_linguini.jpg,,,1165
392,Reem Super Basmati - 5kg,,1960,,Groceries,https://cdn.mycart.pk/media/catalog/product/cache/1/small_image/200x/17f82f742ffe127f42dca9de82fb58b1/r/e/reem_super_basmati_5kg.jpg,,,1168
393,Reem Super Basmati - 1kg,,392,,Groceries,https://cdn.mycart.pk/media/catalog/product/cache/1/small_image/200x/17f82f742ffe127f42dca9de82fb58b1/r/e/reem_super_basmati_1kg.jpg,,,1171
394,Reem Ka Steam 3x Extra Long Steamed Basmati Rice - 5kg,,2700,,Groceries,https://cdn.mycart.pk/media/catalog/product/cache/1/small_image/200x/17f82f742ffe127f42dca9de82fb58b1/r/e/reem_ka_steam_3x_extra_long_steamed_basmati_rice_5kg.jpg,,,1174
395,Reem Ka Steam 3x Extra Long Steamed Basmati Rice - 1kg,,540,,Groceries,https://cdn.mycart.pk/media/catalog/product/cache/1/small_image/200x/17f82f742ffe127f42dca9de82fb58b1/r/e/reem_ka_steam_3x_extra_long_steamed_basmati_rice_1kg.jpg,,,1177
396,Reem Ka Steam 2x Steamed Basmati Rice - 5kg,,2250,,Groceries,https://cdn.mycart.pk/media/catalog/product/cache/1/small_image/200x/17f82f742ffe127f42dca9de82fb58b1/r/e/reem_ka_steam_2x_steamed_basmati_rice_5kg.jpg,,,1180
397,Reem Ka Steam 2.5x Super Steamed Basmati Rice - 5kg,,2400,,Groceries,https://cdn.mycart.pk/media/catalog/product/cache/1/small_image/200x/17f82f742ffe127f42dca9de82fb58b1/r/e/reem_ka_steam_2.5x_super_steamed_basmati_rice_5kg.jpg,,,1183
398,Reem Ka Steam 2.5x Super Steamed Basmati Rice - 1kg,,460,,Groceries,https://cdn.mycart.pk/media/catalog/product/cache/1/small_image/200x/17f82f742ffe127f42dca9de82fb58b1/r/e/reem_ka_steam_2.5x_super_steamed_basmati_rice_1kg.jpg,,,1186
399,Reem Ka Sella - 5kg,,2045,,Groceries,https://cdn.mycart.pk/media/catalog/product/cache/1/small_image/200x/17f82f742ffe127f42dca9de82fb58b1/r/e/reem_ka_sella_5kg.jpg,,,1189
400,Reem Ka Sella - 1kg,,420,,Groceries,https://cdn.mycart.pk/media/catalog/product/cache/1/small_image/200x/17f82f742ffe127f42dca9de82fb58b1/r/e/reem_ka_sella_1kg.jpg,,,1192
401,Reem Awami - 5Kg,,1350,,Groceries,https://cdn.mycart.pk/media/catalog/product/cache/1/small_image/200x/17f82f742ffe127f42dca9de82fb58b1/r/e/reem_awami_5kg.jpg,,,1195
402,Reem Awami - 1kg,,280,,Groceries,https://cdn.mycart.pk/media/catalog/product/cache/1/small_image/200x/17f82f742ffe127f42dca9de82fb58b1/r/e/reem_awami_1kg.jpg,,,1198
403,Red Lobia (Big) - 500gm,,390,,Groceries,https://cdn.mycart.pk/media/catalog/product/cache/1/small_image/200x/17f82f742ffe127f42dca9de82fb58b1/l/a/laal-lobia.png,,,1201
404,Red Chilli Whole - 250gm,,225,,Groceries,https://cdn.mycart.pk/media/catalog/product/cache/1/small_image/200x/17f82f742ffe127f42dca9de82fb58b1/c/h/chilli.jpg,,,1204
405,Red Chilli Whole - 200gm,,180,,Groceries,https://cdn.mycart.pk/media/catalog/product/cache/1/small_image/200x/17f82f742ffe127f42dca9de82fb58b1/r/e/red_chilli_whole_200g.jpg,,,1207
406,Red Chilli Whole - 100gm,,165,,Groceries,https://cdn.mycart.pk/media/catalog/product/cache/1/small_image/200x/17f82f742ffe127f42dca9de82fb58b1/r/e/red_chilli_whole_250g.jpg,,,1210
407,Red Chilli Powder - 50gm,,55,,Groceries,https://cdn.mycart.pk/media/catalog/product/cache/1/small_image/200x/17f82f742ffe127f42dca9de82fb58b1/r/e/red_chilli_powder_250g_1.gif,,,1213
408,Red Chilli Powder - 250gm,,200,,Groceries,https://cdn.mycart.pk/media/catalog/product/cache/1/small_image/200x/17f82f742ffe127f42dca9de82fb58b1/l/a/lal_mirch_powder_250g.jpg,,,1216
409,Red Chilli Crushed - 500gm,,420,,Groceries,https://cdn.mycart.pk/media/catalog/product/cache/1/small_image/200x/17f82f742ffe127f42dca9de82fb58b1/_/1/_15463_1.png,,,1219
410,Real Fresh Water Chestnuts - 280gm,,1080,,Groceries,https://cdn.mycart.pk/media/catalog/product/cache/1/small_image/200x/17f82f742ffe127f42dca9de82fb58b1/r/e/real_fresh_water_chestnuts.jpg,,,1222
411,Razmin Worcestershire Sauce - 300ml,,999,,Groceries,https://cdn.mycart.pk/media/catalog/product/cache/1/small_image/200x/17f82f742ffe127f42dca9de82fb58b1/8/8/8850534100897.png,,,1225
412,Razmin Whole Kernel Corn - 410gm,,510,,Groceries,https://cdn.mycart.pk/media/catalog/product/cache/1/small_image/200x/17f82f742ffe127f42dca9de82fb58b1/8/8/8858808983184.png,,,1228
413,Razmin Sweet Chilli Sauce - 300ml,,580,,Groceries,https://cdn.mycart.pk/media/catalog/product/cache/1/small_image/200x/17f82f742ffe127f42dca9de82fb58b1/8/8/8850534100880.png,,,1231
414,Razmin Superior Dark Soy Sauce - 250ml,,700,,Groceries,https://cdn.mycart.pk/media/catalog/product/cache/1/small_image/200x/17f82f742ffe127f42dca9de82fb58b1/6/9/6970606997353.png,,,1234
415,Razmin Cream Style Corn,,580,,Groceries,https://cdn.mycart.pk/media/catalog/product/cache/1/small_image/200x/17f82f742ffe127f42dca9de82fb58b1/8/8/8858808903090.png,,,1237
416,RAMADAN Rashan Bag - 3,,7999,,Groceries,https://cdn.mycart.pk/media/catalog/product/cache/1/small_image/200x/17f82f742ffe127f42dca9de82fb58b1/r/a/rashan-pack-bundle2_4.png,,,1240
417,RAMADAN Rashan Bag - 2,,5655,,Groceries,https://cdn.mycart.pk/media/catalog/product/cache/1/small_image/200x/17f82f742ffe127f42dca9de82fb58b1/r/a/rashan-pack-bundle1_4.png,,,1243
418,RAMADAN Rashan Bag - 1,,3555,,Groceries,https://cdn.mycart.pk/media/catalog/product/cache/1/small_image/200x/17f82f742ffe127f42dca9de82fb58b1/r/a/rashan-pack-bundle1_3.png,,,1246
419,Rafhan Pudding Egg - 78gm,,170,,Groceries,https://cdn.mycart.pk/media/catalog/product/cache/1/small_image/200x/17f82f742ffe127f42dca9de82fb58b1/r/a/rafhan_pudding_egg_78g.jpg,,,1249
420,Rafhan Cornflour - 275gm,,175,,Groceries,https://cdn.mycart.pk/media/catalog/product/cache/1/small_image/200x/17f82f742ffe127f42dca9de82fb58b1/8/9/8961014016772.jpg,,,1252
421,Rafhan Corn Oil Tin - 3Ltr,,3500,,Groceries,https://cdn.mycart.pk/media/catalog/product/cache/1/small_image/200x/17f82f742ffe127f42dca9de82fb58b1/_/0/_03539_1.jpg,,,1255
422,Rafhan Corn Oil Tin - 10Ltr,,9500,,Groceries,https://cdn.mycart.pk/media/catalog/product/cache/1/small_image/200x/17f82f742ffe127f42dca9de82fb58b1/_/0/_05567.jpg,,,1258
423,Rafhan Corn Oil - 5Ltr,,5150,,Groceries,https://cdn.mycart.pk/media/catalog/product/cache/1/small_image/200x/17f82f742ffe127f42dca9de82fb58b1/a/s/asfas.jpg,,,1261
424,Rafhan Corn Oil - 3ltr,,3200,,Groceries,https://cdn.mycart.pk/media/catalog/product/cache/1/small_image/200x/17f82f742ffe127f42dca9de82fb58b1/8/9/8961014011937_1.jpg,,,43
425,Rafhan Corn Oil - 1Ltr,,1299,,Groceries,https://cdn.mycart.pk/media/catalog/product/cache/1/small_image/200x/17f82f742ffe127f42dca9de82fb58b1/r/a/rafhan_corn_oil_1ltr.png,,,46
426,Puck Cream Cheese Spread - 910gm,,3330,,Groceries,https://cdn.mycart.pk/media/catalog/product/cache/1/small_image/200x/17f82f742ffe127f42dca9de82fb58b1/5/7/5760466738064_1.jpg,,,49
427,Puck Cream Cheese Spread - 500gm,,1975,,Groceries,https://cdn.mycart.pk/media/catalog/product/cache/1/small_image/200x/17f82f742ffe127f42dca9de82fb58b1/5/7/5760466738040.jpg,,,52
428,Puck Cream Cheese - 240gm,,1070,,Groceries,https://cdn.mycart.pk/media/catalog/product/cache/1/small_image/200x/17f82f742ffe127f42dca9de82fb58b1/5/7/5760466738095.jpg,,,55
429,Puck Cream Cheese - 140gm,,660,,Groceries,https://cdn.mycart.pk/media/catalog/product/cache/1/small_image/200x/17f82f742ffe127f42dca9de82fb58b1/5/7/5760466738088_1.jpg,,,58
430,Poppy Seed (Khas Khas) - 100gm,,140,,Groceries,https://cdn.mycart.pk/media/catalog/product/cache/1/small_image/200x/17f82f742ffe127f42dca9de82fb58b1/l/o/local_-_poppy_seed_khas_khas_50g.jpg,,,61
431,Pomegranate Seeds (Anardana) - 100gm,,145,,Groceries,https://cdn.mycart.pk/media/catalog/product/cache/1/small_image/200x/17f82f742ffe127f42dca9de82fb58b1/_/1/_10396.jpg,,,64
432,Polac Pineapple Broken Slices Tin - 565gm,,560,,Groceries,https://cdn.mycart.pk/media/catalog/product/cache/1/small_image/200x/17f82f742ffe127f42dca9de82fb58b1/_/1/_10421.jpg,,,67
433,Polac Fruit Cocktail Tin - 234gm,,320,,Groceries,https://cdn.mycart.pk/media/catalog/product/cache/1/small_image/200x/17f82f742ffe127f42dca9de82fb58b1/_/1/_10431.jpg,,,70
434,Polac Fruit Cocktail - 836gm,,899,,Groceries,https://cdn.mycart.pk/media/catalog/product/cache/1/small_image/200x/17f82f742ffe127f42dca9de82fb58b1/_/1/_15350.png,,,73
435,Plums (Aloo Bukhara) - 250gm,,325,,Groceries,https://cdn.mycart.pk/media/catalog/product/cache/1/small_image/200x/17f82f742ffe127f42dca9de82fb58b1/_/1/_10213_1.jpg,,,76
436,Plums (Aloo Bukhara) - 100gm,,150,,Groceries,https://cdn.mycart.pk/media/catalog/product/cache/1/small_image/200x/17f82f742ffe127f42dca9de82fb58b1/_/1/_10213.jpg,,,79
437,Pak Desi Ghee Polybag - 1kg,,2700,,Groceries,https://cdn.mycart.pk/media/catalog/product/cache/1/small_image/200x/17f82f742ffe127f42dca9de82fb58b1/p/a/pak_desi_ghee_1kg.png,,,82
438,Oregano Seed (Ajwain) - 50gm,,65,,Groceries,https://cdn.mycart.pk/media/catalog/product/cache/1/small_image/200x/17f82f742ffe127f42dca9de82fb58b1/_/1/_10219.jpg,,,85
439,Opa! Original Fries - 1kg,,885,,Groceries,https://cdn.mycart.pk/media/catalog/product/cache/1/small_image/200x/17f82f742ffe127f42dca9de82fb58b1/_/1/_15242.png,,,88
440,Opa! Chunky Fries - 1kg,,770,,Groceries,https://cdn.mycart.pk/media/catalog/product/cache/1/small_image/200x/17f82f742ffe127f42dca9de82fb58b1/_/1/_15242_1.png,,,91
441,Olper's Tarrka Desi Ghee Tin Pack - 1kg,,2750,,Groceries,https://cdn.mycart.pk/media/catalog/product/cache/1/small_image/200x/17f82f742ffe127f42dca9de82fb58b1/7/8/7860000100055.jpg,,,94
442,Nutmeg (Jaifal) - 50gm,,405,,Groceries,https://cdn.mycart.pk/media/catalog/product/cache/1/small_image/200x/17f82f742ffe127f42dca9de82fb58b1/_/1/_13614.jpg,,,97
443,Normal Atta - 5kg,,780,,Groceries,https://cdn.mycart.pk/media/catalog/product/cache/1/small_image/200x/17f82f742ffe127f42dca9de82fb58b1/n/o/nornal_atta.jpg,,,100
444,Normal Atta - 10kg,,1500,,Groceries,https://cdn.mycart.pk/media/catalog/product/cache/1/small_image/200x/17f82f742ffe127f42dca9de82fb58b1/n/o/nornal_atta_1.jpg,,,103
445,Nigella Seeds (Kalonji) - 100gm,,145,,Groceries,https://cdn.mycart.pk/media/catalog/product/cache/1/small_image/200x/17f82f742ffe127f42dca9de82fb58b1/_/1/_10207.jpg,,,106
446,New Lily and Co. Egg Noodle - 227gm,,180,,Groceries,https://cdn.mycart.pk/media/catalog/product/cache/1/small_image/200x/17f82f742ffe127f42dca9de82fb58b1/1/0/1017147-1.jpg,,,109
447,Nawab's Extra Virgin Mustard Oil - 200ml,,260,,Groceries,https://cdn.mycart.pk/media/catalog/product/cache/1/small_image/200x/17f82f742ffe127f42dca9de82fb58b1/n/a/nawab.jpg,,,112
448,Nature's Home Tomato Paste - 800gm,,560,,Groceries,https://cdn.mycart.pk/media/catalog/product/cache/1/small_image/200x/17f82f742ffe127f42dca9de82fb58b1/t/o/tomato_paste.jpg,,,115
449,Nature's Home Sweet Corn Whole Kernel - 380gm,,380,,Groceries,https://cdn.mycart.pk/media/catalog/product/cache/1/small_image/200x/17f82f742ffe127f42dca9de82fb58b1/6/9/6904232676764.jpg,,,118
450,Nature's Home Mushrooms Whole - 400gm,,415,,Groceries,https://cdn.mycart.pk/media/catalog/product/cache/1/small_image/200x/17f82f742ffe127f42dca9de82fb58b1/n/a/nature_s_home.png,,,121
451,Nature's Home Mushroom Sliced - 400gm,,430,,Groceries,https://cdn.mycart.pk/media/catalog/product/cache/1/small_image/200x/17f82f742ffe127f42dca9de82fb58b1/n/a/nature_home.jpg,,,124
452,National White Vinegar - 725gm,,260,,Groceries,https://cdn.mycart.pk/media/catalog/product/cache/1/small_image/200x/17f82f742ffe127f42dca9de82fb58b1/6/2/620514002712_2.jpg,,,127
453,National White Vinegar - 300ml,,130,,Groceries,https://cdn.mycart.pk/media/catalog/product/cache/1/small_image/200x/17f82f742ffe127f42dca9de82fb58b1/6/2/620514002729_2.jpg,,,130
454,National Vanilla Custard Powder - 120gm,,95,,Groceries,https://cdn.mycart.pk/media/catalog/product/cache/1/small_image/200x/17f82f742ffe127f42dca9de82fb58b1/6/2/620514006154_2.jpg,,,133
455,National Turmeric Powder - 50gm,,100,,Groceries,https://cdn.mycart.pk/media/catalog/product/cache/1/small_image/200x/17f82f742ffe127f42dca9de82fb58b1/n/a/national_-_national_spices_turmeric_powder_100g.jpg,,,136
456,National Tomato Ketchup Pouch - 400gm,,245,,Groceries,https://cdn.mycart.pk/media/catalog/product/cache/1/small_image/200x/17f82f742ffe127f42dca9de82fb58b1/1/0/1033787-rpl-1.png,,,139
457,National Tomato Ketchup Bottle - 800gm,,450,,Groceries,https://cdn.mycart.pk/media/catalog/product/cache/1/small_image/200x/17f82f742ffe127f42dca9de82fb58b1/_/0/_03435_2.jpg,,,142
458,National Tomato Ketchup - 300gm,,320,,Groceries,https://cdn.mycart.pk/media/catalog/product/cache/1/small_image/200x/17f82f742ffe127f42dca9de82fb58b1/_/0/_03441_2.jpg,,,145
459,National Tomato Ketchup - 3.25kg,,1295,,Groceries,https://cdn.mycart.pk/media/catalog/product/cache/1/small_image/200x/17f82f742ffe127f42dca9de82fb58b1/_/0/_04054_2.jpg,,,148
460,National Tomato Ketchup - 250gm,,190,,Groceries,https://cdn.mycart.pk/media/catalog/product/cache/1/small_image/200x/17f82f742ffe127f42dca9de82fb58b1/6/2/620514009476_2.jpg,,,151
461,National Tikka Boti - 40gm,,145,,Groceries,https://cdn.mycart.pk/media/catalog/product/cache/1/small_image/200x/17f82f742ffe127f42dca9de82fb58b1/_/0/_00433_2.jpg,,,154
462,National Tikka Boti - 100gm,,265,,Groceries,https://cdn.mycart.pk/media/catalog/product/cache/1/small_image/200x/17f82f742ffe127f42dca9de82fb58b1/2/0/20190822_153916.jpg,,,157
463,National Strawberry Custard Powder - 120gm,,95,,Groceries,https://cdn.mycart.pk/media/catalog/product/cache/1/small_image/200x/17f82f742ffe127f42dca9de82fb58b1/n/f/nf_strawberry_custard120gm.png,,,160
464,National Stawberry Custard Powder - 275gm,,190,,Groceries,https://cdn.mycart.pk/media/catalog/product/cache/1/small_image/200x/17f82f742ffe127f42dca9de82fb58b1/6/2/620514004761_2.jpg,,,163
465,National Spicy Mixed Pickle - 310gm,,320,,Groceries,https://cdn.mycart.pk/media/catalog/product/cache/1/small_image/200x/17f82f742ffe127f42dca9de82fb58b1/_/1/_15414.png,,,166
466,National Soy Sauce 800ml,,230,,Groceries,https://cdn.mycart.pk/media/catalog/product/cache/1/small_image/200x/17f82f742ffe127f42dca9de82fb58b1/8/0/800ml.jpg,,,169
467,National Sindhi Biryani - 41gm,,140,,Groceries,https://cdn.mycart.pk/media/catalog/product/cache/1/small_image/200x/17f82f742ffe127f42dca9de82fb58b1/n/f/nf_sindhi_biryani_41gm.jpg,,,172
468,National Shami Kabab - 50gm,,145,,Groceries,https://cdn.mycart.pk/media/catalog/product/cache/1/small_image/200x/17f82f742ffe127f42dca9de82fb58b1/n/f/nf_shami_kabab_50gm.png,,,175
469,National Seekh Kabab - 46gm,,145,,Groceries,https://cdn.mycart.pk/media/catalog/product/cache/1/small_image/200x/17f82f742ffe127f42dca9de82fb58b1/n/f/nf_seekh_kabab_46gm.jpg,,,178
470,National Salan Masala - 200gm,,340,,Groceries,https://cdn.mycart.pk/media/catalog/product/cache/1/small_image/200x/17f82f742ffe127f42dca9de82fb58b1/_/0/_00493_2.jpg,,,181
471,National Salan Masala - 100gm,,265,,Groceries,https://cdn.mycart.pk/media/catalog/product/cache/1/small_image/200x/17f82f742ffe127f42dca9de82fb58b1/n/a/national_-_national_recipes_salan_masala_100g.jpg,,,184
472,National Red Chilli Powder - 400gm,,660,,Groceries,https://cdn.mycart.pk/media/catalog/product/cache/1/small_image/200x/17f82f742ffe127f42dca9de82fb58b1/_/0/_00503_2.jpg,,,187
473,National Recipes Sindhi Biryani - 50gm,,145,,Groceries,https://cdn.mycart.pk/media/catalog/product/cache/1/small_image/200x/17f82f742ffe127f42dca9de82fb58b1/n/a/national_-_national_recipes_sindhi_biryani_50g.jpg,,,190
474,National Quorma - 43gm,,145,,Groceries,https://cdn.mycart.pk/media/catalog/product/cache/1/small_image/200x/17f82f742ffe127f42dca9de82fb58b1/n/a/national_-_national_recipes_quorma_masala_50g.jpg,,,193
475,National Quorma - 43gm,,145,,Groceries,https://cdn.mycart.pk/media/catalog/product/cache/1/small_image/200x/17f82f742ffe127f42dca9de82fb58b1/2/0/20190711_124058.jpg,,,196
476,National Quick Cook Haleem - 345gm,,380,,Groceries,https://cdn.mycart.pk/media/catalog/product/cache/1/small_image/200x/17f82f742ffe127f42dca9de82fb58b1/n/a/national_-_national_recipes_quick_cook_haleem_mix_-_345gm_1.jpg,,,199
477,National Qeema - 50gm,,145,,Groceries,https://cdn.mycart.pk/media/catalog/product/cache/1/small_image/200x/17f82f742ffe127f42dca9de82fb58b1/n/a/national_-_national_recipes_qeema_masala_50g_2.jpg,,,202
478,National Qeema - 45gm,,145,,Groceries,https://cdn.mycart.pk/media/catalog/product/cache/1/small_image/200x/17f82f742ffe127f42dca9de82fb58b1/m/c/mcp_2_.jpg,,,205
479,National Pulao Masala - 140gm,,265,,Groceries,https://cdn.mycart.pk/media/catalog/product/cache/1/small_image/200x/17f82f742ffe127f42dca9de82fb58b1/n/f/nf_pulao_140gm.png,,,208
480,National Pulao - 70gm,,145,,Groceries,https://cdn.mycart.pk/media/catalog/product/cache/1/small_image/200x/17f82f742ffe127f42dca9de82fb58b1/n/f/nf_pulao_70gm.jpg,,,211
481,National Paya - 39gm,,145,,Groceries,https://cdn.mycart.pk/media/catalog/product/cache/1/small_image/200x/17f82f742ffe127f42dca9de82fb58b1/n/f/nf_paya_39gm.jpg,,,214
482,National Mutton Biryani - 45gm,,145,,Groceries,https://cdn.mycart.pk/media/catalog/product/cache/1/small_image/200x/17f82f742ffe127f42dca9de82fb58b1/n/a/national_-_national_mutton_biryani_45g.jpg,,,217
483,National Murghi - 43gm,,145,,Groceries,https://cdn.mycart.pk/media/catalog/product/cache/1/small_image/200x/17f82f742ffe127f42dca9de82fb58b1/n/f/nf_murghi_masala_43gm.jpg,,,220
484,National Murghi - 100gm,,265,,Groceries,https://cdn.mycart.pk/media/catalog/product/cache/1/small_image/200x/17f82f742ffe127f42dca9de82fb58b1/n/a/national_-_national_recipes_murghi_masala_mix_economy_pack_-_100gm.jpg,,,223
485,National Mixed Pickle Pouch - 500gm,,350,,Groceries,https://cdn.mycart.pk/media/catalog/product/cache/1/small_image/200x/17f82f742ffe127f42dca9de82fb58b1/_/0/_05659_2_1.jpg,,,226
486,National Mixed Pickle Pouch - 180gm,,160,,Groceries,https://cdn.mycart.pk/media/catalog/product/cache/1/small_image/200x/17f82f742ffe127f42dca9de82fb58b1/6/2/620514008240.jpg,,,229
487,National Mixed Pickle Jar - 900gm,,600,,Groceries,https://cdn.mycart.pk/media/catalog/product/cache/1/small_image/200x/17f82f742ffe127f42dca9de82fb58b1/_/0/_01109_2.jpg,,,232
488,National Mixed Pickle - 320gm,,320,,Groceries,https://cdn.mycart.pk/media/catalog/product/cache/1/small_image/200x/17f82f742ffe127f42dca9de82fb58b1/_/0/_00893_2.jpg,,,235
489,National Mix Pickle Pouch - 1kg,,660,,Groceries,https://cdn.mycart.pk/media/catalog/product/cache/1/small_image/200x/17f82f742ffe127f42dca9de82fb58b1/_/0/_05651_2.jpg,,,238
490,National Mango Pickle Pouch - 500gm,,350,,Groceries,https://cdn.mycart.pk/media/catalog/product/cache/1/small_image/200x/17f82f742ffe127f42dca9de82fb58b1/_/0/_05657_2.jpg,,,241
491,National Mango Pickle Pouch - 1kg,,660,,Groceries,https://cdn.mycart.pk/media/catalog/product/cache/1/small_image/200x/17f82f742ffe127f42dca9de82fb58b1/_/0/_05649_2.jpg,,,244
492,National Mango Pickle Jar - 900gm,,600,,Groceries,https://cdn.mycart.pk/media/catalog/product/cache/1/small_image/200x/17f82f742ffe127f42dca9de82fb58b1/_/0/_01111_2.jpg,,,247
493,National Mango Pickle - 320gm,,320,,Groceries,https://cdn.mycart.pk/media/catalog/product/cache/1/small_image/200x/17f82f742ffe127f42dca9de82fb58b1/_/0/_00889_2.jpg,,,250
494,National Mango Custard Powder - 120gm,,95,,Groceries,https://cdn.mycart.pk/media/catalog/product/cache/1/small_image/200x/17f82f742ffe127f42dca9de82fb58b1/6/2/620514006178_2.jpg,,,253
495,National Kunna Masala - 40gm,,150,,Groceries,https://cdn.mycart.pk/media/catalog/product/cache/1/small_image/200x/17f82f742ffe127f42dca9de82fb58b1/6/2/620514013978_2.jpg,,,256
496,National Kofta - 50gm,,145,,Groceries,https://cdn.mycart.pk/media/catalog/product/cache/1/small_image/200x/17f82f742ffe127f42dca9de82fb58b1/n/a/national_-_national_recipes_kofta_50g.jpg,,,259
497,National Khatti Meethi Imli Sauce - 325gm,,210,,Groceries,https://cdn.mycart.pk/media/catalog/product/cache/1/small_image/200x/17f82f742ffe127f42dca9de82fb58b1/6/2/620514012018_2.jpg,,,262
498,National Kasuri Methi - 25gm,,60,,Groceries,https://cdn.mycart.pk/media/catalog/product/cache/1/small_image/200x/17f82f742ffe127f42dca9de82fb58b1/n/a/national_-_national_spices_kasuri_methi_leaves_25g.jpg,,,265
499,National Kasundi Mango Pickle - 320gm,,320,,Groceries,https://cdn.mycart.pk/media/catalog/product/cache/1/small_image/200x/17f82f742ffe127f42dca9de82fb58b1/_/1/_15416.png,,,268
500,National Karahi Gosht - 86gm,,265,,Groceries,https://cdn.mycart.pk/media/catalog/product/cache/1/small_image/200x/17f82f742ffe127f42dca9de82fb58b1/n/f/nf_karahi_gosht_94gm.jpg,,,271
501,National Karahi Gosht - 47gm,,145,,Groceries,https://cdn.mycart.pk/media/catalog/product/cache/1/small_image/200x/17f82f742ffe127f42dca9de82fb58b1/4/7/47.jpg,,,274
502,National Karachi Khaas Karahi Gosht - 43gm,,145,,Groceries,https://cdn.mycart.pk/media/catalog/product/cache/1/small_image/200x/17f82f742ffe127f42dca9de82fb58b1/n/f/nf_karahi_gosht_43gm.png,,,277
503,National Hyderabadi Mix Pickle Jar - 320gm,,320,,Groceries,https://cdn.mycart.pk/media/catalog/product/cache/1/small_image/200x/17f82f742ffe127f42dca9de82fb58b1/_/0/_00895_2.jpg,,,280
504,National Hyderabadi Mix Pickle Jar - 1kg,,680,,Groceries,https://cdn.mycart.pk/media/catalog/product/cache/1/small_image/200x/17f82f742ffe127f42dca9de82fb58b1/_/0/_01113_2_1.jpg,,,283
505,National Hot and Spicy Ketchup Pouch - 1kg,,435,,Groceries,https://cdn.mycart.pk/media/catalog/product/cache/1/small_image/200x/17f82f742ffe127f42dca9de82fb58b1/_/1/_13524.png,,,286
506,National Haleem - 43gm,,145,,Groceries,https://cdn.mycart.pk/media/catalog/product/cache/1/small_image/200x/17f82f742ffe127f42dca9de82fb58b1/n/f/nf_haleem_43gm.png,,,289
507,National Green Chilli Sauce - 300gm,,295,,Groceries,https://cdn.mycart.pk/media/catalog/product/cache/1/small_image/200x/17f82f742ffe127f42dca9de82fb58b1/6/2/620514001630_2.jpg,,,292
508,National Ginger Powder - 50gm,,145,,Groceries,https://cdn.mycart.pk/media/catalog/product/cache/1/small_image/200x/17f82f742ffe127f42dca9de82fb58b1/_/0/_00453_3.jpg,,,295
509,National Garlic Powder - 50gm,,150,,Groceries,https://cdn.mycart.pk/media/catalog/product/cache/1/small_image/200x/17f82f742ffe127f42dca9de82fb58b1/6/2/620514001692_2.jpg,,,298
510,National Garam Masala Powder - 25gm,,145,,Groceries,https://cdn.mycart.pk/media/catalog/product/cache/1/small_image/200x/17f82f742ffe127f42dca9de82fb58b1/6/2/620514001098_2.jpg,,,301
511,National Fish Masala - 50gm,,145,,Groceries,https://cdn.mycart.pk/media/catalog/product/cache/1/small_image/200x/17f82f742ffe127f42dca9de82fb58b1/n/f/nf_fish_masala_50gm.png,,,304
512,National Fish Fry - 80gm,,265,,Groceries,https://cdn.mycart.pk/media/catalog/product/cache/1/small_image/200x/17f82f742ffe127f42dca9de82fb58b1/n/f/nf_fish_masala_80gm.jpg,,,307
513,National Delhi Nihari - 56gm,,145,,Groceries,https://cdn.mycart.pk/media/catalog/product/cache/1/small_image/200x/17f82f742ffe127f42dca9de82fb58b1/n/f/nf_dehli_nihari_56gm.jpg,,,310
514,National Delhi Nihari - 112gm,,265,,Groceries,https://cdn.mycart.pk/media/catalog/product/cache/1/small_image/200x/17f82f742ffe127f42dca9de82fb58b1/n/f/nf_dehli_nihari_112gm.jpg,,,313
515,National Daighi Danedar Haleem - 293gm,,350,,Groceries,https://cdn.mycart.pk/media/catalog/product/cache/1/small_image/200x/17f82f742ffe127f42dca9de82fb58b1/n/f/nf_daighi_danedar_haleem_293gm.jpg,,,316
516,National Cumin Seeds - 50gm,,280,,Groceries,https://cdn.mycart.pk/media/catalog/product/cache/1/small_image/200x/17f82f742ffe127f42dca9de82fb58b1/n/a/national_-_national_cumin_seeds_-_50gm.jpg,,,319
517,National Cumin Powder - 50gm,,280,,Groceries,https://cdn.mycart.pk/media/catalog/product/cache/1/small_image/200x/17f82f742ffe127f42dca9de82fb58b1/n/a/national_-_national_cumin_powder_50g.jpg,,,322
518,National Crushed Pickle Mixed In Oil - 750gm,,680,,Groceries,https://cdn.mycart.pk/media/catalog/product/cache/1/small_image/200x/17f82f742ffe127f42dca9de82fb58b1/1/2/1200146-1_1_.jpg,,,325
519,National Cornflour - 250gm,,190,,Groceries,https://cdn.mycart.pk/media/catalog/product/cache/1/small_image/200x/17f82f742ffe127f42dca9de82fb58b1/_/0/_00499_2.jpg,,,328
520,National Coriander Powder - 200gm,,320,,Groceries,https://cdn.mycart.pk/media/catalog/product/cache/1/small_image/200x/17f82f742ffe127f42dca9de82fb58b1/n/a/national_-_national_spices_coriander_powder_200g.jpg,,,331
521,National Coriander Powder - 100gm,,180,,Groceries,https://cdn.mycart.pk/media/catalog/product/cache/1/small_image/200x/17f82f742ffe127f42dca9de82fb58b1/n/a/national_-_national_spices_coriander_powder_100g.jpg,,,334
522,National Classic Mayo Thick and Creamy - 500ml,,390,,Groceries,https://cdn.mycart.pk/media/catalog/product/cache/1/small_image/200x/17f82f742ffe127f42dca9de82fb58b1/n/a/national-classic-mayo-thick-creamy-500ml.jpg,,,337
523,National Classic Mayo - 200gm,,200,,Groceries,https://cdn.mycart.pk/media/catalog/product/cache/1/small_image/200x/17f82f742ffe127f42dca9de82fb58b1/6/2/620514013206_2.jpg,,,340
524,National Classic Mayo - 1kg,,645,,Groceries,https://cdn.mycart.pk/media/catalog/product/cache/1/small_image/200x/17f82f742ffe127f42dca9de82fb58b1/6/2/620514013220_2.jpg,,,343
525,National Chinese Soy Sauce - 275ml,,180,,Groceries,https://cdn.mycart.pk/media/catalog/product/cache/1/small_image/200x/17f82f742ffe127f42dca9de82fb58b1/_/0/_04048_2.jpg,,,346
526,National Chinese Sauces Trio Pack (Pack of 3) - 300ml,,460,,Groceries,https://cdn.mycart.pk/media/catalog/product/cache/1/small_image/200x/17f82f742ffe127f42dca9de82fb58b1/_/1/_15434.png,,,349
527,National Chinese Chilli Sauce - 300ml,,220,,Groceries,https://cdn.mycart.pk/media/catalog/product/cache/1/small_image/200x/17f82f742ffe127f42dca9de82fb58b1/_/0/_05223_2.jpg,,,352
528,National Chilli Powder - 50gm,,110,,Groceries,https://cdn.mycart.pk/media/catalog/product/cache/1/small_image/200x/17f82f742ffe127f42dca9de82fb58b1/6/2/620514004747_2.jpg,,,355
529,National Chilli Pickle - 310gm,,320,,Groceries,https://cdn.mycart.pk/media/catalog/product/cache/1/small_image/200x/17f82f742ffe127f42dca9de82fb58b1/_/0/_00899_2.jpg,,,358
530,National Chilli Garlic Sauce Pouch - 800gm,,380,,Groceries,https://cdn.mycart.pk/media/catalog/product/cache/1/small_image/200x/17f82f742ffe127f42dca9de82fb58b1/_/0/_04059_2.jpg,,,361
531,National Chilli Garlic Sauce Pouch - 400gm,,230,,Groceries,https://cdn.mycart.pk/media/catalog/product/cache/1/small_image/200x/17f82f742ffe127f42dca9de82fb58b1/_/0/_05653_2.jpg,,,364
532,National Chilli Garlic Sauce - 800gm,,360,,Groceries,https://cdn.mycart.pk/media/catalog/product/cache/1/small_image/200x/17f82f742ffe127f42dca9de82fb58b1/_/1/_14382.png,,,367
533,National Chilli Garlic Sauce - 250gm,,190,,Groceries,https://cdn.mycart.pk/media/catalog/product/cache/1/small_image/200x/17f82f742ffe127f42dca9de82fb58b1/6/2/620514009490_2.jpg,,,370
534,National Chicken Tikka - 80gm,,265,,Groceries,https://cdn.mycart.pk/media/catalog/product/cache/1/small_image/200x/17f82f742ffe127f42dca9de82fb58b1/n/f/nf_checken_tikka_80gm.jpg,,,373
535,National Chicken Tikka - 50gm,,145,,Groceries,https://cdn.mycart.pk/media/catalog/product/cache/1/small_image/200x/17f82f742ffe127f42dca9de82fb58b1/n/a/national_-_national_recipes_chicken_tikka_masala_mix_50g.jpg,,,376
536,National Chicken Jalfrezi - 50gm,,145,,Groceries,https://cdn.mycart.pk/media/catalog/product/cache/1/small_image/200x/17f82f742ffe127f42dca9de82fb58b1/n/a/national_-_national_recipes_chicken_jalfrezi_-_40gm.jpg,,,379
537,National Chat Masala - 85gm,,190,,Groceries,https://cdn.mycart.pk/media/catalog/product/cache/1/small_image/200x/17f82f742ffe127f42dca9de82fb58b1/n/a/national_-_national_spices_chat_masala_-_100gm.jpg,,,382
538,National Chat Masala - 50gm,,130,,Groceries,https://cdn.mycart.pk/media/catalog/product/cache/1/small_image/200x/17f82f742ffe127f42dca9de82fb58b1/n/a/national_-_national_chaat_masala_50g.jpg,,,385
539,National Chappli Kabab - 100gm,,265,,Groceries,https://cdn.mycart.pk/media/catalog/product/cache/1/small_image/200x/17f82f742ffe127f42dca9de82fb58b1/n/a/national_-_national_recipes_chappli_kabab_-_100gm.jpg,,,388
540,National Chapli Kabab - 72gm,,140,,Groceries,https://cdn.mycart.pk/media/catalog/product/cache/1/small_image/200x/17f82f742ffe127f42dca9de82fb58b1/n/f/nf_chapli_kabab_72gm.jpg,,,391
541,National Broast - 97gm,,145,,Groceries,https://cdn.mycart.pk/media/catalog/product/cache/1/small_image/200x/17f82f742ffe127f42dca9de82fb58b1/n/f/nf_broast_97gm.jpg,,,394
542,National Bombay Biryani - 70gm,,140,,Groceries,https://cdn.mycart.pk/media/catalog/product/cache/1/small_image/200x/17f82f742ffe127f42dca9de82fb58b1/n/f/nf_bombay_biryani_70gm.png,,,397
543,National Bombay Biryani - 55gm,,145,,Groceries,https://cdn.mycart.pk/media/catalog/product/cache/1/small_image/200x/17f82f742ffe127f42dca9de82fb58b1/_/0/_00443_3.jpg,,,400
544,National Bombay Biryani - 140gm,,265,,Groceries,https://cdn.mycart.pk/media/catalog/product/cache/1/small_image/200x/17f82f742ffe127f42dca9de82fb58b1/n/f/nf_bombay_biryani_140gm.jpg,,,403
545,National Black Pepper Powder - 50gm,,200,,Groceries,https://cdn.mycart.pk/media/catalog/product/cache/1/small_image/200x/17f82f742ffe127f42dca9de82fb58b1/n/a/national_-_national_spices_black_pepper_50g.jpg,,,406
546,National Black Pepper Powder - 25gm,,120,,Groceries,https://cdn.mycart.pk/media/catalog/product/cache/1/small_image/200x/17f82f742ffe127f42dca9de82fb58b1/n/a/national_-_national_spices_black_pepper_50g_1.jpg,,,409
547,National Bihari Kabab - 50gm,,145,,Groceries,https://cdn.mycart.pk/media/catalog/product/cache/1/small_image/200x/17f82f742ffe127f42dca9de82fb58b1/n/a/national_-_national_recipes_bihari_kabab_-_50gm.jpg,,,412
548,National Banana Custard Powder - 120gm,,95,,Groceries,https://cdn.mycart.pk/media/catalog/product/cache/1/small_image/200x/17f82f742ffe127f42dca9de82fb58b1/6/2/620514006161_2.jpg,,,415
549,National Achar Gosht - 86gm,,269,,Groceries,https://cdn.mycart.pk/media/catalog/product/cache/1/small_image/200x/17f82f742ffe127f42dca9de82fb58b1/n/f/nf_achar_gosht_86gm.jpg,,,418
550,Nando's Peri-Peri Wild Herb Sauce - 250ml,,1300,,Groceries,https://cdn.mycart.pk/media/catalog/product/cache/1/small_image/200x/17f82f742ffe127f42dca9de82fb58b1/_/0/_02481_1.jpg,,,421
551,Nando's Peri-Peri Medium Sauce - 250gm,,1300,,Groceries,https://cdn.mycart.pk/media/catalog/product/cache/1/small_image/200x/17f82f742ffe127f42dca9de82fb58b1/_/0/_04042_1.jpg,,,424
552,Nando's Peri-Peri Hot Sauce - 250gm,,1300,,Groceries,https://cdn.mycart.pk/media/catalog/product/cache/1/small_image/200x/17f82f742ffe127f42dca9de82fb58b1/_/0/_02483_1.jpg,,,427
553,Nando's Peri-Peri Garlic Sauce - 250gm,,1300,,Groceries,https://cdn.mycart.pk/media/catalog/product/cache/1/small_image/200x/17f82f742ffe127f42dca9de82fb58b1/_/0/_02475_1.jpg,,,430
554,Nando's Peri-Peri Extra Hot Sauce - 250gm,,1300,,Groceries,https://cdn.mycart.pk/media/catalog/product/cache/1/small_image/200x/17f82f742ffe127f42dca9de82fb58b1/_/0/_04046_1.jpg,,,433
555,Mustard Seed - 100gm,,80,,Groceries,https://cdn.mycart.pk/media/catalog/product/cache/1/small_image/200x/17f82f742ffe127f42dca9de82fb58b1/_/1/_10220_1.jpg,,,436
556,Mundial Olive Pomace Oil Tin - 175ml,,800,,Groceries,https://cdn.mycart.pk/media/catalog/product/cache/1/small_image/200x/17f82f742ffe127f42dca9de82fb58b1/_/0/_03218.jpg,,,439
557,Mundial Olive Pomace Oil Bottle - 175ml,,800,,Groceries,https://cdn.mycart.pk/media/catalog/product/cache/1/small_image/200x/17f82f742ffe127f42dca9de82fb58b1/_/0/_07955.jpg,,,442
558,Mundial Olive Pomace Oil - 3Ltr,,8500,,Groceries,https://cdn.mycart.pk/media/catalog/product/cache/1/small_image/200x/17f82f742ffe127f42dca9de82fb58b1/_/0/_07946_1.jpg,,,445
559,Mundial Olive Oil Pomace Tin - 4Ltr,,10200,,Groceries,https://cdn.mycart.pk/media/catalog/product/cache/1/small_image/200x/17f82f742ffe127f42dca9de82fb58b1/8/4/8411356775825.jpg,,,448
560,Mundial Olive Oil Pomace Tin - 400ml,,1680,,Groceries,https://cdn.mycart.pk/media/catalog/product/cache/1/small_image/200x/17f82f742ffe127f42dca9de82fb58b1/1/0/1040337-1.jpg,,,451
561,Mundial Olive Oil Pomace Jar - 500ml,,1800,,Groceries,https://cdn.mycart.pk/media/catalog/product/cache/1/small_image/200x/17f82f742ffe127f42dca9de82fb58b1/m/u/mundial_olive_oil_pomace_jar_500ml.jpg,,,454
562,Mundial Olive Oil Pomace - 250ml,,1090,,Groceries,https://cdn.mycart.pk/media/catalog/product/cache/1/small_image/200x/17f82f742ffe127f42dca9de82fb58b1/m/u/mundial_olive_oil_pomace_250ml.jpg,,,457
563,Mundial Olive Oil Pomace - 1Ltr,,3120,,Groceries,https://cdn.mycart.pk/media/catalog/product/cache/1/small_image/200x/17f82f742ffe127f42dca9de82fb58b1/m/u/mundial_olive_oil_pomace_1ltr.jpg,,,460
564,Mundial Extra Virgin Olive Oil Tin - 3Ltr,,11800,,Groceries,https://cdn.mycart.pk/media/catalog/product/cache/1/small_image/200x/17f82f742ffe127f42dca9de82fb58b1/_/0/_07948.jpg,,,463
565,Mundial Extra Virgin Olive Oil Jar - 500ml,,3070,,Groceries,https://cdn.mycart.pk/media/catalog/product/cache/1/small_image/200x/17f82f742ffe127f42dca9de82fb58b1/_/0/_04961.jpg,,,466
566,Mundial Extra Virgin Olive Oil - 500ml,,3100,,Groceries,https://cdn.mycart.pk/media/catalog/product/cache/1/small_image/200x/17f82f742ffe127f42dca9de82fb58b1/m/u/mundial.jpg,,,469
567,Mundial Extra Virgin Olive Oil - 1Ltr,,4990,,Groceries,https://cdn.mycart.pk/media/catalog/product/cache/1/small_image/200x/17f82f742ffe127f42dca9de82fb58b1/m/u/mundial-olive-oil-extra-virgin-1-litre.png,,,472
568,Mundial Extra Virgin Olive Oil - 750ml,,2900,,Groceries,https://cdn.mycart.pk/media/catalog/product/cache/1/small_image/200x/17f82f742ffe127f42dca9de82fb58b1/m/u/mundial_extra_virgin_olive_oil_-_750ml.jpg,,,475
569,Mother Choice Icing Sugar - 300gm,,160,,Groceries,https://cdn.mycart.pk/media/catalog/product/cache/1/small_image/200x/17f82f742ffe127f42dca9de82fb58b1/_/0/_019427.jpg,,,478
570,Mother Choice Caster Sugar - 300gm,,160,,Groceries,https://cdn.mycart.pk/media/catalog/product/cache/1/small_image/200x/17f82f742ffe127f42dca9de82fb58b1/_/0/_019532.jpg,,,481
571,Mother Choice Brown Sugar - 300gm,,175,,Groceries,https://cdn.mycart.pk/media/catalog/product/cache/1/small_image/200x/17f82f742ffe127f42dca9de82fb58b1/_/0/_09169_1.jpg,,,484
572,Mon Salwa Plain Paratha (Pack of 5),,235,,Groceries,https://cdn.mycart.pk/media/catalog/product/cache/1/small_image/200x/17f82f742ffe127f42dca9de82fb58b1/_/1/_15471.png,,,487
573,Mon Salwa Lachhaydar Paratha (Pack of 20) - 1200gm,,745,,Groceries,https://cdn.mycart.pk/media/catalog/product/cache/1/small_image/200x/17f82f742ffe127f42dca9de82fb58b1/_/1/_14378.png,,,490
574,Mon Salwa Fish Fillet - 300gm,,520,,Groceries,https://cdn.mycart.pk/media/catalog/product/cache/1/small_image/200x/17f82f742ffe127f42dca9de82fb58b1/_/1/_14368.png,,,493
575,Mon Salwa Chicken Spring Roll 700g - (Pack Of 20),,1090,,Groceries,https://cdn.mycart.pk/media/catalog/product/cache/1/small_image/200x/17f82f742ffe127f42dca9de82fb58b1/c/h/chicken-spring-roll-1.jpg,,,496
576,Mon Salwa Chicken Shami Kabab (Pack of 16) - 576gm,,945,,Groceries,https://cdn.mycart.pk/media/catalog/product/cache/1/small_image/200x/17f82f742ffe127f42dca9de82fb58b1/_/1/_14362.png,,,499
577,Mon Salwa Chicken Seekh Kabab (Pack of 12) - 360gm,,755,,Groceries,https://cdn.mycart.pk/media/catalog/product/cache/1/small_image/200x/17f82f742ffe127f42dca9de82fb58b1/_/1/_14366.png,,,502
578,Mon Salwa Chicken Samosa (Pack of 30) - 480gm,,910,,Groceries,https://cdn.mycart.pk/media/catalog/product/cache/1/small_image/200x/17f82f742ffe127f42dca9de82fb58b1/2/0/20190220_160141.jpg,,,505
579,Mon Salwa Chicken Nuggets - 900gm,,1100,,Groceries,https://cdn.mycart.pk/media/catalog/product/cache/1/small_image/200x/17f82f742ffe127f42dca9de82fb58b1/_/1/_14360.png,,,508
580,Mon Salwa Chicken Kofta (Pack of 20) - 600gm,,930,,Groceries,https://cdn.mycart.pk/media/catalog/product/cache/1/small_image/200x/17f82f742ffe127f42dca9de82fb58b1/_/1/_14364.png,,,511
581,Mon Salwa Chicken Crispy Shots - 680gm,,1165,,Groceries,https://cdn.mycart.pk/media/catalog/product/cache/1/small_image/200x/17f82f742ffe127f42dca9de82fb58b1/m/o/mon_salwa_chicken_crispy_shots_680g_1.jpg,,,514
582,Mon Salwa Chicken Cheese Balls (Pack of 33) - 430gm,,765,,Groceries,https://cdn.mycart.pk/media/catalog/product/cache/1/small_image/200x/17f82f742ffe127f42dca9de82fb58b1/_/1/_14370.png,,,517
583,Mon Salwa Cheese Samosa (Pack of 20) - 340gm,,620,,Groceries,https://cdn.mycart.pk/media/catalog/product/cache/1/small_image/200x/17f82f742ffe127f42dca9de82fb58b1/_/1/_14372.png,,,520
584,Mitchell's Tomato Paste Tin - 850gm,,795,,Groceries,https://cdn.mycart.pk/media/catalog/product/cache/1/small_image/200x/17f82f742ffe127f42dca9de82fb58b1/_/0/_05227_1.jpg,,,523
585,Mitchell's Tomato Paste Tin - 450gm,,500,,Groceries,https://cdn.mycart.pk/media/catalog/product/cache/1/small_image/200x/17f82f742ffe127f42dca9de82fb58b1/_/0/_04017.jpg,,,526
586,Mitchell's Tomato Ketchup Glass Bottle - 825gm,,490,,Groceries,https://cdn.mycart.pk/media/catalog/product/cache/1/small_image/200x/17f82f742ffe127f42dca9de82fb58b1/_/0/_01099.jpg,,,529
587,Mitchell's Tomato Ketchup Glass Bottle - 300gm,,280,,Groceries,https://cdn.mycart.pk/media/catalog/product/cache/1/small_image/200x/17f82f742ffe127f42dca9de82fb58b1/_/0/_01107.jpg,,,532
588,Mitchell's Tomato Ketchup - 500gm,,285,,Groceries,https://cdn.mycart.pk/media/catalog/product/cache/1/small_image/200x/17f82f742ffe127f42dca9de82fb58b1/8/9/8961005060265_1.jpg,,,535
589,Mitchell's Tomato Ketchup - 1kg,,395,,Groceries,https://cdn.mycart.pk/media/catalog/product/cache/1/small_image/200x/17f82f742ffe127f42dca9de82fb58b1/8/9/8961005060203.jpg,,,538
590,Mitchell's Synthetic White Vinegar - 800ml,,230,,Groceries,https://cdn.mycart.pk/media/catalog/product/cache/1/small_image/200x/17f82f742ffe127f42dca9de82fb58b1/_/0/_01095.jpg,,,541
591,Mitchell's Synthetic White Vinegar - 310ml,,130,,Groceries,https://cdn.mycart.pk/media/catalog/product/cache/1/small_image/200x/17f82f742ffe127f42dca9de82fb58b1/_/0/_01343_3.jpg,,,544
592,Mitchell's Sweet Corn - 850gm,,700,,Groceries,https://cdn.mycart.pk/media/catalog/product/cache/1/small_image/200x/17f82f742ffe127f42dca9de82fb58b1/_/0/_01053.jpg,,,547
593,Mitchell's Sweet Corn - 450gm,,480,,Groceries,https://cdn.mycart.pk/media/catalog/product/cache/1/small_image/200x/17f82f742ffe127f42dca9de82fb58b1/_/0/_01071.jpg,,,550
594,Mitchell's Puree Tomato - 450gm,,525,,Groceries,https://cdn.mycart.pk/media/catalog/product/cache/1/small_image/200x/17f82f742ffe127f42dca9de82fb58b1/_/0/_01069.jpg,,,553
595,Mitchell's Mixed Pickle Jar - 1kg,,600,,Groceries,https://cdn.mycart.pk/media/catalog/product/cache/1/small_image/200x/17f82f742ffe127f42dca9de82fb58b1/_/0/_01047.jpg,,,556
596,Mitchell's Mixed Pickle - 360gm,,360,,Groceries,https://cdn.mycart.pk/media/catalog/product/cache/1/small_image/200x/17f82f742ffe127f42dca9de82fb58b1/8/9/8961005070035.jpg,,,559
597,Mitchell's Mango Pickle Kasundi - 360gm,,360,,Groceries,https://cdn.mycart.pk/media/catalog/product/cache/1/small_image/200x/17f82f742ffe127f42dca9de82fb58b1/_/0/_00831.jpg,,,562
598,Mitchell's Mango Pickle Jar - 1kg,,600,,Groceries,https://cdn.mycart.pk/media/catalog/product/cache/1/small_image/200x/17f82f742ffe127f42dca9de82fb58b1/_/0/_01049.jpg,,,565
599,Mitchell's Mango Pickle - 360gm,,360,,Groceries,https://cdn.mycart.pk/media/catalog/product/cache/1/small_image/200x/17f82f742ffe127f42dca9de82fb58b1/_/0/_00835.jpg,,,568
600,Mitchell's Imlee Sauce Glass Bottle - 300gm,,380,,Groceries,https://cdn.mycart.pk/media/catalog/product/cache/1/small_image/200x/17f82f742ffe127f42dca9de82fb58b1/_/0/_01105.jpg,,,571
601,Mitchell's Green Chilli Sauce Glass Bottle - 300gm,,280,,Groceries,https://cdn.mycart.pk/media/catalog/product/cache/1/small_image/200x/17f82f742ffe127f42dca9de82fb58b1/_/0/_01101.jpg,,,574
602,Mitchell's Green Chilli Pickle - 340gm,,360,,Groceries,https://cdn.mycart.pk/media/catalog/product/cache/1/small_image/200x/17f82f742ffe127f42dca9de82fb58b1/_/0/_00833.jpg,,,577
603,Mitchell's Garlic Sauce - 500gm,,285,,Groceries,https://cdn.mycart.pk/media/catalog/product/cache/1/small_image/200x/17f82f742ffe127f42dca9de82fb58b1/8/9/8961005060272.jpg,,,580
604,Mitchell's Garlic Pickle - 285gm,,360,,Groceries,https://cdn.mycart.pk/media/catalog/product/cache/1/small_image/200x/17f82f742ffe127f42dca9de82fb58b1/_/0/_00837.jpg,,,583
605,Mitchell's Garlic Paste - 320gm,,550,,Groceries,https://cdn.mycart.pk/media/catalog/product/cache/1/small_image/200x/17f82f742ffe127f42dca9de82fb58b1/m/i/mitchell_s_garlic_paste_-_320gm.jpg,,,586
606,Mitchell's Garlic Ginger Paste - 320gm,,550,,Groceries,https://cdn.mycart.pk/media/catalog/product/cache/1/small_image/200x/17f82f742ffe127f42dca9de82fb58b1/_/0/_00839.jpg,,,589
607,Mitchell's Garden Peas - 850gm,,570,,Groceries,https://cdn.mycart.pk/media/catalog/product/cache/1/small_image/200x/17f82f742ffe127f42dca9de82fb58b1/_/0/_01051.jpg,,,592
608,Mitchell's Garden Peas - 450gm,,400,,Groceries,https://cdn.mycart.pk/media/catalog/product/cache/1/small_image/200x/17f82f742ffe127f42dca9de82fb58b1/_/0/_01065.jpg,,,595
609,Mitchell's Chilli Garlic Sauce Glass Bottle - 300gm,,290,,Groceries,https://cdn.mycart.pk/media/catalog/product/cache/1/small_image/200x/17f82f742ffe127f42dca9de82fb58b1/_/0/_01103.jpg,,,598
610,Mitchell's Chilli Garlic Sauce Bottle - 825gm,,490,,Groceries,https://cdn.mycart.pk/media/catalog/product/cache/1/small_image/200x/17f82f742ffe127f42dca9de82fb58b1/_/0/_01097.jpg,,,601
611,Mitchell's Chilli Garlic Sauce - 1kg,,395,,Groceries,https://cdn.mycart.pk/media/catalog/product/cache/1/small_image/200x/17f82f742ffe127f42dca9de82fb58b1/8/9/8961005060227.jpeg,,,604
612,Mitchell's Chick Peas - 440gm,,525,,Groceries,https://cdn.mycart.pk/media/catalog/product/cache/1/small_image/200x/17f82f742ffe127f42dca9de82fb58b1/_/0/_01075.jpg,,,607
613,Mezan Sunflower Oil - 1Ltr,,650,,Groceries,https://cdn.mycart.pk/media/catalog/product/cache/1/small_image/200x/17f82f742ffe127f42dca9de82fb58b1/m/e/mezan_-_mezan_sunflower_oil_1l.jpg,,,610
614,Mezan Olivola Oil Bottle - 4.5Ltr,,3080,,Groceries,https://cdn.mycart.pk/media/catalog/product/cache/1/small_image/200x/17f82f742ffe127f42dca9de82fb58b1/1/1/1137872-2.jpg,,,613
615,Mezan Olivola Oil Bottle - 3Ltr,,2000,,Groceries,https://cdn.mycart.pk/media/catalog/product/cache/1/small_image/200x/17f82f742ffe127f42dca9de82fb58b1/8/9/8964000612521.jpg,,,616
616,Mezan Olivola Oil -1Ltr,,680,,Groceries,https://cdn.mycart.pk/media/catalog/product/cache/1/small_image/200x/17f82f742ffe127f42dca9de82fb58b1/8/9/8964000612484.jpg,,,619
617,Mezan Canola Oil Tin - 5Ltr,,3200,,Groceries,https://cdn.mycart.pk/media/catalog/product/cache/1/small_image/200x/17f82f742ffe127f42dca9de82fb58b1/d/s/dsc_0920.png,,,622
618,Mezan Canola Oil Tin - 16Ltr,,9600,,Groceries,https://cdn.mycart.pk/media/catalog/product/cache/1/small_image/200x/17f82f742ffe127f42dca9de82fb58b1/_/1/_10183.jpg,,,625
619,Mezan Canola Oil Bottle- 5Ltr,,3200,,Groceries,https://cdn.mycart.pk/media/catalog/product/cache/1/small_image/200x/17f82f742ffe127f42dca9de82fb58b1/_/0/_04004.jpg,,,628
620,Mezan Canola Oil Bottle - 3Ltr,,1840,,Groceries,https://cdn.mycart.pk/media/catalog/product/cache/1/small_image/200x/17f82f742ffe127f42dca9de82fb58b1/_/0/_04002.jpg,,,631
621,Mezan Canola Oil - 2.5Ltr,,1600,,Groceries,https://cdn.mycart.pk/media/catalog/product/cache/1/small_image/200x/17f82f742ffe127f42dca9de82fb58b1/_/0/_04000_1.jpg,,,634
622,Mezan Canola Oil - 1Ltr,,620,,Groceries,https://cdn.mycart.pk/media/catalog/product/cache/1/small_image/200x/17f82f742ffe127f42dca9de82fb58b1/m/e/mezan_-_mezan_canola_oil_1l.jpg,,,637
623,Mezan Canola Cooking Oil Bottle - 1Ltr,,680,,Groceries,https://cdn.mycart.pk/media/catalog/product/cache/1/small_image/200x/17f82f742ffe127f42dca9de82fb58b1/8/9/8964000419397.jpg,,,640
624,Mezan Banaspati Poly Bag - 1kg,,590,,Groceries,https://cdn.mycart.pk/media/catalog/product/cache/1/small_image/200x/17f82f742ffe127f42dca9de82fb58b1/m/e/mezan_banaspati_poly_bag_1kg.jpg,,,643
625,Mezan Banaspati Ghee Tin - 5kg,,3060,,Groceries,https://cdn.mycart.pk/media/catalog/product/cache/1/small_image/200x/17f82f742ffe127f42dca9de82fb58b1/m/e/mezan_-_mezan_banaspati_ghee_5kg_tin.jpg,,,646
626,Mezan Banaspati Ghee - 2.5kg,,1580,,Groceries,https://cdn.mycart.pk/media/catalog/product/cache/1/small_image/200x/17f82f742ffe127f42dca9de82fb58b1/_/0/_04006_1.jpg,,,649
627,Menu Whole Wheat Paratha (Pack of 5) - 400gm,,275,,Groceries,https://cdn.mycart.pk/media/catalog/product/cache/1/small_image/200x/17f82f742ffe127f42dca9de82fb58b1/_/1/_11784.png,,,652
628,Menu Plain Paratha (Pack of 5) - 400gm,,275,,Groceries,https://cdn.mycart.pk/media/catalog/product/cache/1/small_image/200x/17f82f742ffe127f42dca9de82fb58b1/_/1/_11786.png,,,655
629,Menu Plain Paratha (Pack of 30) - 2400gm,,1320,,Groceries,https://cdn.mycart.pk/media/catalog/product/cache/1/small_image/200x/17f82f742ffe127f42dca9de82fb58b1/2/0/20190401_130140.jpg,,,658
630,Menu Plain Paratha (Pack of 20) - 1600gm,,880,,Groceries,https://cdn.mycart.pk/media/catalog/product/cache/1/small_image/200x/17f82f742ffe127f42dca9de82fb58b1/_/1/_11788.png,,,661
631,Menu Fish Finger - 1kg,,1799,,Groceries,https://cdn.mycart.pk/media/catalog/product/cache/1/small_image/200x/17f82f742ffe127f42dca9de82fb58b1/_/1/_11792.png,,,664
632,Menu Fish Fillet - 1kg,,1799,,Groceries,https://cdn.mycart.pk/media/catalog/product/cache/1/small_image/200x/17f82f742ffe127f42dca9de82fb58b1/_/1/_11794.png,,,667
633,Menu Chuggets - 600gm,,920,,Groceries,https://cdn.mycart.pk/media/catalog/product/cache/1/small_image/200x/17f82f742ffe127f42dca9de82fb58b1/_/1/_15485.png,,,670
634,Menu Chicken Vegetable Samosa - 480gm,,855,,Groceries,https://cdn.mycart.pk/media/catalog/product/cache/1/small_image/200x/17f82f742ffe127f42dca9de82fb58b1/_/1/_11762.png,,,673
635,Menu Chicken Tikka Bites - 500gm,,899,,Groceries,https://cdn.mycart.pk/media/catalog/product/cache/1/small_image/200x/17f82f742ffe127f42dca9de82fb58b1/_/1/_11774.png,,,676
636,Menu Chicken Tikka Bites - 500gm,,900,,Groceries,https://cdn.mycart.pk/media/catalog/product/cache/1/small_image/200x/17f82f742ffe127f42dca9de82fb58b1/2/0/20190128_161235.jpg,,,679
637,Menu Chicken Tenders Handcrafted - 500gm,,970,,Groceries,https://cdn.mycart.pk/media/catalog/product/cache/1/small_image/200x/17f82f742ffe127f42dca9de82fb58b1/_/1/_15483.png,,,682
638,Menu Chicken Spring Roll - 320gm,,560,,Groceries,https://cdn.mycart.pk/media/catalog/product/cache/1/small_image/200x/17f82f742ffe127f42dca9de82fb58b1/_/1/_11796.png,,,685
639,Menu Chicken Shami Kabab - 700gm,,1190,,Groceries,https://cdn.mycart.pk/media/catalog/product/cache/1/small_image/200x/17f82f742ffe127f42dca9de82fb58b1/_/1/_11780.png,,,688
640,Menu Chicken Shami Kabab - 400gm,,690,,Groceries,https://cdn.mycart.pk/media/catalog/product/cache/1/small_image/200x/17f82f742ffe127f42dca9de82fb58b1/_/1/_11778.png,,,691
641,Menu Chicken Seekh Kabab - 540gm,,1160,,Groceries,https://cdn.mycart.pk/media/catalog/product/cache/1/small_image/200x/17f82f742ffe127f42dca9de82fb58b1/_/1/_11776.png,,,694
642,Menu Chicken Samosa - 480gm,,900,,Groceries,https://cdn.mycart.pk/media/catalog/product/cache/1/small_image/200x/17f82f742ffe127f42dca9de82fb58b1/_/1/_11765.png,,,697
643,Menu Chicken Nuggets - 270gm,,470,,Groceries,https://cdn.mycart.pk/media/catalog/product/cache/1/small_image/200x/17f82f742ffe127f42dca9de82fb58b1/_/1/_11768.png,,,700
644,Menu Chicken Nuggets - 1kg,,1345,,Groceries,https://cdn.mycart.pk/media/catalog/product/cache/1/small_image/200x/17f82f742ffe127f42dca9de82fb58b1/_/1/_11770.png,,,703
645,Menu Chicken Mince - 500gm,,675,,Groceries,https://cdn.mycart.pk/media/catalog/product/cache/1/small_image/200x/17f82f742ffe127f42dca9de82fb58b1/_/1/_11752.png,,,706
646,Menu Chicken Kofta - 1000gm,,1599,,Groceries,https://cdn.mycart.pk/media/catalog/product/cache/1/small_image/200x/17f82f742ffe127f42dca9de82fb58b1/_/1/_11756.png,,,709
647,Menu Chicken Karahi Cut - 1kg,,860,,Groceries,https://cdn.mycart.pk/media/catalog/product/cache/1/small_image/200x/17f82f742ffe127f42dca9de82fb58b1/_/1/_11758.png,,,712
648,Menu Chicken Gola Kabab - 660gm,,1320,,Groceries,https://cdn.mycart.pk/media/catalog/product/cache/1/small_image/200x/17f82f742ffe127f42dca9de82fb58b1/_/1/_11782.png,,,715
649,Menu Chicken Drumsticks - 1kg,,920,,Groceries,https://cdn.mycart.pk/media/catalog/product/cache/1/small_image/200x/17f82f742ffe127f42dca9de82fb58b1/_/1/_11750.png,,,718
650,Menu Chicken Chapli Kabab - 888gm,,1295,,Groceries,https://cdn.mycart.pk/media/catalog/product/cache/1/small_image/200x/17f82f742ffe127f42dca9de82fb58b1/_/1/_11760.png,,,721
651,Menu Chicken Burger Patties - 1075gm,,1390,,Groceries,https://cdn.mycart.pk/media/catalog/product/cache/1/small_image/200x/17f82f742ffe127f42dca9de82fb58b1/_/1/_11766.png,,,724
652,Menu Chicken Breast Boneless - 1kg,,1300,,Groceries,https://cdn.mycart.pk/media/catalog/product/cache/1/small_image/200x/17f82f742ffe127f42dca9de82fb58b1/_/1/_12022.png,,,727
653,Mehran Yakhni Pullao - 50gm,,130,,Groceries,https://cdn.mycart.pk/media/catalog/product/cache/1/small_image/200x/17f82f742ffe127f42dca9de82fb58b1/m/e/mehran_-_mehran_yakhni_pullao_50g.jpg,,,730
654,Mehran Turmeric Powder - 100gm,,135,,Groceries,https://cdn.mycart.pk/media/catalog/product/cache/1/small_image/200x/17f82f742ffe127f42dca9de82fb58b1/d/s/dsc_0550.png,,,733
655,Mehran Special daal Masala - 50gm,,135,,Groceries,https://cdn.mycart.pk/media/catalog/product/cache/1/small_image/200x/17f82f742ffe127f42dca9de82fb58b1/_/0/_063315201088-9.jpg,,,736
656,Mehran Sindhi Biryani Double Pack - 120gm,,250,,Groceries,https://cdn.mycart.pk/media/catalog/product/cache/1/small_image/200x/17f82f742ffe127f42dca9de82fb58b1/m/e/mehran_-_mehran_sindhi_biryani_double_pack_120g.jpg,,,739
657,Mehran Seekh Kabab Masala 50g,,130,,Groceries,https://cdn.mycart.pk/media/catalog/product/cache/1/small_image/200x/17f82f742ffe127f42dca9de82fb58b1/m/e/mehran_-_mehran_seekh_kabab_masala_50g.jpg,,,742
658,Mehran Salan Masala - 50gm,,90,,Groceries,https://cdn.mycart.pk/media/catalog/product/cache/1/small_image/200x/17f82f742ffe127f42dca9de82fb58b1/2/0/20190614_153240.jpg,,,745
659,Mehran Qorma Masala Double Pack - 100gm,,245,,Groceries,https://cdn.mycart.pk/media/catalog/product/cache/1/small_image/200x/17f82f742ffe127f42dca9de82fb58b1/d/s/dsc_0559_1.png,,,748
660,Mehran Pullao Biryani - 50gm,,130,,Groceries,https://cdn.mycart.pk/media/catalog/product/cache/1/small_image/200x/17f82f742ffe127f42dca9de82fb58b1/m/e/mehran_-_mehran_pullao_biryani_50g.jpg,,,751
661,Mehran Palak Gosht Masala - 50gm,,135,,Groceries,https://cdn.mycart.pk/media/catalog/product/cache/1/small_image/200x/17f82f742ffe127f42dca9de82fb58b1/_/0/_063315201090-2.jpg,,,754
662,Mehran Nihari Masala Double Pack - 120gm,,245,,Groceries,https://cdn.mycart.pk/media/catalog/product/cache/1/small_image/200x/17f82f742ffe127f42dca9de82fb58b1/m/e/mehran_-_mehran_nihari_masala_double_pack_120g.jpg,,,757
663,Mehran Nihari Masala - 60gm,,140,,Groceries,https://cdn.mycart.pk/media/catalog/product/cache/1/small_image/200x/17f82f742ffe127f42dca9de82fb58b1/2/0/20190614_153216_1.jpg,,,760
664,Mehran Malai Boti - 40gm,,140,,Groceries,https://cdn.mycart.pk/media/catalog/product/cache/1/small_image/200x/17f82f742ffe127f42dca9de82fb58b1/_/0/_063315201533-4.jpg,,,763
665,Mehran Lahori Chargha Masala - 50gm,,145,,Groceries,https://cdn.mycart.pk/media/catalog/product/cache/1/small_image/200x/17f82f742ffe127f42dca9de82fb58b1/_/0/_06331520_0747-6_1.jpg,,,766
666,Mehran Kofta Masala - 50gm,,130,,Groceries,https://cdn.mycart.pk/media/catalog/product/cache/1/small_image/200x/17f82f742ffe127f42dca9de82fb58b1/m/e/mehran_-_mehran_kofta_masala_50g.jpg,,,769
667,Mehran Katakat Masala - 50gm,,135,,Groceries,https://cdn.mycart.pk/media/catalog/product/cache/1/small_image/200x/17f82f742ffe127f42dca9de82fb58b1/_/0/_063315200746-9.jpg,,,772
668,Mehran Kasuri Methi Leaves 50g,,70,,Groceries,https://cdn.mycart.pk/media/catalog/product/cache/1/small_image/200x/17f82f742ffe127f42dca9de82fb58b1/d/s/dsc_0556.png,,,775
669,Mehran Karahi/Fry Gosht Double Pack - 100gm,,245,,Groceries,https://cdn.mycart.pk/media/catalog/product/cache/1/small_image/200x/17f82f742ffe127f42dca9de82fb58b1/d/s/dsc_0554_1.png,,,778
670,Mehran Karahi Gosht - 50gm,,135,,Groceries,https://cdn.mycart.pk/media/catalog/product/cache/1/small_image/200x/17f82f742ffe127f42dca9de82fb58b1/m/e/mehran_karahi.jpg,,,781
671,Mehran Hyderabadi Biryani - 50gm,,150,,Groceries,https://cdn.mycart.pk/media/catalog/product/cache/1/small_image/200x/17f82f742ffe127f42dca9de82fb58b1/_/0/_063315201673-7.jpg,,,784
672,Mehran Hara Chicken Tikka Masala - 50gm,,145,,Groceries,https://cdn.mycart.pk/media/catalog/product/cache/1/small_image/200x/17f82f742ffe127f42dca9de82fb58b1/0/6/063315201671-3_1.jpg,,,787
673,Mehran Haleem Mix Easy Cook - 345gm,,360,,Groceries,https://cdn.mycart.pk/media/catalog/product/cache/1/small_image/200x/17f82f742ffe127f42dca9de82fb58b1/m/e/mehran_-_mehran_haleem_mix_easy_cook_345g.jpg,,,790
674,Mehran Haleem Masala - 50gm,,130,,Groceries,https://cdn.mycart.pk/media/catalog/product/cache/1/small_image/200x/17f82f742ffe127f42dca9de82fb58b1/m/e/mehran_-_mehran_haleem_masala_-_50gm.jpg,,,793
675,Mehran Ginger Paste - 320gm,,415,,Groceries,https://cdn.mycart.pk/media/catalog/product/cache/1/small_image/200x/17f82f742ffe127f42dca9de82fb58b1/_/0/_063315201453-5.jpg,,,796
676,Mehran Garlic Paste - 320gm,,399,,Groceries,https://cdn.mycart.pk/media/catalog/product/cache/1/small_image/200x/17f82f742ffe127f42dca9de82fb58b1/_/0/_063315201452-8.jpg,,,799
677,Mehran Fish Fry Masala - 50gm,,130,,Groceries,https://cdn.mycart.pk/media/catalog/product/cache/1/small_image/200x/17f82f742ffe127f42dca9de82fb58b1/m/e/mehran_-_mehran_fish_fry_masala_50g.jpg,,,802
678,Mehran Dum Ka Qeema Masala Double Pack - 100gm,,245,,Groceries,https://cdn.mycart.pk/media/catalog/product/cache/1/small_image/200x/17f82f742ffe127f42dca9de82fb58b1/m/e/mehran_-_mehran_dum_ka_qeema_masala_double_pack_100g.jpg,,,805
679,Mehran Choley Masala - 50gm,,130,,Groceries,https://cdn.mycart.pk/media/catalog/product/cache/1/small_image/200x/17f82f742ffe127f42dca9de82fb58b1/m/e/mehran_-_mehran_choley_masala_-_50gm.jpg,,,808
680,Mehran Chilli Powder - 100gm,,220,,Groceries,https://cdn.mycart.pk/media/catalog/product/cache/1/small_image/200x/17f82f742ffe127f42dca9de82fb58b1/m/e/mehran_-_mehran_chilli_powder_100g.jpg,,,811
681,Mehran Chicken Masala - 50gm,,140,,Groceries,https://cdn.mycart.pk/media/catalog/product/cache/1/small_image/200x/17f82f742ffe127f42dca9de82fb58b1/2/0/20190614_153156_1.jpg,,,814
682,Mehran Chicken Jalfrezi Masala - 50gm,,135,,Groceries,https://cdn.mycart.pk/media/catalog/product/cache/1/small_image/200x/17f82f742ffe127f42dca9de82fb58b1/_/0/_063315201471-9.jpg,,,817
683,Mehran Chicken Broast/Burger Masala - 125gm,,245,,Groceries,https://cdn.mycart.pk/media/catalog/product/cache/1/small_image/200x/17f82f742ffe127f42dca9de82fb58b1/2/0/20190614_153302.jpg,,,820
684,Mehran Bombay Biryani - 65gm,,145,,Groceries,https://cdn.mycart.pk/media/catalog/product/cache/1/small_image/200x/17f82f742ffe127f42dca9de82fb58b1/m/e/mehran_-_mehran_bombay_biryani_65g.jpg,,,823
685,Mehran Biryani Masala Double Pack - 100gm,,245,,Groceries,https://cdn.mycart.pk/media/catalog/product/cache/1/small_image/200x/17f82f742ffe127f42dca9de82fb58b1/d/s/dsc_0551.png,,,826
686,Mehran Biryani - 100gm,,265,,Groceries,https://cdn.mycart.pk/media/catalog/product/cache/1/small_image/200x/17f82f742ffe127f42dca9de82fb58b1/_/0/_063315200916-6.jpg,,,829
687,Mehran Bihari Kabab Masala - 50gm,,130,,Groceries,https://cdn.mycart.pk/media/catalog/product/cache/1/small_image/200x/17f82f742ffe127f42dca9de82fb58b1/m/e/mehran_-_mehran_bihari_kabab_masala_50g.jpg,,,832
688,Mara Italian Whole Peeled Tomatoes - 400gm,,550,,Groceries,https://cdn.mycart.pk/media/catalog/product/cache/1/small_image/200x/17f82f742ffe127f42dca9de82fb58b1/_/1/_14905.png,,,835
689,Mara Chick Peas - 400gm,,410,,Groceries,https://cdn.mycart.pk/media/catalog/product/cache/1/small_image/200x/17f82f742ffe127f42dca9de82fb58b1/_/1/_14354.png,,,838
690,Malka Turmeric Powder - 100gm,,165,,Groceries,https://cdn.mycart.pk/media/catalog/product/cache/1/small_image/200x/17f82f742ffe127f42dca9de82fb58b1/7/0/705632491058.jpg,,,841
691,Malka Tikka Boti Masala - 100gm,,245,,Groceries,https://cdn.mycart.pk/media/catalog/product/cache/1/small_image/200x/17f82f742ffe127f42dca9de82fb58b1/7/0/705632490686.jpg,,,844
692,Malka Tandoori Masala - 100gm,,245,,Groceries,https://cdn.mycart.pk/media/catalog/product/cache/1/small_image/200x/17f82f742ffe127f42dca9de82fb58b1/7/0/705632490617.jpg,,,847
693,Malka Special White Karahi Masala - 40gm,,130,,Groceries,https://cdn.mycart.pk/media/catalog/product/cache/1/small_image/200x/17f82f742ffe127f42dca9de82fb58b1/7/0/705632490228.jpg,,,850
694,Malka Sindhi Biryani - 120gm,,245,,Groceries,https://cdn.mycart.pk/media/catalog/product/cache/1/small_image/200x/17f82f742ffe127f42dca9de82fb58b1/7/0/705632490662.jpg,,,853
695,Malka Shahi Korma Masala - 100gm,,245,,Groceries,https://cdn.mycart.pk/media/catalog/product/cache/1/small_image/200x/17f82f742ffe127f42dca9de82fb58b1/7/0/705632490532.jpg,,,856
696,Malka Saucito Tomato Ketchup - 800gm,,425,,Groceries,https://cdn.mycart.pk/media/catalog/product/cache/1/small_image/200x/17f82f742ffe127f42dca9de82fb58b1/7/0/705632494141.jpg,,,859
697,Malka Saucito Tomato Ketchup - 400gm,,240,,Groceries,https://cdn.mycart.pk/media/catalog/product/cache/1/small_image/200x/17f82f742ffe127f42dca9de82fb58b1/7/0/705632494134.jpg,,,862
698,Malka Saucito Chilli Garlic Sauce - 500gm,,240,,Groceries,https://cdn.mycart.pk/media/catalog/product/cache/1/small_image/200x/17f82f742ffe127f42dca9de82fb58b1/7/0/705632494165.jpg,,,865
699,Malka Refined Salt - 800gm,,66,,Groceries,https://cdn.mycart.pk/media/catalog/product/cache/1/small_image/200x/17f82f742ffe127f42dca9de82fb58b1/7/0/705632491225.jpg,,,868
700,Malka Red chilli Powder - 50gm,,110,,Groceries,https://cdn.mycart.pk/media/catalog/product/cache/1/small_image/200x/17f82f742ffe127f42dca9de82fb58b1/0/7/0705632491003_1.png,,,871
701,Malka Red Chilli Powder - 100gm,,199,,Groceries,https://cdn.mycart.pk/media/catalog/product/cache/1/small_image/200x/17f82f742ffe127f42dca9de82fb58b1/7/0/705632491010.jpg,,,874
702,Malka Peshawari karahi Gosht - 50gm,,140,,Groceries,https://cdn.mycart.pk/media/catalog/product/cache/1/small_image/200x/17f82f742ffe127f42dca9de82fb58b1/0/7/0705632490112_1.png,,,877
703,Malka Mughlai Pulao Masala - 100gm,,245,,Groceries,https://cdn.mycart.pk/media/catalog/product/cache/1/small_image/200x/17f82f742ffe127f42dca9de82fb58b1/7/0/705632490679.jpg,,,880
704,Malka Mardan Chapli Kabab - 50gm,,130,,Groceries,https://cdn.mycart.pk/media/catalog/product/cache/1/small_image/200x/17f82f742ffe127f42dca9de82fb58b1/7/0/705632490143.jpg,,,883
705,Malka Lucknowi Biryani - 60gm,,140,,Groceries,https://cdn.mycart.pk/media/catalog/product/cache/1/small_image/200x/17f82f742ffe127f42dca9de82fb58b1/0/7/0705632490440_1.png,,,886
706,Malka Lahori Paya - 50gm,,140,,Groceries,https://cdn.mycart.pk/media/catalog/product/cache/1/small_image/200x/17f82f742ffe127f42dca9de82fb58b1/m/a/malka_-_malka_lahori_paya.jpg,,,889
707,Malka Lahori Paya - 100gm,,245,,Groceries,https://cdn.mycart.pk/media/catalog/product/cache/1/small_image/200x/17f82f742ffe127f42dca9de82fb58b1/7/0/705632490709.jpg,,,892
708,Malka Lahori Fried Fish - 50gm,,135,,Groceries,https://cdn.mycart.pk/media/catalog/product/cache/1/small_image/200x/17f82f742ffe127f42dca9de82fb58b1/0/7/0705632490136_1.png,,,895
709,Malka Lahori Fish Masala - 100gm,,245,,Groceries,https://cdn.mycart.pk/media/catalog/product/cache/1/small_image/200x/17f82f742ffe127f42dca9de82fb58b1/7/0/705632490716.jpg,,,898
710,Malka Hyderabadi Achar Gosht Masala - 100gm,,245,,Groceries,https://cdn.mycart.pk/media/catalog/product/cache/1/small_image/200x/17f82f742ffe127f42dca9de82fb58b1/7/0/705632490556.jpg,,,901
711,Malka Hyderabadi Achar Gosht - 50gm,,135,,Groceries,https://cdn.mycart.pk/media/catalog/product/cache/1/small_image/200x/17f82f742ffe127f42dca9de82fb58b1/0/7/0705632490044_1.png,,,904
712,Malka Ginger Powder - 50gm,,110,,Groceries,https://cdn.mycart.pk/media/catalog/product/cache/1/small_image/200x/17f82f742ffe127f42dca9de82fb58b1/m/a/malka_-_malka_ginger_powder.jpg,,,907
713,Malka Ginger Paste - 320gm,,365,,Groceries,https://cdn.mycart.pk/media/catalog/product/cache/1/small_image/200x/17f82f742ffe127f42dca9de82fb58b1/7/0/705632494097.jpg,,,910
714,Malka Garlic Powder - 50gm,,110,,Groceries,https://cdn.mycart.pk/media/catalog/product/cache/1/small_image/200x/17f82f742ffe127f42dca9de82fb58b1/0/7/0705632491171_1.png,,,913
715,Malka Garlic Paste - 330gm,,390,,Groceries,https://cdn.mycart.pk/media/catalog/product/cache/1/small_image/200x/17f82f742ffe127f42dca9de82fb58b1/7/0/705632494110.jpg,,,916
716,Malka Dhaka Shami Kabab - 50gm,,130,,Groceries,https://cdn.mycart.pk/media/catalog/product/cache/1/small_image/200x/17f82f742ffe127f42dca9de82fb58b1/7/0/705632490624.jpg,,,919
717,Malka Delhi Nihari Masala - 120gm,,245,,Groceries,https://cdn.mycart.pk/media/catalog/product/cache/1/small_image/200x/17f82f742ffe127f42dca9de82fb58b1/7/0/705632490549.jpg,,,922
718,Malka Curry Powder - 120gm,,245,,Groceries,https://cdn.mycart.pk/media/catalog/product/cache/1/small_image/200x/17f82f742ffe127f42dca9de82fb58b1/7/0/705632490723.jpg,,,925
719,Malka Creamy Butter Chicken - 50gm,,138,,Groceries,https://cdn.mycart.pk/media/catalog/product/cache/1/small_image/200x/17f82f742ffe127f42dca9de82fb58b1/7/0/705632490648.jpg,,,928
720,Malka Coriander Powder - 50gm,,100,,Groceries,https://cdn.mycart.pk/media/catalog/product/cache/1/small_image/200x/17f82f742ffe127f42dca9de82fb58b1/m/a/malka_-_malka_coriander_powder.jpg,,,931
721,Malka Coriander Powder - 100gm,,170,,Groceries,https://cdn.mycart.pk/media/catalog/product/cache/1/small_image/200x/17f82f742ffe127f42dca9de82fb58b1/7/0/705632491126.jpg,,,934
722,Malka Chicken Tikka Masala - 100gm,,245,,Groceries,https://cdn.mycart.pk/media/catalog/product/cache/1/small_image/200x/17f82f742ffe127f42dca9de82fb58b1/7/0/705632490570.jpg,,,937
723,Malka Chicken Tikka - 50gm,,140,,Groceries,https://cdn.mycart.pk/media/catalog/product/cache/1/small_image/200x/17f82f742ffe127f42dca9de82fb58b1/0/7/0705632490174_1.png,,,940
724,Malka Chicken Masala - 50gm,,135,,Groceries,https://cdn.mycart.pk/media/catalog/product/cache/1/small_image/200x/17f82f742ffe127f42dca9de82fb58b1/m/a/malka_-_malka_chicken_curry.jpg,,,943
725,Malka Chicken Curry Masala - 100gm,,245,,Groceries,https://cdn.mycart.pk/media/catalog/product/cache/1/small_image/200x/17f82f742ffe127f42dca9de82fb58b1/7/0/705632490587.jpg,,,946
726,Malka Bombay Chaat Masala - 50gm,,140,,Groceries,https://cdn.mycart.pk/media/catalog/product/cache/1/small_image/200x/17f82f742ffe127f42dca9de82fb58b1/m/a/malka_-_malka_bombay_chaat_masala.jpg,,,949
727,Malka Bombay Chaat Masala - 100gm,,160,,Groceries,https://cdn.mycart.pk/media/catalog/product/cache/1/small_image/200x/17f82f742ffe127f42dca9de82fb58b1/7/0/705632490600.jpg,,,952
728,Malka Bombay Biryani Masala - 130gm,,245,,Groceries,https://cdn.mycart.pk/media/catalog/product/cache/1/small_image/200x/17f82f742ffe127f42dca9de82fb58b1/7/0/705632490501.jpg,,,955
729,Malka Bombay Biryani - 65gm,,140,,Groceries,https://cdn.mycart.pk/media/catalog/product/cache/1/small_image/200x/17f82f742ffe127f42dca9de82fb58b1/0/7/0705632490006_1.png,,,958
730,Malka Biryani Masala - 100gm,,245,,Groceries,https://cdn.mycart.pk/media/catalog/product/cache/1/small_image/200x/17f82f742ffe127f42dca9de82fb58b1/7/0/705632490518.jpg,,,961
731,Malka Biryani - 50gm,,140,,Groceries,https://cdn.mycart.pk/media/catalog/product/cache/1/small_image/200x/17f82f742ffe127f42dca9de82fb58b1/0/7/0705632490013_1.png,,,964
732,Malka Bihari kabab Masala - 50gm,,140,,Groceries,https://cdn.mycart.pk/media/catalog/product/cache/1/small_image/200x/17f82f742ffe127f42dca9de82fb58b1/0/7/0705632490167_1.png,,,967
733,Malka Badshahi Haleem Masala - 50gm,,130,,Groceries,https://cdn.mycart.pk/media/catalog/product/cache/1/small_image/200x/17f82f742ffe127f42dca9de82fb58b1/7/0/705632490655.jpg,,,970
734,Malka Afghani Seekh Kabab Masala - 100gm,,245,,Groceries,https://cdn.mycart.pk/media/catalog/product/cache/1/small_image/200x/17f82f742ffe127f42dca9de82fb58b1/7/0/705632490693.jpg,,,973
735,Malka Afghani Seekh kabab - 50gm,,135,,Groceries,https://cdn.mycart.pk/media/catalog/product/cache/1/small_image/200x/17f82f742ffe127f42dca9de82fb58b1/0/7/0705632490181_1.png,,,976
736,Maida - 500gm,,100,,Groceries,https://cdn.mycart.pk/media/catalog/product/cache/1/small_image/200x/17f82f742ffe127f42dca9de82fb58b1/1/0/1056341-1.jpg,,,979
737,Maida - 1Kg,,195,,Groceries,https://cdn.mycart.pk/media/catalog/product/cache/1/small_image/200x/17f82f742ffe127f42dca9de82fb58b1/1/0/1056341-1_1.jpg,,,982
738,Mace (Javitri) - 50gm,,500,,Groceries,https://cdn.mycart.pk/media/catalog/product/cache/1/small_image/200x/17f82f742ffe127f42dca9de82fb58b1/_/1/_10223.jpg,,,985
739,Lemon Salt (Tatri) - 50gm,,70,,Groceries,https://cdn.mycart.pk/media/catalog/product/cache/1/small_image/200x/17f82f742ffe127f42dca9de82fb58b1/_/1/_10397.jpg,,,988
740,Laziza Rabri Falooda Mix - 200gm,,230,,Groceries,https://cdn.mycart.pk/media/catalog/product/cache/1/small_image/200x/17f82f742ffe127f42dca9de82fb58b1/_/0/_00933_1.jpg,,,991
741,Laziza Pista and Coconut Kheer Mix - 155gm,,165,,Groceries,https://cdn.mycart.pk/media/catalog/product/cache/1/small_image/200x/17f82f742ffe127f42dca9de82fb58b1/_/0/_03986_1.jpg,,,994
742,Laziza Kheer Mix Standard - 155gm,,165,,Groceries,https://cdn.mycart.pk/media/catalog/product/cache/1/small_image/200x/17f82f742ffe127f42dca9de82fb58b1/_/0/_00915_1.jpg,,,997
743,Laziza Kajoo Kheer Mix - 155gm,,180,,Groceries,https://cdn.mycart.pk/media/catalog/product/cache/1/small_image/200x/17f82f742ffe127f42dca9de82fb58b1/_/0/_00919_1.jpg,,,1000
744,LaRosa Egg Noodles - 227gm,,235,,Groceries,https://cdn.mycart.pk/media/catalog/product/cache/1/small_image/200x/17f82f742ffe127f42dca9de82fb58b1/1/0/1018318-1_1.jpg,,,1003
745,Langnese Honey Forest - 125gm,,1300,,Groceries,https://cdn.mycart.pk/media/catalog/product/cache/1/small_image/200x/17f82f742ffe127f42dca9de82fb58b1/l/a/langnese_honey_forest_125g.jpg,,,1006
746,Langnese Honey Black Forest - 250gm,,1980,,Groceries,https://cdn.mycart.pk/media/catalog/product/cache/1/small_image/200x/17f82f742ffe127f42dca9de82fb58b1/_/0/_02027.jpg,,,1009
747,Langnese Honey Acacia Comb - 500gm,,3300,,Groceries,https://cdn.mycart.pk/media/catalog/product/cache/1/small_image/200x/17f82f742ffe127f42dca9de82fb58b1/_/0/_02021.jpg,,,1012
748,Langnese Honey - 500gm,,2700,,Groceries,https://cdn.mycart.pk/media/catalog/product/cache/1/small_image/200x/17f82f742ffe127f42dca9de82fb58b1/_/0/_02015.jpg,,,1015
749,Langnese Honey - 375gm,,2200,,Groceries,https://cdn.mycart.pk/media/catalog/product/cache/1/small_image/200x/17f82f742ffe127f42dca9de82fb58b1/_/0/_09492.jpg,,,1018
750,Langnese Honey - 250gm,,1599,,Groceries,https://cdn.mycart.pk/media/catalog/product/cache/1/small_image/200x/17f82f742ffe127f42dca9de82fb58b1/_/0/_02029.jpg,,,1021
751,Langnese Honey - 125gm,,970,,Groceries,https://cdn.mycart.pk/media/catalog/product/cache/1/small_image/200x/17f82f742ffe127f42dca9de82fb58b1/_/0/_09266_1.jpg,,,1024
752,Langnese Black Forest Honey - 500gm,,3999,,Groceries,https://cdn.mycart.pk/media/catalog/product/cache/1/small_image/200x/17f82f742ffe127f42dca9de82fb58b1/_/0/_02023_1_2.jpg,,,1027
753,Langnese Acacia Honey - 500gm,,3999,,Groceries,https://cdn.mycart.pk/media/catalog/product/cache/1/small_image/200x/17f82f742ffe127f42dca9de82fb58b1/_/0/_02019.jpg,,,1030
754,Langnese Acacia Honey - 250gm,,2180,,Groceries,https://cdn.mycart.pk/media/catalog/product/cache/1/small_image/200x/17f82f742ffe127f42dca9de82fb58b1/_/0/_09494.jpg,,,1033
755,Kolson Spiral Macaroni - 400gm,,230,,Groceries,https://cdn.mycart.pk/media/catalog/product/cache/1/small_image/200x/17f82f742ffe127f42dca9de82fb58b1/_/0/_03619_2.jpg,,,1036
756,Kolson Spaghetti Box - 450gm,,250,,Groceries,https://cdn.mycart.pk/media/catalog/product/cache/1/small_image/200x/17f82f742ffe127f42dca9de82fb58b1/_/0/_03394_2.jpg,,,1039
757,Kolson Ridged Elbow Macaroni - 400gm,,230,,Groceries,https://cdn.mycart.pk/media/catalog/product/cache/1/small_image/200x/17f82f742ffe127f42dca9de82fb58b1/_/0/_04581_2.jpg,,,1042
758,Kolson Long Box Macaroni - 450gm,,250,,Groceries,https://cdn.mycart.pk/media/catalog/product/cache/1/small_image/200x/17f82f742ffe127f42dca9de82fb58b1/_/0/_03390_2.jpg,,,1045
759,Kolson Lasagne - 400gm,,380,,Groceries,https://cdn.mycart.pk/media/catalog/product/cache/1/small_image/200x/17f82f742ffe127f42dca9de82fb58b1/_/0/_03392_2.jpg,,,1048
760,Kolson Large Elbow Macaroni (Pouch) - 400gm,,230,,Groceries,https://cdn.mycart.pk/media/catalog/product/cache/1/small_image/200x/17f82f742ffe127f42dca9de82fb58b1/_/0/_03615_2.jpg,,,1051
761,Kolson Fancy Spaghetti - 500gm,,250,,Groceries,https://cdn.mycart.pk/media/catalog/product/cache/1/small_image/200x/17f82f742ffe127f42dca9de82fb58b1/_/0/_03396_2.jpg,,,1054
762,Kolson Elbow Macaroni - 400gm,,220,,Groceries,https://cdn.mycart.pk/media/catalog/product/cache/1/small_image/200x/17f82f742ffe127f42dca9de82fb58b1/k/o/kolson_elbow_macaroni_400gm.jpg,,,1057
763,Kolson Egg Chinese Noodles - 227gm,,180,,Groceries,https://cdn.mycart.pk/media/catalog/product/cache/1/small_image/200x/17f82f742ffe127f42dca9de82fb58b1/_/0/_05619_2.jpg,,,1060
764,Knorr Yakhni Chicken (Pack of 5),,50,,Groceries,https://cdn.mycart.pk/media/catalog/product/cache/1/small_image/200x/17f82f742ffe127f42dca9de82fb58b1/_/0/_02009.jpg,,,1063
765,Knorr Tomato Ketchup Pouch - 800gm,,480,,Groceries,https://cdn.mycart.pk/media/catalog/product/cache/1/small_image/200x/17f82f742ffe127f42dca9de82fb58b1/8/9/8961014014822.png,,,1066
766,Knorr Tomato Ketchup - 300gm,,250,,Groceries,https://cdn.mycart.pk/media/catalog/product/cache/1/small_image/200x/17f82f742ffe127f42dca9de82fb58b1/8/9/8961014014839.png,,,1069
767,Knorr Noodles Chatpatta Family Pack - 200gm,,215,,Groceries,https://cdn.mycart.pk/media/catalog/product/cache/1/small_image/200x/17f82f742ffe127f42dca9de82fb58b1/2/0/20190408_123338.jpg,,,1072
768,Knorr Cubes Pulao - 20gm,,75,,Groceries,https://cdn.mycart.pk/media/catalog/product/cache/1/small_image/200x/17f82f742ffe127f42dca9de82fb58b1/8/9/8961014009811.png,,,1075
769,Knorr Cream of Chicken Soup - 50gm,,170,,Groceries,https://cdn.mycart.pk/media/catalog/product/cache/1/small_image/200x/17f82f742ffe127f42dca9de82fb58b1/s/o/soup_cc.jpg,,,1078
770,Knorr Chilli Garlic Sauce Pouch - 800gm,,460,,Groceries,https://cdn.mycart.pk/media/catalog/product/cache/1/small_image/200x/17f82f742ffe127f42dca9de82fb58b1/c/h/chilli_garlic_sauce_800g.jpg,,,1081
771,Knorr Chilli Garlic Sauce - 400gm,,275,,Groceries,https://cdn.mycart.pk/media/catalog/product/cache/1/small_image/200x/17f82f742ffe127f42dca9de82fb58b1/8/9/8961014014815.png,,,1084
772,Knorr Chicken Noodle - 66gm,,80,,Groceries,https://cdn.mycart.pk/media/catalog/product/cache/1/small_image/200x/17f82f742ffe127f42dca9de82fb58b1/8/9/8961014014433.png,,,1087
773,Knorr Chicken MultiPack Noodles - 264gm,,320,,Groceries,https://cdn.mycart.pk/media/catalog/product/cache/1/small_image/200x/17f82f742ffe127f42dca9de82fb58b1/8/9/8961014014358.png,,,1090
774,Knorr Chicken Cubes - 20gm,,75,,Groceries,https://cdn.mycart.pk/media/catalog/product/cache/1/small_image/200x/17f82f742ffe127f42dca9de82fb58b1/8/9/8961014009804.png,,,1093
775,Knorr Chicken Corn Soup - 46gm,,185,,Groceries,https://cdn.mycart.pk/media/catalog/product/cache/1/small_image/200x/17f82f742ffe127f42dca9de82fb58b1/8/9/8961014189179.png,,,1096
776,Knorr Chatt Patta Noodles - 50gm,,60,,Groceries,https://cdn.mycart.pk/media/catalog/product/cache/1/small_image/200x/17f82f742ffe127f42dca9de82fb58b1/8/9/8961014014440.png,,,1099
777,Knorr Chatpatta Noodles Party Pack - 270gm,,300,,Groceries,https://cdn.mycart.pk/media/catalog/product/cache/1/small_image/200x/17f82f742ffe127f42dca9de82fb58b1/8/9/8961014014365_1.jpg,,,1102
778,Kisan Canola Oil - 1Ltr,,625,,Groceries,https://cdn.mycart.pk/media/catalog/product/cache/1/small_image/200x/17f82f742ffe127f42dca9de82fb58b1/k/i/kisan-1.jpg,,,1105
779,Kikkoman Traditionally Brewed Soy Sauce - 148ml,,460,,Groceries,https://cdn.mycart.pk/media/catalog/product/cache/1/small_image/200x/17f82f742ffe127f42dca9de82fb58b1/0/4/04139946_-_1_5.JPG,,,1108
780,Kikkoman Teriyaki Baste and Glaze,,610,,Groceries,https://cdn.mycart.pk/media/catalog/product/cache/1/small_image/200x/17f82f742ffe127f42dca9de82fb58b1/0/4/041390011108_-_1_5.JPG,,,1111
781,Kikkoman Soy Sauce - 250ml,,520,,Groceries,https://cdn.mycart.pk/media/catalog/product/cache/1/small_image/200x/17f82f742ffe127f42dca9de82fb58b1/d/s/dsc_0217.jpg,,,1114
782,Kikkoman Soy Sauce - 1ltr,,1300,,Groceries,https://cdn.mycart.pk/media/catalog/product/cache/1/small_image/200x/17f82f742ffe127f42dca9de82fb58b1/2/0/20d9e4222b0bc36cbc1ab2d825ae43b2_1_.jpg,,,1117
783,Kikkoman Soy Sauce - 148ml,,436,,Groceries,https://cdn.mycart.pk/media/catalog/product/cache/1/small_image/200x/17f82f742ffe127f42dca9de82fb58b1/_/p/_p00973.png,,,1120
784,Kikkoman All Purpose Traditionally Brewed Soy Sauce - 500ml,,830,,Groceries,https://cdn.mycart.pk/media/catalog/product/cache/1/small_image/200x/17f82f742ffe127f42dca9de82fb58b1/4/1/41390000904_-_1_5.JPG,,,1123
785,Kikkoman All Purpose Traditionally Brewed Less Sodium Soy Sauce - 296ml,,610,,Groceries,https://cdn.mycart.pk/media/catalog/product/cache/1/small_image/200x/17f82f742ffe127f42dca9de82fb58b1/0/4/041390001055_-_1_5.JPG,,,1126
786,Key Worcestershire Sauce - 750ml,,299,,Groceries,https://cdn.mycart.pk/media/catalog/product/cache/1/small_image/200x/17f82f742ffe127f42dca9de82fb58b1/1/0/1032110-1.jpg,,,1129
787,Key Worcestershire Sauce - 300ml,,180,,Groceries,https://cdn.mycart.pk/media/catalog/product/cache/1/small_image/200x/17f82f742ffe127f42dca9de82fb58b1/_/0/_09472.jpg,,,1132
788,Key White Vinegar - 750ml,,195,,Groceries,https://cdn.mycart.pk/media/catalog/product/cache/1/small_image/200x/17f82f742ffe127f42dca9de82fb58b1/_/0/_09504.jpg,,,1135
789,Key White Vinegar - 300ml,,120,,Groceries,https://cdn.mycart.pk/media/catalog/product/cache/1/small_image/200x/17f82f742ffe127f42dca9de82fb58b1/_/0/_09462.jpg,,,1138
790,Key Soy Sauce - 300ml,,140,,Groceries,https://cdn.mycart.pk/media/catalog/product/cache/1/small_image/200x/17f82f742ffe127f42dca9de82fb58b1/_/0/_09474.jpg,,,1141
791,Key Pizza Sauce - 370gm,,380,,Groceries,https://cdn.mycart.pk/media/catalog/product/cache/1/small_image/200x/17f82f742ffe127f42dca9de82fb58b1/_/0/_09023.gif,,,1144
792,Key Oyster Sauce - 180gm,,290,,Groceries,https://cdn.mycart.pk/media/catalog/product/cache/1/small_image/200x/17f82f742ffe127f42dca9de82fb58b1/_/0/_09004.gif,,,1147
793,Key Hot Sauce - 300ml,,160,,Groceries,https://cdn.mycart.pk/media/catalog/product/cache/1/small_image/200x/17f82f742ffe127f42dca9de82fb58b1/_/0/_09468.jpg,,,1150
794,Key H.p Barbecue Sauce - 350gm,,270,,Groceries,https://cdn.mycart.pk/media/catalog/product/cache/1/small_image/200x/17f82f742ffe127f42dca9de82fb58b1/_/0/_09470.jpg,,,1153
795,Key Green Chilli Sauce - 315gm,,185,,Groceries,https://cdn.mycart.pk/media/catalog/product/cache/1/small_image/200x/17f82f742ffe127f42dca9de82fb58b1/_/0/_09466.jpg,,,1156
796,Key Chilli Sauce - 750ml,,280,,Groceries,https://cdn.mycart.pk/media/catalog/product/cache/1/small_image/200x/17f82f742ffe127f42dca9de82fb58b1/_/0/_09506.jpg,,,1159
797,Key Chilli Sauce - 300ml,,145,,Groceries,https://cdn.mycart.pk/media/catalog/product/cache/1/small_image/200x/17f82f742ffe127f42dca9de82fb58b1/_/0/_09476.jpg,,,1162
798,Key Apple Vinegar - 300ml,,190,,Groceries,https://cdn.mycart.pk/media/catalog/product/cache/1/small_image/200x/17f82f742ffe127f42dca9de82fb58b1/_/0/_09464.jpg,,,1165
799,Kala Zeera (Black Cumin Seed) - 50gm,,155,,Groceries,https://cdn.mycart.pk/media/catalog/product/cache/1/small_image/200x/17f82f742ffe127f42dca9de82fb58b1/_/1/_10217.jpg,,,1168
800,K&N's Tikka Pizzetta (Pack of 8) - 960gm,,1330,,Groceries,https://cdn.mycart.pk/media/catalog/product/cache/1/small_image/200x/17f82f742ffe127f42dca9de82fb58b1/t/i/tikka_pizza_960gm_8pcs_1_.jpg,,,1171
801,K&N's Tender Pops - 780gm,,1400,,Groceries,https://cdn.mycart.pk/media/catalog/product/cache/1/small_image/200x/17f82f742ffe127f42dca9de82fb58b1/_/1/_12331.jpg,,,1174
802,K&N's Tender Pops - 260gm,,510,,Groceries,https://cdn.mycart.pk/media/catalog/product/cache/1/small_image/200x/17f82f742ffe127f42dca9de82fb58b1/_/1/_12319.jpg,,,1177
803,K&N's Shami Kabab (Pack of 7) - 252gm,,500,,Groceries,https://cdn.mycart.pk/media/catalog/product/cache/1/small_image/200x/17f82f742ffe127f42dca9de82fb58b1/_/1/_12325.jpg,,,1180
804,K&N's Shami Kabab (Pack of 17) - 648gm,,1120,,Groceries,https://cdn.mycart.pk/media/catalog/product/cache/1/small_image/200x/17f82f742ffe127f42dca9de82fb58b1/_/1/_12299.jpg,,,1183
805,K&N's Nuggets - 270gm,,490,,Groceries,https://cdn.mycart.pk/media/catalog/product/cache/1/small_image/200x/17f82f742ffe127f42dca9de82fb58b1/_/1/_12333.jpg,,,1186
806,K&N's Nuggets (Pack of 43-45) - 1kg,,1360,,Groceries,https://cdn.mycart.pk/media/catalog/product/cache/1/small_image/200x/17f82f742ffe127f42dca9de82fb58b1/_/1/_12307.jpg,,,1189
807,K&N's Jumbo Frank Sausage Cheese and Onion (Pack of 8) - 592gm,,1260,,Groceries,https://cdn.mycart.pk/media/catalog/product/cache/1/small_image/200x/17f82f742ffe127f42dca9de82fb58b1/d/s/dsc_0738.png,,,1192
808,K&N's Frankfurter Sausage (Pack of 12) - 720gm,,1230,,Groceries,https://cdn.mycart.pk/media/catalog/product/cache/1/small_image/200x/17f82f742ffe127f42dca9de82fb58b1/d/s/dsc_0736.png,,,1195
809,K&N's Chicken Tikka Chunks - 700gm,,1400,,Groceries,https://cdn.mycart.pk/media/catalog/product/cache/1/small_image/200x/17f82f742ffe127f42dca9de82fb58b1/_/1/_12335.jpg,,,1198
810,K&N's Chicken Seekh Kabab (Pack of 7) - 205gm,,515,,Groceries,https://cdn.mycart.pk/media/catalog/product/cache/1/small_image/200x/17f82f742ffe127f42dca9de82fb58b1/_/1/_12327.jpg,,,1201
811,K&N's Chicken Seekh Kabab (Pack of 18) - 540gm,,1150,,Groceries,https://cdn.mycart.pk/media/catalog/product/cache/1/small_image/200x/17f82f742ffe127f42dca9de82fb58b1/_/1/_12321.jpg,,,1204
812,K&N's Chicken Qeema Extra Lean - 500gm,,690,,Groceries,https://cdn.mycart.pk/media/catalog/product/cache/1/small_image/200x/17f82f742ffe127f42dca9de82fb58b1/_/1/_12289.jpg,,,1207
813,K&N's Chicken Karahi Cut - 1kg,,900,,Groceries,https://cdn.mycart.pk/media/catalog/product/cache/1/small_image/200x/17f82f742ffe127f42dca9de82fb58b1/_/1/_12293.jpg,,,1210
814,K&N's Chicken Fun Nuggets - 265gm,,520,,Groceries,https://cdn.mycart.pk/media/catalog/product/cache/1/small_image/200x/17f82f742ffe127f42dca9de82fb58b1/_/1/_12313.jpg,,,1213
815,K&N's Chicken Fun Nuggets - 1500gm,,1990,,Groceries,https://cdn.mycart.pk/media/catalog/product/cache/1/small_image/200x/17f82f742ffe127f42dca9de82fb58b1/1/2/12623665-0-a.jpg,,,1216
816,K&N's Chicken Croquettes (Pack of 53-55) - 1kg,,1350,,Groceries,https://cdn.mycart.pk/media/catalog/product/cache/1/small_image/200x/17f82f742ffe127f42dca9de82fb58b1/_/1/_12305.jpg,,,1219
817,K&N's Chicken Chapli Kabab (Pack of 4) - 296gm,,510,,Groceries,https://cdn.mycart.pk/media/catalog/product/cache/1/small_image/200x/17f82f742ffe127f42dca9de82fb58b1/_/1/_12309.jpg,,,1222
818,K&N's Chicken Chapli Kabab (Pack of 12) - 888gm,,1300,,Groceries,https://cdn.mycart.pk/media/catalog/product/cache/1/small_image/200x/17f82f742ffe127f42dca9de82fb58b1/_/1/_12303.jpg,,,1225
819,K&N's Chicken Breast Fillet - 500gm,,690,,Groceries,https://cdn.mycart.pk/media/catalog/product/cache/1/small_image/200x/17f82f742ffe127f42dca9de82fb58b1/_/1/_12291.jpg,,,1228
820,K&N's Chicken Boti Cut - 1kg,,945,,Groceries,https://cdn.mycart.pk/media/catalog/product/cache/1/small_image/200x/17f82f742ffe127f42dca9de82fb58b1/_/1/_12295.jpg,,,1231
821,K&N's Chicken Boneless Handi - 500gm,,690,,Groceries,https://cdn.mycart.pk/media/catalog/product/cache/1/small_image/200x/17f82f742ffe127f42dca9de82fb58b1/_/1/_12323.jpg,,,1234
822,K&N's Burger Patties (Pack of 6) - 400gm,,580,,Groceries,https://cdn.mycart.pk/media/catalog/product/cache/1/small_image/200x/17f82f742ffe127f42dca9de82fb58b1/_/1/_12329.jpg,,,1237
823,K&N's Burger Patties (Pack of 16) - 1.7kg,,1450,,Groceries,https://cdn.mycart.pk/media/catalog/product/cache/1/small_image/200x/17f82f742ffe127f42dca9de82fb58b1/_/1/_12297.jpg,,,1240
824,K&N's Breakfast Sausage (Pack of 24) - 720gm,,1200,,Groceries,https://cdn.mycart.pk/media/catalog/product/cache/1/small_image/200x/17f82f742ffe127f42dca9de82fb58b1/d/s/dsc_0734.png,,,1243
825,Jazaa Turmeric Powder - 50gm,,135,,Groceries,https://cdn.mycart.pk/media/catalog/product/cache/1/small_image/200x/17f82f742ffe127f42dca9de82fb58b1/j/a/jazaa_turmeric_powder_-_50gm.jpg,,,1246
826,Jazaa Sela Gold Rice - 5kg,,2480,,Groceries,https://cdn.mycart.pk/media/catalog/product/cache/1/small_image/200x/17f82f742ffe127f42dca9de82fb58b1/j/a/jazaa_sela_gold_rice_-_5kg.jpg,,,1249
827,Jazaa Sela Gold Rice - 1kg,,510,,Groceries,https://cdn.mycart.pk/media/catalog/product/cache/1/small_image/200x/17f82f742ffe127f42dca9de82fb58b1/_/1/_12671.png,,,1252
828,Jazaa Rozmarrah Rice - 5kg,,1500,,Groceries,https://cdn.mycart.pk/media/catalog/product/cache/1/small_image/200x/17f82f742ffe127f42dca9de82fb58b1/j/a/jazaa_rozmarrah_rice_5kg.jpg,,,1255
829,Jazaa Rozmarrah Rice - 1kg,,300,,Groceries,https://cdn.mycart.pk/media/catalog/product/cache/1/small_image/200x/17f82f742ffe127f42dca9de82fb58b1/8/9/8964001207542.jpg,,,1258
830,Jazaa Red Chilli Powder - 50gm,,145,,Groceries,https://cdn.mycart.pk/media/catalog/product/cache/1/small_image/200x/17f82f742ffe127f42dca9de82fb58b1/j/a/jazaa_red_chilli_powder_-_50gm.jpg,,,1261
831,Jazaa Premium Basmati Rice - 5kg,,2170,,Groceries,https://cdn.mycart.pk/media/catalog/product/cache/1/small_image/200x/17f82f742ffe127f42dca9de82fb58b1/j/a/jazaa_premium_basmati_rice_5kg.jpg,,,43
832,Jazaa Premium Basmati Rice - 1kg,,445,,Groceries,https://cdn.mycart.pk/media/catalog/product/cache/1/small_image/200x/17f82f742ffe127f42dca9de82fb58b1/j/a/jazaa_premium_basmati_rice_1kg.jpg,,,46
833,Jazaa Paprika Powder - 50gm,,210,,Groceries,https://cdn.mycart.pk/media/catalog/product/cache/1/small_image/200x/17f82f742ffe127f42dca9de82fb58b1/p/a/paprika_powder_50_gm.jpg,,,49
834,Jazaa Papaya Paste - 330gm,,380,,Groceries,https://cdn.mycart.pk/media/catalog/product/cache/1/small_image/200x/17f82f742ffe127f42dca9de82fb58b1/8/9/8964001207436_1.jpg,,,52
835,Jazaa Onion Paste - 330gm,,440,,Groceries,https://cdn.mycart.pk/media/catalog/product/cache/1/small_image/200x/17f82f742ffe127f42dca9de82fb58b1/8/9/8964001207443_1.jpg,,,55
836,Jazaa Ginger Powder - 100gm,,350,,Groceries,https://cdn.mycart.pk/media/catalog/product/cache/1/small_image/200x/17f82f742ffe127f42dca9de82fb58b1/2/0/20190617_131836.jpg,,,58
837,Jazaa Ginger Paste - 330gm,,520,,Groceries,https://cdn.mycart.pk/media/catalog/product/cache/1/small_image/200x/17f82f742ffe127f42dca9de82fb58b1/0/1/01-ginger-paste.png,,,61
838,Jazaa Ginger Garlic Paste - 330gm,,450,,Groceries,https://cdn.mycart.pk/media/catalog/product/cache/1/small_image/200x/17f82f742ffe127f42dca9de82fb58b1/0/1/01-ginger-_-garlic.png,,,64
839,Jazaa Garlic Powder - 100gm,,270,,Groceries,https://cdn.mycart.pk/media/catalog/product/cache/1/small_image/200x/17f82f742ffe127f42dca9de82fb58b1/2/0/20190617_131811.jpg,,,67
840,Jazaa Garlic Paste - 330gm,,450,,Groceries,https://cdn.mycart.pk/media/catalog/product/cache/1/small_image/200x/17f82f742ffe127f42dca9de82fb58b1/0/1/01-garlic-paste.png,,,70
841,Jazaa Garam Masala - 100gm,,440,,Groceries,https://cdn.mycart.pk/media/catalog/product/cache/1/small_image/200x/17f82f742ffe127f42dca9de82fb58b1/8/9/8964001207801.jpg,,,73
842,Jazaa Fried Onion - 400gm,,465,,Groceries,https://cdn.mycart.pk/media/catalog/product/cache/1/small_image/200x/17f82f742ffe127f42dca9de82fb58b1/f/r/fried_onion_front.png,,,76
843,Jazaa Elite Steam Rice - 5kg,,2580,,Groceries,https://cdn.mycart.pk/media/catalog/product/cache/1/small_image/200x/17f82f742ffe127f42dca9de82fb58b1/j/a/jazaa_elite_steam_rice_5kg.jpg,,,79
844,Jazaa Elite Steam Rice - 1kg,,510,,Groceries,https://cdn.mycart.pk/media/catalog/product/cache/1/small_image/200x/17f82f742ffe127f42dca9de82fb58b1/j/a/jazaa_elite_steam_rice_1kg.jpg,,,82
845,Jazaa Economy Rice - 5kg,,1580,,Groceries,https://cdn.mycart.pk/media/catalog/product/cache/1/small_image/200x/17f82f742ffe127f42dca9de82fb58b1/j/a/jazaa_economy_rice_5kg.jpg,,,85
846,Jazaa Economy Rice - 1kg,,330,,Groceries,https://cdn.mycart.pk/media/catalog/product/cache/1/small_image/200x/17f82f742ffe127f42dca9de82fb58b1/j/a/jazaa_economy_rice_1kg.jpg,,,88
847,Jazaa Cumin Powder - 50gm,,320,,Groceries,https://cdn.mycart.pk/media/catalog/product/cache/1/small_image/200x/17f82f742ffe127f42dca9de82fb58b1/0/2/02__1_1_.jpg,,,91
848,Jazaa Coriander Powder - 50gm,,110,,Groceries,https://cdn.mycart.pk/media/catalog/product/cache/1/small_image/200x/17f82f742ffe127f42dca9de82fb58b1/0/3/03__1_.jpg,,,94
849,Jazaa Chat Masala - 100gm,,220,,Groceries,https://cdn.mycart.pk/media/catalog/product/cache/1/small_image/200x/17f82f742ffe127f42dca9de82fb58b1/8/9/8964001207641.jpg,,,97
850,Jazaa Brown Rice Jar - 1.5kg,,780,,Groceries,https://cdn.mycart.pk/media/catalog/product/cache/1/small_image/200x/17f82f742ffe127f42dca9de82fb58b1/b/r/brown_rice.jpg,,,100
851,Jazaa Black Pepper powder - 50gm,,260,,Groceries,https://cdn.mycart.pk/media/catalog/product/cache/1/small_image/200x/17f82f742ffe127f42dca9de82fb58b1/j/a/jazaa_black_pepper_powder-50_g.jpg,,,103
852,Jazaa Basmati Rice - 5kg,,1980,,Groceries,https://cdn.mycart.pk/media/catalog/product/cache/1/small_image/200x/17f82f742ffe127f42dca9de82fb58b1/j/a/jazaa_basmati_rice_5kg.jpg,,,106
853,Jaggery Powder (Gurr Powder) - 500gm,,120,,Groceries,https://cdn.mycart.pk/media/catalog/product/cache/1/small_image/200x/17f82f742ffe127f42dca9de82fb58b1/g/u/gurr-khalis-1kg.jpg,,,109
854,Italiano white pepper powder - 70gm,,490,,Groceries,https://cdn.mycart.pk/media/catalog/product/cache/1/small_image/200x/17f82f742ffe127f42dca9de82fb58b1/1/1/1145073-1.jpg,,,112
855,Italiano Oregano Leaves - 35gm,,175,,Groceries,https://cdn.mycart.pk/media/catalog/product/cache/1/small_image/200x/17f82f742ffe127f42dca9de82fb58b1/1/1/1179891-1.jpg,,,115
856,Italiano Onion Powder - 60g,,320,,Groceries,https://cdn.mycart.pk/media/catalog/product/cache/1/small_image/200x/17f82f742ffe127f42dca9de82fb58b1/1/1/1111621-1.jpg,,,118
857,Italiano Meat Tenderizer - 50gm,,130,,Groceries,https://cdn.mycart.pk/media/catalog/product/cache/1/small_image/200x/17f82f742ffe127f42dca9de82fb58b1/i/t/italiano-meat-tenderizer-box-50gm-1_1_.jpg,,,121
858,Italiano Kashmiri Chilli Powder - 85gm,,285,,Groceries,https://cdn.mycart.pk/media/catalog/product/cache/1/small_image/200x/17f82f742ffe127f42dca9de82fb58b1/i/t/italiano-kashmiri-chilli-powder-85gm-copy-1.jpg,,,124
859,Italia Olive Pomace Oil Tin - 400ml,,1640,,Groceries,https://cdn.mycart.pk/media/catalog/product/cache/1/small_image/200x/17f82f742ffe127f42dca9de82fb58b1/i/t/italia.jpg,,,127
860,Hub Pak Refined Salt - 800gm,,100,,Groceries,https://cdn.mycart.pk/media/catalog/product/cache/1/small_image/200x/17f82f742ffe127f42dca9de82fb58b1/6/2/621501001107.jpg,,,130
861,Hub Pak Namak - 800gm,,50,,Groceries,https://cdn.mycart.pk/media/catalog/product/cache/1/small_image/200x/17f82f742ffe127f42dca9de82fb58b1/6/2/621501001145_1.jpg,,,133
862,Hub Pak Iodized Salt - 800gm,,100,,Groceries,https://cdn.mycart.pk/media/catalog/product/cache/1/small_image/200x/17f82f742ffe127f42dca9de82fb58b1/6/2/621501001091_2.jpg,,,136
863,Hub Pak Iodized Namak - 800gm,,50,,Groceries,https://cdn.mycart.pk/media/catalog/product/cache/1/small_image/200x/17f82f742ffe127f42dca9de82fb58b1/6/2/621501001138_1.jpg,,,139
864,Hosen Lychee in Syrup - 565gm,,440,,Groceries,https://cdn.mycart.pk/media/catalog/product/cache/1/small_image/200x/17f82f742ffe127f42dca9de82fb58b1/8/8/8888192820055_-_1_5.JPG,,,142
865,Hosen Coconut Rich and Creamy Milk - 400ml,,410,,Groceries,https://cdn.mycart.pk/media/catalog/product/cache/1/small_image/200x/17f82f742ffe127f42dca9de82fb58b1/8/8/8888192901617_-_1_5.JPG,,,145
866,Herman Light Mayonnaise Jar - 946ml,,1979,,Groceries,https://cdn.mycart.pk/media/catalog/product/cache/1/small_image/200x/17f82f742ffe127f42dca9de82fb58b1/h/e/herman_mayo.png,,,148
867,Hemani Pure Honey with Ginseng - 250gm,,780,,Groceries,https://cdn.mycart.pk/media/catalog/product/cache/1/small_image/200x/17f82f742ffe127f42dca9de82fb58b1/8/9/8964000735152.jpg,,,151
868,Hemani Pure Honey with Black Seed - 250gm,,660,,Groceries,https://cdn.mycart.pk/media/catalog/product/cache/1/small_image/200x/17f82f742ffe127f42dca9de82fb58b1/8/9/8964000735121.jpg,,,154
869,Hemani Pure Honey - 250gm,,660,,Groceries,https://cdn.mycart.pk/media/catalog/product/cache/1/small_image/200x/17f82f742ffe127f42dca9de82fb58b1/8/9/8964000735138.jpg,,,157
870,Hellmann's Real Mayonnaise - 450ml,,520,,Groceries,https://cdn.mycart.pk/media/catalog/product/cache/1/small_image/200x/17f82f742ffe127f42dca9de82fb58b1/h/e/hellmann_s.jpg,,,160
871,Heinz Baked Beanz - 415gm,,630,,Groceries,https://cdn.mycart.pk/media/catalog/product/cache/1/small_image/200x/17f82f742ffe127f42dca9de82fb58b1/_/0/_07353.jpg,,,163
872,Hashmi Ispaghol Husk Jar - 290gm,,2150,,Groceries,https://cdn.mycart.pk/media/catalog/product/cache/1/small_image/200x/17f82f742ffe127f42dca9de82fb58b1/_/0/_01687.jpg,,,166
873,Hashmi Ispaghol Husk Jar - 100gm,,820,,Groceries,https://cdn.mycart.pk/media/catalog/product/cache/1/small_image/200x/17f82f742ffe127f42dca9de82fb58b1/_/0/_01685.jpg,,,169
874,Hashmi Ispaghol Husk - 260gm,,1650,,Groceries,https://cdn.mycart.pk/media/catalog/product/cache/1/small_image/200x/17f82f742ffe127f42dca9de82fb58b1/i/s/ispaghol-260g-zipper-pouch.png,,,172
875,Hashmi Ispaghol Husk - 100gm,,680,,Groceries,https://cdn.mycart.pk/media/catalog/product/cache/1/small_image/200x/17f82f742ffe127f42dca9de82fb58b1/_/0/_01683.jpg,,,175
876,Happy Home China Grass Powder - 10gm,,60,,Groceries,https://cdn.mycart.pk/media/catalog/product/cache/1/small_image/200x/17f82f742ffe127f42dca9de82fb58b1/1/0/1017533-1.jpg,,,178
877,Habib Cooking Oil - 5Ltr,,3050,,Groceries,https://cdn.mycart.pk/media/catalog/product/cache/1/small_image/200x/17f82f742ffe127f42dca9de82fb58b1/6/2/6297000027098.jpg,,,181
878,Habib Cooking Oil - 2.5Ltr,,1600,,Groceries,https://cdn.mycart.pk/media/catalog/product/cache/1/small_image/200x/17f82f742ffe127f42dca9de82fb58b1/6/2/6297000027081.jpg,,,184
879,Habib Cooking Oil - 1Ltr,,620,,Groceries,https://cdn.mycart.pk/media/catalog/product/cache/1/small_image/200x/17f82f742ffe127f42dca9de82fb58b1/6/2/6297000027043_1.jpg,,,187
880,Habib Banaspati Ghee 1Kg,,610,,Groceries,https://cdn.mycart.pk/media/catalog/product/cache/1/small_image/200x/17f82f742ffe127f42dca9de82fb58b1/6/2/6297000027197.jpg,,,190
881,Habib Banaspati Ghee - 5kg,,3050,,Groceries,https://cdn.mycart.pk/media/catalog/product/cache/1/small_image/200x/17f82f742ffe127f42dca9de82fb58b1/6/2/6297000027241.jpg,,,193
882,Habib Banaspati Ghee - 2.5kg,,1600,,Groceries,https://cdn.mycart.pk/media/catalog/product/cache/1/small_image/200x/17f82f742ffe127f42dca9de82fb58b1/6/2/6297000027234.jpg,,,196
883,Guard Ultimate Basmati Rice - 1kg,,550,,Groceries,https://cdn.mycart.pk/media/catalog/product/cache/1/small_image/200x/17f82f742ffe127f42dca9de82fb58b1/_/0/_04845_1.jpg,,,199
884,Guard Tukra Basmati Rice - 5kg,,1385,,Groceries,https://cdn.mycart.pk/media/catalog/product/cache/1/small_image/200x/17f82f742ffe127f42dca9de82fb58b1/g/u/guard_rice_tukra_basmati_5kg.jpg,,,202
885,Guard Tukra Basmati Rice - 1kg,,320,,Groceries,https://cdn.mycart.pk/media/catalog/product/cache/1/small_image/200x/17f82f742ffe127f42dca9de82fb58b1/_/0/_04843_1.jpg,,,205
886,Guard Tibar Basmati Rice - 5kg,,1950,,Groceries,https://cdn.mycart.pk/media/catalog/product/cache/1/small_image/200x/17f82f742ffe127f42dca9de82fb58b1/g/u/guard_rice_tibar_basmati_5kg.jpg,,,208
887,Guard Tibar Basmati Rice - 1kg,,380,,Groceries,https://cdn.mycart.pk/media/catalog/product/cache/1/small_image/200x/17f82f742ffe127f42dca9de82fb58b1/_/0/_04839_1_1.jpg,,,211
888,Guard Supreme Basmati Rice - 5kg,,2945,,Groceries,https://cdn.mycart.pk/media/catalog/product/cache/1/small_image/200x/17f82f742ffe127f42dca9de82fb58b1/i/m/image_8.png,,,214
889,Guard Supreme Basmati Rice - 1kg,,585,,Groceries,https://cdn.mycart.pk/media/catalog/product/cache/1/small_image/200x/17f82f742ffe127f42dca9de82fb58b1/_/0/_04831_1_1.jpg,,,217
890,Guard Super Kernel Sella Basmati Rice - 5kg,,1980,,Groceries,https://cdn.mycart.pk/media/catalog/product/cache/1/small_image/200x/17f82f742ffe127f42dca9de82fb58b1/g/u/guard_rice_super_kernel_sella_5kg.jpg,,,220
891,Guard Super Kernel Sella Basmati Rice - 1kg,,395,,Groceries,https://cdn.mycart.pk/media/catalog/product/cache/1/small_image/200x/17f82f742ffe127f42dca9de82fb58b1/g/u/guard_rice_super_kernel_sella_1kg.jpg,,,223
892,Guard Super Kernel Basmati Rice - 5kg,,2395,,Groceries,https://cdn.mycart.pk/media/catalog/product/cache/1/small_image/200x/17f82f742ffe127f42dca9de82fb58b1/i/m/image_1_4.png,,,226
893,Guard Super Kernel Basmati Rice - 1kg,,475,,Groceries,https://cdn.mycart.pk/media/catalog/product/cache/1/small_image/200x/17f82f742ffe127f42dca9de82fb58b1/_/0/_04829_1.jpg,,,229
894,Guard Long Grain Rice - 5kg,,1550,,Groceries,https://cdn.mycart.pk/media/catalog/product/cache/1/small_image/200x/17f82f742ffe127f42dca9de82fb58b1/g/u/guard_longrain_rice_5kg.jpg,,,232
895,Guard Long Grain Rice - 1kg,,310,,Groceries,https://cdn.mycart.pk/media/catalog/product/cache/1/small_image/200x/17f82f742ffe127f42dca9de82fb58b1/g/u/guard_longrain_rice_-_1kg.jpg,,,235
896,Guard Easy Cook Sella Rice - 5kg,,2220,,Groceries,https://cdn.mycart.pk/media/catalog/product/cache/1/small_image/200x/17f82f742ffe127f42dca9de82fb58b1/g/u/guard_easy_cook_sella_rice_5kg.jpg,,,238
897,Guard Easy Cook Sella Rice - 1kg,,410,,Groceries,https://cdn.mycart.pk/media/catalog/product/cache/1/small_image/200x/17f82f742ffe127f42dca9de82fb58b1/_/0/_04833_2.jpg,,,241
898,Guard Brown Basmati Low Fat Rice Jar - 1.5kg,,780,,Groceries,https://cdn.mycart.pk/media/catalog/product/cache/1/small_image/200x/17f82f742ffe127f42dca9de82fb58b1/_/0/_03893_1.jpg,,,244
899,Guard Awami Basmati Rice - 1kg,,310,,Groceries,https://cdn.mycart.pk/media/catalog/product/cache/1/small_image/200x/17f82f742ffe127f42dca9de82fb58b1/_/0/_04837_1.jpg,,,247
900,Golden Sun Cooking Oil Pouch - 1Ltr,,625,,Groceries,https://cdn.mycart.pk/media/catalog/product/cache/1/small_image/200x/17f82f742ffe127f42dca9de82fb58b1/6/2/6291003233494.jpg,,,250
901,Golden Sun Cooking Oil Bottle - 5Ltr,,3000,,Groceries,https://cdn.mycart.pk/media/catalog/product/cache/1/small_image/200x/17f82f742ffe127f42dca9de82fb58b1/g/o/golden_sun.png,,,253
902,Garam Masala Sabat - 250gm,,1000,,Groceries,https://cdn.mycart.pk/media/catalog/product/cache/1/small_image/200x/17f82f742ffe127f42dca9de82fb58b1/m/c/mcp000002397.jpg,,,256
903,Garam Masala Mix Powder - 100gm,,330,,Groceries,https://cdn.mycart.pk/media/catalog/product/cache/1/small_image/200x/17f82f742ffe127f42dca9de82fb58b1/_/1/_10215.jpg,,,259
904,Fried Onion - 500gm,,335,,Groceries,https://cdn.mycart.pk/media/catalog/product/cache/1/small_image/200x/17f82f742ffe127f42dca9de82fb58b1/r/e/resized_image.png,,,262
905,Freshmate Zeera Raita mix - 80gm,,345,,Groceries,https://cdn.mycart.pk/media/catalog/product/cache/1/small_image/200x/17f82f742ffe127f42dca9de82fb58b1/_/0/_03801_2.jpg,,,265
906,Freshmate Shahi Qorma Chicken - 275gm,,960,,Groceries,https://cdn.mycart.pk/media/catalog/product/cache/1/small_image/200x/17f82f742ffe127f42dca9de82fb58b1/_/0/_03080_2.jpg,,,268
907,Freshmate Reshmai Kofta Curry Chicken - 275gm,,980,,Groceries,https://cdn.mycart.pk/media/catalog/product/cache/1/small_image/200x/17f82f742ffe127f42dca9de82fb58b1/_/0/_07611.jpg,,,271
908,Freshmate Podina Raita mix - 80gm,,345,,Groceries,https://cdn.mycart.pk/media/catalog/product/cache/1/small_image/200x/17f82f742ffe127f42dca9de82fb58b1/_/0/_03807_2.jpg,,,274
909,Freshmate Nehari Chicken - 275gm,,860,,Groceries,https://cdn.mycart.pk/media/catalog/product/cache/1/small_image/200x/17f82f742ffe127f42dca9de82fb58b1/_/0/_03082_2.jpg,,,277
910,Freshmate Hari Mirch Qeema Chicken - 250gm,,980,,Groceries,https://cdn.mycart.pk/media/catalog/product/cache/1/small_image/200x/17f82f742ffe127f42dca9de82fb58b1/_/0/_07613.jpg,,,280
911,Freshmate Hara Masala Chicken - 275gm,,1020,,Groceries,https://cdn.mycart.pk/media/catalog/product/cache/1/small_image/200x/17f82f742ffe127f42dca9de82fb58b1/_/0/_03088_2.jpg,,,283
912,Freshmate Haleem Chicken - 300gm,,685,,Groceries,https://cdn.mycart.pk/media/catalog/product/cache/1/small_image/200x/17f82f742ffe127f42dca9de82fb58b1/_/0/_03074_2.jpg,,,286
913,Freshmate Fruit Chaat Masala Chatkhara - 100gm,,310,,Groceries,https://cdn.mycart.pk/media/catalog/product/cache/1/small_image/200x/17f82f742ffe127f42dca9de82fb58b1/_/0/_03809_2.jpg,,,289
914,Freshmate Delhi Shahi Nehari Chicken - 275gm,,950,,Groceries,https://cdn.mycart.pk/media/catalog/product/cache/1/small_image/200x/17f82f742ffe127f42dca9de82fb58b1/_/0/_03108_2.jpg,,,292
915,Freshmate Chicken Karahi - 275gm,,960,,Groceries,https://cdn.mycart.pk/media/catalog/product/cache/1/small_image/200x/17f82f742ffe127f42dca9de82fb58b1/_/0/_05361_2.jpg,,,295
916,Freshmate Chicken Aaloo Qeema - 275gm,,860,,Groceries,https://cdn.mycart.pk/media/catalog/product/cache/1/small_image/200x/17f82f742ffe127f42dca9de82fb58b1/_/0/_03092_2.jpg,,,298
917,Freshmate Chatkhara Dahi Bara Masala - 80gm,,300,,Groceries,https://cdn.mycart.pk/media/catalog/product/cache/1/small_image/200x/17f82f742ffe127f42dca9de82fb58b1/d/a/dahi-bara-masala-online-ready-to-eat-food-in-pakistan.png,,,301
918,Freshmate Chat Masala Chatkhara - 100gm,,345,,Groceries,https://cdn.mycart.pk/media/catalog/product/cache/1/small_image/200x/17f82f742ffe127f42dca9de82fb58b1/_/0/_03811_2.jpg,,,304
919,Freshmate Biryani Chicken - 275gm,,790,,Groceries,https://cdn.mycart.pk/media/catalog/product/cache/1/small_image/200x/17f82f742ffe127f42dca9de82fb58b1/_/0/_03112_2.jpg,,,307
920,Freshmate Arabic Dukkha Raita Mix - 80gm,,340,,Groceries,https://cdn.mycart.pk/media/catalog/product/cache/1/small_image/200x/17f82f742ffe127f42dca9de82fb58b1/_/0/_03805.jpg,,,310
921,Freshmate Achari Chicken - 275gm,,960,,Groceries,https://cdn.mycart.pk/media/catalog/product/cache/1/small_image/200x/17f82f742ffe127f42dca9de82fb58b1/_/0/_03084_2.jpg,,,313
922,French's Classic Yellow Mustard Paste - 226gm,,1300,,Groceries,https://cdn.mycart.pk/media/catalog/product/cache/1/small_image/200x/17f82f742ffe127f42dca9de82fb58b1/_/1/_13778.png,,,316
923,French Sandwich Spread Pouch - 200ml,,310,,Groceries,https://cdn.mycart.pk/media/catalog/product/cache/1/small_image/200x/17f82f742ffe127f42dca9de82fb58b1/8/9/8964000061626.jpg,,,319
924,Figaro Pitted Green Olives - 212gm,,1200,,Groceries,https://cdn.mycart.pk/media/catalog/product/cache/1/small_image/200x/17f82f742ffe127f42dca9de82fb58b1/f/i/figaro_olives_pitted_240g_green.jpg,,,322
925,Figaro Green Whole Olives - 450gm,,1480,,Groceries,https://cdn.mycart.pk/media/catalog/product/cache/1/small_image/200x/17f82f742ffe127f42dca9de82fb58b1/_/0/_03166.jpg,,,325
926,Figaro Green Whole Olives - 142gm,,710,,Groceries,https://cdn.mycart.pk/media/catalog/product/cache/1/small_image/200x/17f82f742ffe127f42dca9de82fb58b1/_/0/_08617.jpg,,,328
927,Figaro Green Stuffed Olives - 935gm,,2520,,Groceries,https://cdn.mycart.pk/media/catalog/product/cache/1/small_image/200x/17f82f742ffe127f42dca9de82fb58b1/f/i/figaro_olives_stuffed_920g_green.jpg,,,331
928,Figaro Green Stuffed Olives - 450gm,,1480,,Groceries,https://cdn.mycart.pk/media/catalog/product/cache/1/small_image/200x/17f82f742ffe127f42dca9de82fb58b1/_/0/_03168.jpg,,,334
929,Figaro Green Stuffed Olives - 340gm,,1090,,Groceries,https://cdn.mycart.pk/media/catalog/product/cache/1/small_image/200x/17f82f742ffe127f42dca9de82fb58b1/_/0/_08613.jpg,,,337
930,Figaro Green Stuffed Olives - 240gm,,960,,Groceries,https://cdn.mycart.pk/media/catalog/product/cache/1/small_image/200x/17f82f742ffe127f42dca9de82fb58b1/_/0/_03184.jpg,,,340
931,Figaro Green Stuffed Olives - 142gm,,710,,Groceries,https://cdn.mycart.pk/media/catalog/product/cache/1/small_image/200x/17f82f742ffe127f42dca9de82fb58b1/_/0/_08615.jpg,,,343
932,Figaro Green Sliced Olives - 340gm,,1090,,Groceries,https://cdn.mycart.pk/media/catalog/product/cache/1/small_image/200x/17f82f742ffe127f42dca9de82fb58b1/_/0/_03172.jpg,,,346
933,Figaro Green Sliced Olives - 240gm,,960,,Groceries,https://cdn.mycart.pk/media/catalog/product/cache/1/small_image/200x/17f82f742ffe127f42dca9de82fb58b1/_/0/_03192.jpg,,,349
934,Figaro Green Slice Olives - 450gm,,1480,,Groceries,https://cdn.mycart.pk/media/catalog/product/cache/1/small_image/200x/17f82f742ffe127f42dca9de82fb58b1/_/0/_03158.jpg,,,352
935,Figaro Green Plain Olives - 240gm,,960,,Groceries,https://cdn.mycart.pk/media/catalog/product/cache/1/small_image/200x/17f82f742ffe127f42dca9de82fb58b1/_/0/_03184_2.jpg,,,355
936,Figaro Green Pitted Olives - 920gm,,2375,,Groceries,https://cdn.mycart.pk/media/catalog/product/cache/1/small_image/200x/17f82f742ffe127f42dca9de82fb58b1/_/0/_03152.jpg,,,358
937,Figaro Green Pitted Olives - 450gm,,1480,,Groceries,https://cdn.mycart.pk/media/catalog/product/cache/1/small_image/200x/17f82f742ffe127f42dca9de82fb58b1/_/0/_03188.jpg,,,361
938,Figaro Green Pitted Olives - 340gm,,1090,,Groceries,https://cdn.mycart.pk/media/catalog/product/cache/1/small_image/200x/17f82f742ffe127f42dca9de82fb58b1/_/0/_03170.jpg,,,364
939,Figaro Green Pitted Olives - 142gm,,710,,Groceries,https://cdn.mycart.pk/media/catalog/product/cache/1/small_image/200x/17f82f742ffe127f42dca9de82fb58b1/_/0/_08619.jpg,,,367
940,Figaro Black Whole Olives - 450gm,,1480,,Groceries,https://cdn.mycart.pk/media/catalog/product/cache/1/small_image/200x/17f82f742ffe127f42dca9de82fb58b1/_/0/_03160_2.jpg,,,370
941,Figaro Black Whole Olives - 340gm,,1090,,Groceries,https://cdn.mycart.pk/media/catalog/product/cache/1/small_image/200x/17f82f742ffe127f42dca9de82fb58b1/_/0/_03178_2.jpg,,,373
942,Figaro Black Whole Olives - 142gm,,710,,Groceries,https://cdn.mycart.pk/media/catalog/product/cache/1/small_image/200x/17f82f742ffe127f42dca9de82fb58b1/_/0/_08621.jpg,,,376
943,Figaro Black Sliced Olives - 920gm,,2350,,Groceries,https://cdn.mycart.pk/media/catalog/product/cache/1/small_image/200x/17f82f742ffe127f42dca9de82fb58b1/_/0/_03146.jpg,,,379
944,Figaro Black Sliced Olives - 450gm,,1480,,Groceries,https://cdn.mycart.pk/media/catalog/product/cache/1/small_image/200x/17f82f742ffe127f42dca9de82fb58b1/_/0/_03164.jpg,,,382
945,Figaro Black Sliced Olives - 340gm,,1090,,Groceries,https://cdn.mycart.pk/media/catalog/product/cache/1/small_image/200x/17f82f742ffe127f42dca9de82fb58b1/_/0/_08609.jpg,,,385
946,Figaro Black Sliced Olives - 240gm,,960,,Groceries,https://cdn.mycart.pk/media/catalog/product/cache/1/small_image/200x/17f82f742ffe127f42dca9de82fb58b1/_/0/_03190.jpg,,,388
947,Figaro Black Plain Olives - 240gm,,960,,Groceries,https://cdn.mycart.pk/media/catalog/product/cache/1/small_image/200x/17f82f742ffe127f42dca9de82fb58b1/_/0/_03186.jpg,,,391
948,Figaro Black Pitted Olives - 920gm,,2410,,Groceries,https://cdn.mycart.pk/media/catalog/product/cache/1/small_image/200x/17f82f742ffe127f42dca9de82fb58b1/_/0/_03154.jpg,,,394
949,Figaro Black Pitted Olives - 450gm,,1480,,Groceries,https://cdn.mycart.pk/media/catalog/product/cache/1/small_image/200x/17f82f742ffe127f42dca9de82fb58b1/_/0/_03160.jpg,,,397
950,Figaro Black Pitted Olives - 340gm,,1090,,Groceries,https://cdn.mycart.pk/media/catalog/product/cache/1/small_image/200x/17f82f742ffe127f42dca9de82fb58b1/_/0/_03178.jpg,,,400
951,Figaro Black Pitted Olives - 240gm,,960,,Groceries,https://cdn.mycart.pk/media/catalog/product/cache/1/small_image/200x/17f82f742ffe127f42dca9de82fb58b1/_/0/_08625.jpg,,,403
952,Fenugreek Seeds (Methi Dana) - 100gm,,120,,Groceries,https://cdn.mycart.pk/media/catalog/product/cache/1/small_image/200x/17f82f742ffe127f42dca9de82fb58b1/_/1/_10224.jpg,,,406
953,Fennel (Saunf) - 100gm,,90,,Groceries,https://cdn.mycart.pk/media/catalog/product/cache/1/small_image/200x/17f82f742ffe127f42dca9de82fb58b1/_/0/_09132_1.jpg,,,409
954,Farm Fresh Pineapple Slices Tin - 567gm,,540,,Groceries,https://cdn.mycart.pk/media/catalog/product/cache/1/small_image/200x/17f82f742ffe127f42dca9de82fb58b1/_/0/_07991.jpg,,,412
955,Farm Fresh Pineapple Broken Slices Tin - 565gm,,540,,Groceries,https://cdn.mycart.pk/media/catalog/product/cache/1/small_image/200x/17f82f742ffe127f42dca9de82fb58b1/_/0/_07993.jpg,,,415
956,Falak Zeera Raita Masala Bottle - 80gm,,510,,Groceries,https://cdn.mycart.pk/media/catalog/product/cache/1/small_image/200x/17f82f742ffe127f42dca9de82fb58b1/f/a/falak_zeera_raita_masala_75gm_bottle.jpg,,,418
957,Falak Sella Zarda Rice - 1kg,,390,,Groceries,https://cdn.mycart.pk/media/catalog/product/cache/1/small_image/200x/17f82f742ffe127f42dca9de82fb58b1/8/9/8961100093168.png,,,421
958,Falak Select Rice - 5kg,,1800,,Groceries,https://cdn.mycart.pk/media/catalog/product/cache/1/small_image/200x/17f82f742ffe127f42dca9de82fb58b1/7/0/70_408_select-5kg1-large.jpg,,,424
959,Falak Rice Select - 1kg,,375,,Groceries,https://cdn.mycart.pk/media/catalog/product/cache/1/small_image/200x/17f82f742ffe127f42dca9de82fb58b1/_/0/_04853_1.jpg,,,427
960,Falak Rice Flour - 1kg,,310,,Groceries,https://cdn.mycart.pk/media/catalog/product/cache/1/small_image/200x/17f82f742ffe127f42dca9de82fb58b1/8/9/8961100093137.png,,,430
961,Falak Premium Sella Rice - 1kg,,490,,Groceries,https://cdn.mycart.pk/media/catalog/product/cache/1/small_image/200x/17f82f742ffe127f42dca9de82fb58b1/_/0/_04855_1_2.jpg,,,433
962,Falak Premium Rice - 5kg,,2200,,Groceries,https://cdn.mycart.pk/media/catalog/product/cache/1/small_image/200x/17f82f742ffe127f42dca9de82fb58b1/f/a/falak_premium_rice_5kg.jpg,,,436
963,Falak Podina Raita Masala Bottle - 75gm,,250,,Groceries,https://cdn.mycart.pk/media/catalog/product/cache/1/small_image/200x/17f82f742ffe127f42dca9de82fb58b1/8/9/8961100093854_2.png,,,439
964,Falak Paprika Powder - 85g,,399,,Groceries,https://cdn.mycart.pk/media/catalog/product/cache/1/small_image/200x/17f82f742ffe127f42dca9de82fb58b1/1/2/1223481-1.jpg,,,442
965,Falak Onion Powder - 60gm,,350,,Groceries,https://cdn.mycart.pk/media/catalog/product/cache/1/small_image/200x/17f82f742ffe127f42dca9de82fb58b1/f/a/falak_onion_powder.png,,,445
966,Falak Meat Tenderizer Powder - 100gm,,235,,Groceries,https://cdn.mycart.pk/media/catalog/product/cache/1/small_image/200x/17f82f742ffe127f42dca9de82fb58b1/g/r/grocerapp-falak-meat-tenderizer-powder-100gm-60c0a0be98b7d.jpeg,,,448
967,Falak Jasmine Rice - 5kg,,1850,,Groceries,https://cdn.mycart.pk/media/catalog/product/cache/1/small_image/200x/17f82f742ffe127f42dca9de82fb58b1/f/a/falak_jasmine_rice_-_5kg.jpg,,,451
968,Falak Himalayan Pink Salt Glass Bottle - 200gm,,420,,Groceries,https://cdn.mycart.pk/media/catalog/product/cache/1/small_image/200x/17f82f742ffe127f42dca9de82fb58b1/8/9/8961100093878.jpg,,,454
969,Falak Himalayan Pink Salt Bottle - 150gm,,105,,Groceries,https://cdn.mycart.pk/media/catalog/product/cache/1/small_image/200x/17f82f742ffe127f42dca9de82fb58b1/8/9/8981100093579.jpg,,,457
970,Falak Himalayan Pink Salt - 800gm,,95,,Groceries,https://cdn.mycart.pk/media/catalog/product/cache/1/small_image/200x/17f82f742ffe127f42dca9de82fb58b1/8/9/8961100093519.jpg,,,460
971,Falak Ginger Powder - 60gm,,300,,Groceries,https://cdn.mycart.pk/media/catalog/product/cache/1/small_image/200x/17f82f742ffe127f42dca9de82fb58b1/i/c/ic-1223480-1.jpg,,,463
972,Falak Garlic Powder - 70gm,,320,,Groceries,https://cdn.mycart.pk/media/catalog/product/cache/1/small_image/200x/17f82f742ffe127f42dca9de82fb58b1/g/r/grocerapp-falak-chaat-masala-100-gm-60c0b2f68421a.jpeg,,,466
973,Falak Fries Masala - 75gm,,290,,Groceries,https://cdn.mycart.pk/media/catalog/product/cache/1/small_image/200x/17f82f742ffe127f42dca9de82fb58b1/f/a/falak_fries_masala_-_75gm.jpg,,,469
974,Falak Extreme Basmati Rice - 5kg,,2420,,Groceries,https://cdn.mycart.pk/media/catalog/product/cache/1/small_image/200x/17f82f742ffe127f42dca9de82fb58b1/f/a/falak_extreme_basmati_rice_5kg.jpg,,,472
975,Falak Extreme Basmati Rice - 1kg,,495,,Groceries,https://cdn.mycart.pk/media/catalog/product/cache/1/small_image/200x/17f82f742ffe127f42dca9de82fb58b1/_/0/_04863_1.jpg,,,475
976,Falak Easy Cook Sella Rice - 5kg,,2320,,Groceries,https://cdn.mycart.pk/media/catalog/product/cache/1/small_image/200x/17f82f742ffe127f42dca9de82fb58b1/8/9/8961100093892.png,,,478
977,Falak Daily Rice - 5kg,,1800,,Groceries,https://cdn.mycart.pk/media/catalog/product/cache/1/small_image/200x/17f82f742ffe127f42dca9de82fb58b1/f/a/falak_daily_rice_-_5kg.jpg,,,481
978,Falak Daily Rice - 1kg,,370,,Groceries,https://cdn.mycart.pk/media/catalog/product/cache/1/small_image/200x/17f82f742ffe127f42dca9de82fb58b1/7/0/70476.jpg,,,484
979,Falak Chaat Masala Bottle - 100gm,,360,,Groceries,https://cdn.mycart.pk/media/catalog/product/cache/1/small_image/200x/17f82f742ffe127f42dca9de82fb58b1/f/a/falak_chaat_masala_100gm_bottle.jpg,,,487
980,Falak Brown Rice Jar - 1.5kg,,820,,Groceries,https://cdn.mycart.pk/media/catalog/product/cache/1/small_image/200x/17f82f742ffe127f42dca9de82fb58b1/f/a/falak_brown_rice_jar_1.5kg.jpg,,,490
981,Falak Black Salt - 120gm,,100,,Groceries,https://cdn.mycart.pk/media/catalog/product/cache/1/small_image/200x/17f82f742ffe127f42dca9de82fb58b1/8/9/8961100093861.jpg,,,493
982,Falak Black Pepper Glass Bottle - 85gm,,799,,Groceries,https://cdn.mycart.pk/media/catalog/product/cache/1/small_image/200x/17f82f742ffe127f42dca9de82fb58b1/8/9/8961100093885.png,,,496
983,Falak Begumi Rice - 1.5kg,,790,,Groceries,https://cdn.mycart.pk/media/catalog/product/cache/1/small_image/200x/17f82f742ffe127f42dca9de82fb58b1/f/a/falak_begumi_rice.jpg,,,499
984,Falak Bachat Long Grain Rice - 5kg,,1660,,Groceries,https://cdn.mycart.pk/media/catalog/product/cache/1/small_image/200x/17f82f742ffe127f42dca9de82fb58b1/i/m/image_11.png,,,502
985,Eva VTF Banaspati Tin - 5kg,,3100,,Groceries,https://cdn.mycart.pk/media/catalog/product/cache/1/small_image/200x/17f82f742ffe127f42dca9de82fb58b1/8/9/8964000002407_3_1.jpg,,,505
986,Eva VTF Banaspati Pouch Carton (Pack of 5) - 5Ltr,,3020,,Groceries,https://cdn.mycart.pk/media/catalog/product/cache/1/small_image/200x/17f82f742ffe127f42dca9de82fb58b1/8/9/8964000002391_3_1.jpg,,,508
987,Eva VTF Banaspati Pouch - 1kg,,619,,Groceries,https://cdn.mycart.pk/media/catalog/product/cache/1/small_image/200x/17f82f742ffe127f42dca9de82fb58b1/8/9/8964000002384_3_1.jpg,,,511
988,Eva Sunflower Oil Standup Pouch Carton (Pack of 5) - 5Ltr,,3080,,Groceries,https://cdn.mycart.pk/media/catalog/product/cache/1/small_image/200x/17f82f742ffe127f42dca9de82fb58b1/8/9/8964000002179_3_1.jpg,,,514
989,Eva Sunflower Oil Standup Pouch - 1Ltr,,625,,Groceries,https://cdn.mycart.pk/media/catalog/product/cache/1/small_image/200x/17f82f742ffe127f42dca9de82fb58b1/s/u/sunflower_pouch_copy.jpg,,,517
990,Eva Sunflower Oil Pillow Pouch Carton (Pack of 5) - 5Ltr,,3060,,Groceries,https://cdn.mycart.pk/media/catalog/product/cache/1/small_image/200x/17f82f742ffe127f42dca9de82fb58b1/8/9/8964000002339_3_1.jpg,,,520
991,Eva Sunflower Oil Pet Bottle - 5Ltr,,3200,,Groceries,https://cdn.mycart.pk/media/catalog/product/cache/1/small_image/200x/17f82f742ffe127f42dca9de82fb58b1/8/9/8964000002315_3_1.jpg,,,523
992,Eva Sunflower Oil Pet Bottle - 3Ltr,,1880,,Groceries,https://cdn.mycart.pk/media/catalog/product/cache/1/small_image/200x/17f82f742ffe127f42dca9de82fb58b1/8/9/8964000002308_3_1.jpg,,,526
993,Eva Cooking Oil Standup Pouch Carton (Pack of 5) - 5Ltr,,3080,,Groceries,https://cdn.mycart.pk/media/catalog/product/cache/1/small_image/200x/17f82f742ffe127f42dca9de82fb58b1/8/9/8964000002247_4.jpg,,,529
994,Eva Cooking Oil Standup Pouch - 1Ltr,,640,,Groceries,https://cdn.mycart.pk/media/catalog/product/cache/1/small_image/200x/17f82f742ffe127f42dca9de82fb58b1/e/v/eva_-_eva_cooking_oil_1l.jpg,,,532
995,Eva Cooking Oil Pillow Pouch Carton (Pack of 5) - 5Ltr,,3060,,Groceries,https://cdn.mycart.pk/media/catalog/product/cache/1/small_image/200x/17f82f742ffe127f42dca9de82fb58b1/8/9/8964000002353_3_1.jpg,,,535
996,Eva Cooking Oil Pillow Pouch - 1Ltr,,640,,Groceries,https://cdn.mycart.pk/media/catalog/product/cache/1/small_image/200x/17f82f742ffe127f42dca9de82fb58b1/8/9/8964000002087_3_1.jpg,,,538
997,Eva Cooking Oil - 5Ltr,,3200,,Groceries,https://cdn.mycart.pk/media/catalog/product/cache/1/small_image/200x/17f82f742ffe127f42dca9de82fb58b1/e/v/eva_-_eva_cooking_oil_5l.jpg,,,541
998,Eva Cooking Oil - 3Ltr,,1860,,Groceries,https://cdn.mycart.pk/media/catalog/product/cache/1/small_image/200x/17f82f742ffe127f42dca9de82fb58b1/e/v/eva_-_eva_cooking_oil_3l.jpg,,,544
999,Eva Canola Oil Tin - 5Ltr,,3200,,Groceries,https://cdn.mycart.pk/media/catalog/product/cache/1/small_image/200x/17f82f742ffe127f42dca9de82fb58b1/8/9/8964000002094_3_1.jpg,,,547
1000,Eva Canola Oil Standup Pouch Carton (Pack of 5) - 5Ltr,,3080,,Groceries,https://cdn.mycart.pk/media/catalog/product/cache/1/small_image/200x/17f82f742ffe127f42dca9de82fb58b1/8/9/8964000002254_3_1.jpg,,,550
1001,Eva Canola Oil Standup Pouch - 1Ltr,,640,,Groceries,https://cdn.mycart.pk/media/catalog/product/cache/1/small_image/200x/17f82f742ffe127f42dca9de82fb58b1/c/a/canola_pouch_copy.jpg,,,553
1002,Eva Canola Oil - 5Ltr,,3200,,Groceries,https://cdn.mycart.pk/media/catalog/product/cache/1/small_image/200x/17f82f742ffe127f42dca9de82fb58b1/e/v/eva_-_eva_canola_oil_5l.jpg,,,556
1003,Eva Canola Oil - 3Ltr,,1860,,Groceries,https://cdn.mycart.pk/media/catalog/product/cache/1/small_image/200x/17f82f742ffe127f42dca9de82fb58b1/e/v/eva_-_eva_canola_oil_3l.jpg,,,559
1004,Eva Canola Oil - 10Ltr,,6250,,Groceries,https://cdn.mycart.pk/media/catalog/product/cache/1/small_image/200x/17f82f742ffe127f42dca9de82fb58b1/e/v/eva_-_eva_canola_oil_10l.jpg,,,562
1005,Dry Mango (Khatai) - 50gm,,80,,Groceries,https://cdn.mycart.pk/media/catalog/product/cache/1/small_image/200x/17f82f742ffe127f42dca9de82fb58b1/d/r/dry_mango_khatai_50g.png,,,565
1006,Dry Fenugreek (Kasuri Methi) - 50gm,,50,,Groceries,https://cdn.mycart.pk/media/catalog/product/cache/1/small_image/200x/17f82f742ffe127f42dca9de82fb58b1/_/0/_09129_1.jpg,,,568
1007,Dipitt Worcestershire Sauce - 300gm,,435,,Groceries,https://cdn.mycart.pk/media/catalog/product/cache/1/small_image/200x/17f82f742ffe127f42dca9de82fb58b1/i/c/ic-1222455-1.jpg,,,571
1008,Dipitt Tomato Ketchup - 300gm,,250,,Groceries,https://cdn.mycart.pk/media/catalog/product/cache/1/small_image/200x/17f82f742ffe127f42dca9de82fb58b1/7/8/788821012869.png,,,574
1009,Dipitt Tomato & Basil Pasta Sauce - 300gm,,365,,Groceries,https://cdn.mycart.pk/media/catalog/product/cache/1/small_image/200x/17f82f742ffe127f42dca9de82fb58b1/i/c/ic-1202010-1.jpg,,,577
1010,Dipitt Tobasco Sauce - 60ml,,219,,Groceries,https://cdn.mycart.pk/media/catalog/product/cache/1/small_image/200x/17f82f742ffe127f42dca9de82fb58b1/7/8/788821013903.png,,,580
1011,Dipitt Thousand Island - 400gm,,450,,Groceries,https://cdn.mycart.pk/media/catalog/product/cache/1/small_image/200x/17f82f742ffe127f42dca9de82fb58b1/i/c/ic-1222456-rpl-1.jpg,,,583
1012,Dipitt Sweet Thai Chilli - 300gm,,345,,Groceries,https://cdn.mycart.pk/media/catalog/product/cache/1/small_image/200x/17f82f742ffe127f42dca9de82fb58b1/7/8/788821012838.png,,,586
1013,Dipitt Sriracha Sauce 510gm,,530,,Groceries,https://cdn.mycart.pk/media/catalog/product/cache/1/small_image/200x/17f82f742ffe127f42dca9de82fb58b1/i/c/ic-1221667-1.jpg,,,589
1014,Dipitt Sriracha Dip Sauce - 310gm,,530,,Groceries,https://cdn.mycart.pk/media/catalog/product/cache/1/small_image/200x/17f82f742ffe127f42dca9de82fb58b1/i/c/ic-1267805-rpl-1.jpg,,,592
1015,Dipitt Spicy Mayo - 400gm,,490,,Groceries,https://cdn.mycart.pk/media/catalog/product/cache/1/small_image/200x/17f82f742ffe127f42dca9de82fb58b1/1/2/1201230-1.jpg,,,595
1016,Dipitt Soy Sauce - 60ml,,198,,Groceries,https://cdn.mycart.pk/media/catalog/product/cache/1/small_image/200x/17f82f742ffe127f42dca9de82fb58b1/7/8/788821013996.png,,,598
1017,Dipitt Soy Sauce - 300gm,,380,,Groceries,https://cdn.mycart.pk/media/catalog/product/cache/1/small_image/200x/17f82f742ffe127f42dca9de82fb58b1/7/8/788821012890.png,,,601
1018,Dipitt Smokey BBQ Sauce Pouch - 400gm,,430,,Groceries,https://cdn.mycart.pk/media/catalog/product/cache/1/small_image/200x/17f82f742ffe127f42dca9de82fb58b1/7/8/788821018366.png,,,604
1019,Dipitt Smokey BBQ - 300gm,,350,,Groceries,https://cdn.mycart.pk/media/catalog/product/cache/1/small_image/200x/17f82f742ffe127f42dca9de82fb58b1/7/8/788821012807.png,,,607
1020,Dipitt Salsa Dip Sauce - 310gm,,530,,Groceries,https://cdn.mycart.pk/media/catalog/product/cache/1/small_image/200x/17f82f742ffe127f42dca9de82fb58b1/i/c/ic-1247023-rpl-1.jpg,,,610
1021,Dipitt Ranch Sauce - 375gm,,500,,Groceries,https://cdn.mycart.pk/media/catalog/product/cache/1/small_image/200x/17f82f742ffe127f42dca9de82fb58b1/1/2/1290460-1.jpg,,,613
1022,Dipitt Pizza Sauce Pouch - 400gm,,410,,Groceries,https://cdn.mycart.pk/media/catalog/product/cache/1/small_image/200x/17f82f742ffe127f42dca9de82fb58b1/p/i/pizza-sauce---400g.png,,,616
1023,Dipitt Pizza Sauce - 300gm,,360,,Groceries,https://cdn.mycart.pk/media/catalog/product/cache/1/small_image/200x/17f82f742ffe127f42dca9de82fb58b1/7/8/788821012784.png,,,619
1024,Dipitt Peri Peri Lemon & Herb Sauce - 300gm,,465,,Groceries,https://cdn.mycart.pk/media/catalog/product/cache/1/small_image/200x/17f82f742ffe127f42dca9de82fb58b1/1/2/1267802-1.jpg,,,622
1025,Dipitt Peri Peri Hot Sauce - 300gm,,465,,Groceries,https://cdn.mycart.pk/media/catalog/product/cache/1/small_image/200x/17f82f742ffe127f42dca9de82fb58b1/1/2/1215253-1.jpg,,,625
1026,Dipitt Peri Peri Garlic Sauce - 300gm,,465,,Groceries,https://cdn.mycart.pk/media/catalog/product/cache/1/small_image/200x/17f82f742ffe127f42dca9de82fb58b1/1/2/1267803-1.jpg,,,628
1027,Dipitt Oyster Sauce - 300gm,,495,,Groceries,https://cdn.mycart.pk/media/catalog/product/cache/1/small_image/200x/17f82f742ffe127f42dca9de82fb58b1/i/c/ic-1186275-1_1_.jpg,,,631
1028,Dipitt Nacho Cheese Dip Sauce - 310gm,,575,,Groceries,https://cdn.mycart.pk/media/catalog/product/cache/1/small_image/200x/17f82f742ffe127f42dca9de82fb58b1/i/c/ic-1267806-rpl-1.jpg,,,634
1029,Dipitt Light Mayo - 400gm,,390,,Groceries,https://cdn.mycart.pk/media/catalog/product/cache/1/small_image/200x/17f82f742ffe127f42dca9de82fb58b1/7/8/788821021472.png,,,637
1030,Dipitt Jalapeno Salsa Dip Sauce - 310gm,,575,,Groceries,https://cdn.mycart.pk/media/catalog/product/cache/1/small_image/200x/17f82f742ffe127f42dca9de82fb58b1/i/c/ic-1247022-rpl-1.jpg,,,640
1031,Dipitt Hot Sauce - 60ml,,198,,Groceries,https://cdn.mycart.pk/media/catalog/product/cache/1/small_image/200x/17f82f742ffe127f42dca9de82fb58b1/7/8/788821013910.png,,,643
1032,Dipitt Hot Sauce - 300gm,,355,,Groceries,https://cdn.mycart.pk/media/catalog/product/cache/1/small_image/200x/17f82f742ffe127f42dca9de82fb58b1/7/8/788821012814.png,,,646
1033,Dipitt Honey & Mustard Sauce - 290gm,,545,,Groceries,https://cdn.mycart.pk/media/catalog/product/cache/1/small_image/200x/17f82f742ffe127f42dca9de82fb58b1/i/c/ic-1202009-1.jpg,,,649
1034,Dipitt Habanero Sauce - 60ml,,198,,Groceries,https://cdn.mycart.pk/media/catalog/product/cache/1/small_image/200x/17f82f742ffe127f42dca9de82fb58b1/7/8/788821013880.png,,,652
1035,Dipitt Habanero Ketchup - 310gm,,345,,Groceries,https://cdn.mycart.pk/media/catalog/product/cache/1/small_image/200x/17f82f742ffe127f42dca9de82fb58b1/7/8/788821012883.png,,,655
1036,Dipitt Garlic Mayo - 400gm,,490,,Groceries,https://cdn.mycart.pk/media/catalog/product/cache/1/small_image/200x/17f82f742ffe127f42dca9de82fb58b1/1/2/1201231-1.jpg,,,658
1037,Dipitt Classic Mayo - 800gm,,630,,Groceries,https://cdn.mycart.pk/media/catalog/product/cache/1/small_image/200x/17f82f742ffe127f42dca9de82fb58b1/i/c/ic-1201232-rpl-1_1.jpg,,,661
1038,Dipitt Classic Mayo - 400gm,,330,,Groceries,https://cdn.mycart.pk/media/catalog/product/cache/1/small_image/200x/17f82f742ffe127f42dca9de82fb58b1/i/c/ic-1201232-rpl-1.jpg,,,664
1039,Dipitt Chipotle Sauce - 60ml,,198,,Groceries,https://cdn.mycart.pk/media/catalog/product/cache/1/small_image/200x/17f82f742ffe127f42dca9de82fb58b1/7/8/788821013897.png,,,667
1040,Dipitt Chipotle Sauce - 300gm,,475,,Groceries,https://cdn.mycart.pk/media/catalog/product/cache/1/small_image/200x/17f82f742ffe127f42dca9de82fb58b1/i/c/ic-1194396-1.jpg,,,670
1041,Dipitt Chilli Sauce - 290gm,,180,,Groceries,https://cdn.mycart.pk/media/catalog/product/cache/1/small_image/200x/17f82f742ffe127f42dca9de82fb58b1/7/8/788821014764.png,,,673
1042,Dipitt Chilli Garlic Sauce - 425gm,,240,,Groceries,https://cdn.mycart.pk/media/catalog/product/cache/1/small_image/200x/17f82f742ffe127f42dca9de82fb58b1/d/i/dip.png,,,676
1043,Dipitt Chilli Garlic - 310gm,,245,,Groceries,https://cdn.mycart.pk/media/catalog/product/cache/1/small_image/200x/17f82f742ffe127f42dca9de82fb58b1/7/8/788821012845.png,,,679
1044,Dipitt Buffalo Sauce - 300gm,,400,,Groceries,https://cdn.mycart.pk/media/catalog/product/cache/1/small_image/200x/17f82f742ffe127f42dca9de82fb58b1/7/8/788821012821.png,,,682
1045,Dipitt Buffalo Hot Sauce- 300gm,,400,,Groceries,https://cdn.mycart.pk/media/catalog/product/cache/1/small_image/200x/17f82f742ffe127f42dca9de82fb58b1/7/8/788821012852.png,,,685
1046,Dipitt Buffalo Hot Sauce - 60ml,,198,,Groceries,https://cdn.mycart.pk/media/catalog/product/cache/1/small_image/200x/17f82f742ffe127f42dca9de82fb58b1/7/8/788821013972.png,,,688
1047,Dipitt BBQ Dip Sauce - 310gm,,530,,Groceries,https://cdn.mycart.pk/media/catalog/product/cache/1/small_image/200x/17f82f742ffe127f42dca9de82fb58b1/i/c/ic-1267804-rpl-1.jpg,,,691
1048,Dhania Powder - 200gm,,160,,Groceries,https://cdn.mycart.pk/media/catalog/product/cache/1/small_image/200x/17f82f742ffe127f42dca9de82fb58b1/d/h/dhania_powder_250g.jpg,,,694
1049,Delesol Sesame Oil - 500ml,,1210,,Groceries,https://cdn.mycart.pk/media/catalog/product/cache/1/small_image/200x/17f82f742ffe127f42dca9de82fb58b1/d/e/delesol_new.png,,,697
1050,Del Monte Whole Kernel Sweet Corn - 420gm,,580,,Groceries,https://cdn.mycart.pk/media/catalog/product/cache/1/small_image/200x/17f82f742ffe127f42dca9de82fb58b1/_/0/_08907.gif,,,700
1051,Del Monte Tidbits Pineapple Tin - 560gm,,799,,Groceries,https://cdn.mycart.pk/media/catalog/product/cache/1/small_image/200x/17f82f742ffe127f42dca9de82fb58b1/_/0/_09755.gif,,,703
1052,Del Monte Pineapple Slices Tin - 822gm,,1230,,Groceries,https://cdn.mycart.pk/media/catalog/product/cache/1/small_image/200x/17f82f742ffe127f42dca9de82fb58b1/d/e/delmonte_pineapple_sliced_tin_822g_1.jpg,,,706
1053,Del Monte Pineapple Sliced Tin - 560gm,,830,,Groceries,https://cdn.mycart.pk/media/catalog/product/cache/1/small_image/200x/17f82f742ffe127f42dca9de82fb58b1/_/0/_09747.gif,,,709
1054,Del Monte Fruit Cocktail Tin - 836gm,,1120,,Groceries,https://cdn.mycart.pk/media/catalog/product/cache/1/small_image/200x/17f82f742ffe127f42dca9de82fb58b1/_/0/_09759.gif,,,712
1055,Del Monte Fruit Cocktail - 432gm,,610,,Groceries,https://cdn.mycart.pk/media/catalog/product/cache/1/small_image/200x/17f82f742ffe127f42dca9de82fb58b1/_/1/_14900.png,,,715
1056,Del Monte Fiesta Fruit Cocktail Tin - 432gm,,560,,Groceries,https://cdn.mycart.pk/media/catalog/product/cache/1/small_image/200x/17f82f742ffe127f42dca9de82fb58b1/_/0/_09757.gif,,,718
1057,Del Monte Fiesta Fruit - 836gm,,899,,Groceries,https://cdn.mycart.pk/media/catalog/product/cache/1/small_image/200x/17f82f742ffe127f42dca9de82fb58b1/_/1/_14311.png,,,721
1058,Dawn Whole Wheat Paratha - (Pack of 5),,300,,Groceries,https://cdn.mycart.pk/media/catalog/product/cache/1/small_image/200x/17f82f742ffe127f42dca9de82fb58b1/8/9/894559000099.png,,,724
1059,Dawn Vegetable Samosa (Pack of 30) - 600gm,,670,,Groceries,https://cdn.mycart.pk/media/catalog/product/cache/1/small_image/200x/17f82f742ffe127f42dca9de82fb58b1/v/e/veg_samosa_30_pcs_2_1.png,,,727
1060,Dawn Mezban Whole Wheat Chapatti - (Pack of 10),,235,,Groceries,https://cdn.mycart.pk/media/catalog/product/cache/1/small_image/200x/17f82f742ffe127f42dca9de82fb58b1/8/5/850001846073.png,,,730
1061,Dawn Lachha Paratha - (Pack of 4),,280,,Groceries,https://cdn.mycart.pk/media/catalog/product/cache/1/small_image/200x/17f82f742ffe127f42dca9de82fb58b1/8/9/894559000259.png,,,733
1062,Dawn Frozen Puri (Pack of 10) - 400gm,,210,,Groceries,https://cdn.mycart.pk/media/catalog/product/cache/1/small_image/200x/17f82f742ffe127f42dca9de82fb58b1/f/r/frozen-puri.jpg,,,736
1063,Dawn Frozen Plain Paratha (Pack of 5) - 400gm,,290,,Groceries,https://cdn.mycart.pk/media/catalog/product/cache/1/small_image/200x/17f82f742ffe127f42dca9de82fb58b1/p/l/plain-paratha.jpg,,,739
1064,Dawn Frozen Plain Paratha (Pack of 5) - 400gm,,250,,Groceries,https://cdn.mycart.pk/media/catalog/product/cache/1/small_image/200x/17f82f742ffe127f42dca9de82fb58b1/8/9/8961101814601_1.jpg,,,742
1065,Dawn Frozen Plain Paratha (Pack of 30) - 2400gm,,1330,,Groceries,https://cdn.mycart.pk/media/catalog/product/cache/1/small_image/200x/17f82f742ffe127f42dca9de82fb58b1/g/r/grocerapp-dawn-plain-paratha-30-pcs-60a3610852f63.jpg,,,745
1066,Dawn Frozen Plain Paratha (Pack of 20) - 1600gm,,970,,Groceries,https://cdn.mycart.pk/media/catalog/product/cache/1/small_image/200x/17f82f742ffe127f42dca9de82fb58b1/8/9/8961101814618_1.jpg,,,748
1067,Dawn Frozen Plain Paratha (Pack of 20) - 1600gm,,1030,,Groceries,https://cdn.mycart.pk/media/catalog/product/cache/1/small_image/200x/17f82f742ffe127f42dca9de82fb58b1/_/0/_08607.jpg,,,751
1068,Dawn Frozen Onion Paratha (Pack of 5) - 400gm,,305,,Groceries,https://cdn.mycart.pk/media/catalog/product/cache/1/small_image/200x/17f82f742ffe127f42dca9de82fb58b1/_/0/_08601.jpg,,,754
1069,Dawn Frozen Aloo Paratha (Pack of 3) - 360gm,,360,,Groceries,https://cdn.mycart.pk/media/catalog/product/cache/1/small_image/200x/17f82f742ffe127f42dca9de82fb58b1/_/0/_08603.jpg,,,757
1070,Dawn Chicken Shots - 260gm,,520,,Groceries,https://cdn.mycart.pk/media/catalog/product/cache/1/small_image/200x/17f82f742ffe127f42dca9de82fb58b1/_/1/_14297.png,,,760
1071,Dawn Chicken Shami Kabab (Pack of 16) - 576gm,,1060,,Groceries,https://cdn.mycart.pk/media/catalog/product/cache/1/small_image/200x/17f82f742ffe127f42dca9de82fb58b1/_/1/_14287.png,,,763
1072,Dawn Chicken Seekh Kabab (Pack of 18) - 540gm,,1140,,Groceries,https://cdn.mycart.pk/media/catalog/product/cache/1/small_image/200x/17f82f742ffe127f42dca9de82fb58b1/8/9/8964000177440.jpg,,,766
1073,Dawn Chicken Nuggets Zoo Woo - 270gm,,480,,Groceries,https://cdn.mycart.pk/media/catalog/product/cache/1/small_image/200x/17f82f742ffe127f42dca9de82fb58b1/_/1/_14295.png,,,769
1074,Dawn Chicken Nuggets - 270gm,,480,,Groceries,https://cdn.mycart.pk/media/catalog/product/cache/1/small_image/200x/17f82f742ffe127f42dca9de82fb58b1/_/1/_14293.png,,,772
1075,Dawn Chicken Nuggets - 1000gm,,1325,,Groceries,https://cdn.mycart.pk/media/catalog/product/cache/1/small_image/200x/17f82f742ffe127f42dca9de82fb58b1/d/a/dawn-chicken-nuggets-1000-gms.jpg,,,775
1076,Dawn Chicken Kofta - 267gm,,460,,Groceries,https://cdn.mycart.pk/media/catalog/product/cache/1/small_image/200x/17f82f742ffe127f42dca9de82fb58b1/_/1/_14301.png,,,778
1077,Dawn Chicken Crispy Fillet - 460gm,,1100,,Groceries,https://cdn.mycart.pk/media/catalog/product/cache/1/small_image/200x/17f82f742ffe127f42dca9de82fb58b1/_/1/_14283.png,,,781
1078,Dawn Chicken Cheese Seekh Kabab (Pack of 6) - 180gm,,455,,Groceries,https://cdn.mycart.pk/media/catalog/product/cache/1/small_image/200x/17f82f742ffe127f42dca9de82fb58b1/_/1/_15475.png,,,784
1079,Dawn Chicken Chapli Kabab (Pack of 12) - 888gm,,1270,,Groceries,https://cdn.mycart.pk/media/catalog/product/cache/1/small_image/200x/17f82f742ffe127f42dca9de82fb58b1/d/a/dawn.png,,,787
1080,Dawn Chicken Burger Patties (Pack of 6) - 372gm,,520,,Groceries,https://cdn.mycart.pk/media/catalog/product/cache/1/small_image/200x/17f82f742ffe127f42dca9de82fb58b1/_/1/_14291.png,,,790
1081,Dawn Chicken Burger Patties (Pack of 16) - 992gm,,1370,,Groceries,https://cdn.mycart.pk/media/catalog/product/cache/1/small_image/200x/17f82f742ffe127f42dca9de82fb58b1/8/9/8964001125167.jpg,,,793
1082,Dawn Bread Multigrain - 340gm,,160,,Groceries,https://cdn.mycart.pk/media/catalog/product/cache/1/small_image/200x/17f82f742ffe127f42dca9de82fb58b1/_/1/_15628.png,,,796
1083,Dashi Flavoured Chicken Zaiqa Powder - 100gm,,120,,Groceries,https://cdn.mycart.pk/media/catalog/product/cache/1/small_image/200x/17f82f742ffe127f42dca9de82fb58b1/8/9/8964000241400_-_1_5.JPG,,,799
1084,Dashi Chicken Noodle Soup,,160,,Groceries,https://cdn.mycart.pk/media/catalog/product/cache/1/small_image/200x/17f82f742ffe127f42dca9de82fb58b1/8/9/8964000241011_-_1_5.JPG,,,802
1085,Daliya - 500gm,,110,,Groceries,https://cdn.mycart.pk/media/catalog/product/cache/1/small_image/200x/17f82f742ffe127f42dca9de82fb58b1/m/c/mcp000000027_1.jpg,,,805
1086,Dalda Sunflower Oil Standard - 1Ltr,,650,,Groceries,https://cdn.mycart.pk/media/catalog/product/cache/1/small_image/200x/17f82f742ffe127f42dca9de82fb58b1/1/2/1254421-1.jpg,,,808
1087,Dalda Sunflower Oil Fortified Pouch - 1Ltr,,650,,Groceries,https://cdn.mycart.pk/media/catalog/product/cache/1/small_image/200x/17f82f742ffe127f42dca9de82fb58b1/8/9/8961100502974_1.jpg,,,811
1088,Dalda Sunflower Oil Bottle - 3Ltr,,1785,,Groceries,https://cdn.mycart.pk/media/catalog/product/cache/1/small_image/200x/17f82f742ffe127f42dca9de82fb58b1/8/9/8961100503278_2.jpg,,,814
1089,Dalda Pomace Olive Oil - 3ltr,,7800,,Groceries,https://cdn.mycart.pk/media/catalog/product/cache/1/small_image/200x/17f82f742ffe127f42dca9de82fb58b1/1/0/1038323-1.png,,,817
1090,Dalda Pomace Olive Oil - 1Ltr,,2800,,Groceries,https://cdn.mycart.pk/media/catalog/product/cache/1/small_image/200x/17f82f742ffe127f42dca9de82fb58b1/8/9/8961100500338_1.jpg,,,820
1091,Dalda Olive Oil Pomace - 500ml,,1650,,Groceries,https://cdn.mycart.pk/media/catalog/product/cache/1/small_image/200x/17f82f742ffe127f42dca9de82fb58b1/8/9/8961100500321_2.jpg,,,823
1092,Dalda Olive Oil Extra Virgin - 500ml,,2250,,Groceries,https://cdn.mycart.pk/media/catalog/product/cache/1/small_image/200x/17f82f742ffe127f42dca9de82fb58b1/8/9/8961100500383_1.jpg,,,826
1093,Dalda Extra Virgin Olive Oil - 4ltr,,12300,,Groceries,https://cdn.mycart.pk/media/catalog/product/cache/1/small_image/200x/17f82f742ffe127f42dca9de82fb58b1/1/0/1042873-1.png,,,829
1094,Dalda Extra Virgin Olive Oil - 3ltr,,9600,,Groceries,https://cdn.mycart.pk/media/catalog/product/cache/1/small_image/200x/17f82f742ffe127f42dca9de82fb58b1/1/0/1042872-1.png,,,832
1095,Dalda Extra Virgin Olive Oil - 1Ltr,,3550,,Groceries,https://cdn.mycart.pk/media/catalog/product/cache/1/small_image/200x/17f82f742ffe127f42dca9de82fb58b1/8/9/8961100500390_1.jpg,,,835
1096,Dalda Corn Oil Standard Pouch - 1Ltr,,790,,Groceries,https://cdn.mycart.pk/media/catalog/product/cache/1/small_image/200x/17f82f742ffe127f42dca9de82fb58b1/1/2/1287390-1.jpg,,,838
1097,Dalda Cooking Oil Standard Pouch - 1Ltr,,650,,Groceries,https://cdn.mycart.pk/media/catalog/product/cache/1/small_image/200x/17f82f742ffe127f42dca9de82fb58b1/1/2/1251661-1.jpg,,,841
1098,Dalda Cooking Oil Can - 5Ltr,,3300,,Groceries,https://cdn.mycart.pk/media/catalog/product/cache/1/small_image/200x/17f82f742ffe127f42dca9de82fb58b1/1/1/1148810-1.png,,,844
1099,Dalda Cooking Oil Bottle - 4.5Ltr,,2765,,Groceries,https://cdn.mycart.pk/media/catalog/product/cache/1/small_image/200x/17f82f742ffe127f42dca9de82fb58b1/d/a/dalda_-_dalda_cooking_oil_bottle_4.5ltr.jpg,,,847
1100,Dalda Cooking Oil Bottle - 3Ltr,,1840,,Groceries,https://cdn.mycart.pk/media/catalog/product/cache/1/small_image/200x/17f82f742ffe127f42dca9de82fb58b1/8/9/8961100503131_1.jpg,,,850
1101,Dalda Cooking Oil - 5Ltr,,3100,,Groceries,https://cdn.mycart.pk/media/catalog/product/cache/1/small_image/200x/17f82f742ffe127f42dca9de82fb58b1/8/9/8961100503124_1.jpg,,,853
1102,Dalda Cooking Oil - 2.5Ltr,,1580,,Groceries,https://cdn.mycart.pk/media/catalog/product/cache/1/small_image/200x/17f82f742ffe127f42dca9de82fb58b1/8/9/8961100503117_1.jpg,,,856
1103,Dalda Cooking Oil - 1Ltr,,625,,Groceries,https://cdn.mycart.pk/media/catalog/product/cache/1/small_image/200x/17f82f742ffe127f42dca9de82fb58b1/8/9/8961100502813_1.jpg,,,859
1104,Dalda Canola Oil Standard Pouch - 1Ltr,,650,,Groceries,https://cdn.mycart.pk/media/catalog/product/cache/1/small_image/200x/17f82f742ffe127f42dca9de82fb58b1/1/2/1254420-1.jpg,,,862
1105,Dalda Canola Oil Plastic Can - 16ltr,,9400,,Groceries,https://cdn.mycart.pk/media/catalog/product/cache/1/small_image/200x/17f82f742ffe127f42dca9de82fb58b1/d/a/dalda_canola_oil_16ltr.jpg,,,865
1106,Dalda Canola Oil Bottle - 4.5Ltr,,2785,,Groceries,https://cdn.mycart.pk/media/catalog/product/cache/1/small_image/200x/17f82f742ffe127f42dca9de82fb58b1/8/9/8961100503209_2.jpg,,,868
1107,Dalda Canola Oil Bottle - 3Ltr,,1840,,Groceries,https://cdn.mycart.pk/media/catalog/product/cache/1/small_image/200x/17f82f742ffe127f42dca9de82fb58b1/8/9/8961100503193_1.jpg,,,871
1108,Dalda Canola Oil - 1Ltr,,600,,Groceries,https://cdn.mycart.pk/media/catalog/product/cache/1/small_image/200x/17f82f742ffe127f42dca9de82fb58b1/8/9/8961100502950_1.jpg,,,874
1109,Dalda Banaspati Ghee - 5kg,,3000,,Groceries,https://cdn.mycart.pk/media/catalog/product/cache/1/small_image/200x/17f82f742ffe127f42dca9de82fb58b1/8/9/8961100503100_2.jpg,,,877
1110,Dalda Banaspati Ghee - 2.5kg,,1600,,Groceries,https://cdn.mycart.pk/media/catalog/product/cache/1/small_image/200x/17f82f742ffe127f42dca9de82fb58b1/8/9/8961100503094_1.jpg,,,880
1111,Dalda Banaspati Ghee - 1kg,,620,,Groceries,https://cdn.mycart.pk/media/catalog/product/cache/1/small_image/200x/17f82f742ffe127f42dca9de82fb58b1/8/9/8961100502790_1.jpg,,,883
1112,Daal Moong (Whole) - 500gm,,210,,Groceries,https://cdn.mycart.pk/media/catalog/product/cache/1/small_image/200x/17f82f742ffe127f42dca9de82fb58b1/d/a/daal_moong_whole_500g_.jpg,,,886
1113,Daal Masoor (Whole) - 500gm,,170,,Groceries,https://cdn.mycart.pk/media/catalog/product/cache/1/small_image/200x/17f82f742ffe127f42dca9de82fb58b1/d/a/daal-masoor-whole-1kg-1_1.jpg,,,889
1114,Daal Masoor (Whole) - 1kg,,300,,Groceries,https://cdn.mycart.pk/media/catalog/product/cache/1/small_image/200x/17f82f742ffe127f42dca9de82fb58b1/d/a/daal-masoor-whole-1kg-1.jpg,,,892
1115,Daal Mash (Whole) - 500gm,,285,,Groceries,https://cdn.mycart.pk/media/catalog/product/cache/1/small_image/200x/17f82f742ffe127f42dca9de82fb58b1/2/0/20190410_171931.jpg,,,895
1116,Daal Arhar - 1000gm,,400,,Groceries,https://cdn.mycart.pk/media/catalog/product/cache/1/small_image/200x/17f82f742ffe127f42dca9de82fb58b1/1/0/1057440-1.jpg,,,898
1117,Daal Arhar (Medium) - 500gm,,355,,Groceries,https://cdn.mycart.pk/media/catalog/product/cache/1/small_image/200x/17f82f742ffe127f42dca9de82fb58b1/d/a/daal_arhar_500g.jpg,,,901
1118,Crown Chunky Peanut Butter - 510gm,,1800,,Groceries,https://cdn.mycart.pk/media/catalog/product/cache/1/small_image/200x/17f82f742ffe127f42dca9de82fb58b1/_/1/_15418_1.png,,,904
1119,Coroli Sunflower Oil - 1.8Ltr,,2500,,Groceries,https://cdn.mycart.pk/media/catalog/product/cache/1/small_image/200x/17f82f742ffe127f42dca9de82fb58b1/8/7/8710824180414_1.jpg,,,907
1120,Coroli Corn Oil - 1.8Ltr,,2750,,Groceries,https://cdn.mycart.pk/media/catalog/product/cache/1/small_image/200x/17f82f742ffe127f42dca9de82fb58b1/6/2/6291059028051_1.jpg,,,910
1121,Coriander Whole (Dhania) - 50gm,,50,,Groceries,https://cdn.mycart.pk/media/catalog/product/cache/1/small_image/200x/17f82f742ffe127f42dca9de82fb58b1/_/1/_15465.png,,,913
1122,Comelle Desi Ghee Tin - 800gm,,2850,,Groceries,https://cdn.mycart.pk/media/catalog/product/cache/1/small_image/200x/17f82f742ffe127f42dca9de82fb58b1/m/c/mcp000000369.jpg,,,916
1123,Coconut Grained - 100gm,,165,,Groceries,https://cdn.mycart.pk/media/catalog/product/cache/1/small_image/200x/17f82f742ffe127f42dca9de82fb58b1/_/1/_12433.jpg,,,919
1124,Chef's Pride Lahori Charga Masala - 50gm,,130,,Groceries,https://cdn.mycart.pk/media/catalog/product/cache/1/small_image/200x/17f82f742ffe127f42dca9de82fb58b1/1/1/1172823-1.jpg,,,922
1125,Canolive Cooking Oil - 1Ltr,,700,,Groceries,https://cdn.mycart.pk/media/catalog/product/cache/1/small_image/200x/17f82f742ffe127f42dca9de82fb58b1/8/9/8964000511213_1.jpg,,,925
1126,Canolive Canola Oil - 5Ltr,,3250,,Groceries,https://cdn.mycart.pk/media/catalog/product/cache/1/small_image/200x/17f82f742ffe127f42dca9de82fb58b1/8/9/8964000097748_1.jpg,,,928
1127,Canolive Canola Oil - 3Ltr,,1980,,Groceries,https://cdn.mycart.pk/media/catalog/product/cache/1/small_image/200x/17f82f742ffe127f42dca9de82fb58b1/8/9/8964000097717_1.jpg,,,931
1128,Canolive Canola Oil - 1Ltr,,640,,Groceries,https://cdn.mycart.pk/media/catalog/product/cache/1/small_image/200x/17f82f742ffe127f42dca9de82fb58b1/8/9/8964000097755_1.jpg,,,934
1129,Canderel Sweetener Sachets - (Pack of 50),,350,,Groceries,https://cdn.mycart.pk/media/catalog/product/cache/1/small_image/200x/17f82f742ffe127f42dca9de82fb58b1/m/c/mcp000001164.jpg,,,937
1130,Canderel Sweetener 200 Tablets,,490,,Groceries,https://cdn.mycart.pk/media/catalog/product/cache/1/small_image/200x/17f82f742ffe127f42dca9de82fb58b1/_/0/_05473.jpg,,,940
1131,Canderel Sweetener 100 Tablets - 8.5gm,,280,,Groceries,https://cdn.mycart.pk/media/catalog/product/cache/1/small_image/200x/17f82f742ffe127f42dca9de82fb58b1/_/0/_05251.jpg,,,943
1132,Cadbury Cocoa Powder - 250gm,,1799,,Groceries,https://cdn.mycart.pk/media/catalog/product/cache/1/small_image/200x/17f82f742ffe127f42dca9de82fb58b1/_/1/_14820.png,,,946
1133,Brown Sugar - 500gm,,155,,Groceries,https://cdn.mycart.pk/media/catalog/product/cache/1/small_image/200x/17f82f742ffe127f42dca9de82fb58b1/b/r/brown_sugar.jpg,,,949
1134,Bragg Organic Apple Cider Vinegar - 473ml,,1955,,Groceries,https://cdn.mycart.pk/media/catalog/product/cache/1/small_image/200x/17f82f742ffe127f42dca9de82fb58b1/1/1/1135075-1.jpg,,,952
1135,Borges Pomace Olive Oil - 100ml,,750,,Groceries,https://cdn.mycart.pk/media/catalog/product/cache/1/small_image/200x/17f82f742ffe127f42dca9de82fb58b1/_/0/_04487_1.jpg,,,955
1136,Borges Extra Virgin Olive Oil - 500ml,,3600,,Groceries,https://cdn.mycart.pk/media/catalog/product/cache/1/small_image/200x/17f82f742ffe127f42dca9de82fb58b1/_/0/_03706_1.jpg,,,958
1137,Borges Extra Virgin Olive Oil - 2Ltr,,11899,,Groceries,https://cdn.mycart.pk/media/catalog/product/cache/1/small_image/200x/17f82f742ffe127f42dca9de82fb58b1/8/4/8410179099972_1.jpg,,,961
1138,Borges Extra Virgin Olive Oil - 1Ltr,,6450,,Groceries,https://cdn.mycart.pk/media/catalog/product/cache/1/small_image/200x/17f82f742ffe127f42dca9de82fb58b1/_/0/_03702_1.jpg,,,964
1139,Borges Extra Virgin Olive Oil - 125ml,,1100,,Groceries,https://cdn.mycart.pk/media/catalog/product/cache/1/small_image/200x/17f82f742ffe127f42dca9de82fb58b1/8/4/8410179100067_1.jpg,,,967
1140,Borges Extra Light Olive Oil - 750ml,,5410,,Groceries,https://cdn.mycart.pk/media/catalog/product/cache/1/small_image/200x/17f82f742ffe127f42dca9de82fb58b1/8/4/8410179300818_1.jpg,,,970
1141,Borges Extra Light Olive Oil - 500ml,,3600,,Groceries,https://cdn.mycart.pk/media/catalog/product/cache/1/small_image/200x/17f82f742ffe127f42dca9de82fb58b1/8/4/8410179300825_1.jpg,,,973
1142,Borges Extra Light Olive Oil - 2Ltr,,11200,,Groceries,https://cdn.mycart.pk/media/catalog/product/cache/1/small_image/200x/17f82f742ffe127f42dca9de82fb58b1/b/o/borges_-_borges_extra_virgin_olive_oil_2l.jpg,,,976
1143,Borges Extra Light Olive Oil - 1Ltr,,6200,,Groceries,https://cdn.mycart.pk/media/catalog/product/cache/1/small_image/200x/17f82f742ffe127f42dca9de82fb58b1/8/4/8410179300801_1.jpg,,,979
1144,Borges Extra Light Olive Oil - 125ml,,1160,,Groceries,https://cdn.mycart.pk/media/catalog/product/cache/1/small_image/200x/17f82f742ffe127f42dca9de82fb58b1/8/4/8410179300863_1.jpg,,,982
1145,Black Sesame Seeds (Kala Till) - 100gm,,255,,Groceries,https://cdn.mycart.pk/media/catalog/product/cache/1/small_image/200x/17f82f742ffe127f42dca9de82fb58b1/b/l/black_sesame_seed_-_100gm_1.png,,,985
1146,Black Salt (Kala Namak) - 100gm,,60,,Groceries,https://cdn.mycart.pk/media/catalog/product/cache/1/small_image/200x/17f82f742ffe127f42dca9de82fb58b1/_/1/_10214.jpg,,,988
1147,Black Pepper (Kali Mirch) Powder - 100gm,,265,,Groceries,https://cdn.mycart.pk/media/catalog/product/cache/1/small_image/200x/17f82f742ffe127f42dca9de82fb58b1/b/l/black_pepper_powder_100gm.jpg,,,991
1148,Black Chana - 500gm,,190,,Groceries,https://cdn.mycart.pk/media/catalog/product/cache/1/small_image/200x/17f82f742ffe127f42dca9de82fb58b1/1/0/1058001-1.jpg,,,994
1149,Big Bird Wings - 1kg,,820,,Groceries,https://cdn.mycart.pk/media/catalog/product/cache/1/small_image/200x/17f82f742ffe127f42dca9de82fb58b1/_/1/_13835.png,,,997
1150,Big Bird Spicy Burger Patties (Pack of 4) - 280gm,,480,,Groceries,https://cdn.mycart.pk/media/catalog/product/cache/1/small_image/200x/17f82f742ffe127f42dca9de82fb58b1/_/1/_13821.png,,,1000
1151,Big Bird Spicy Burger Patties (Pack of 12) - 840gm,,1180,,Groceries,https://cdn.mycart.pk/media/catalog/product/cache/1/small_image/200x/17f82f742ffe127f42dca9de82fb58b1/_/1/_13823.png,,,1003
1152,Big Bird Skinless Drumsticks - 1kg,,875,,Groceries,https://cdn.mycart.pk/media/catalog/product/cache/1/small_image/200x/17f82f742ffe127f42dca9de82fb58b1/_/1/_13837.png,,,1006
1153,Big Bird Classic Chicken Wings - 945gm,,1410,,Groceries,https://cdn.mycart.pk/media/catalog/product/cache/1/small_image/200x/17f82f742ffe127f42dca9de82fb58b1/_/1/_13827.png,,,1009
1154,Big Bird Classic Chicken Nuggets - 880gm,,1220,,Groceries,https://cdn.mycart.pk/media/catalog/product/cache/1/small_image/200x/17f82f742ffe127f42dca9de82fb58b1/_/1/_15477.png,,,1012
1155,Big Bird Classic Chicken Nuggets - 220gm,,480,,Groceries,https://cdn.mycart.pk/media/catalog/product/cache/1/small_image/200x/17f82f742ffe127f42dca9de82fb58b1/_/1/_15481.png,,,1015
1156,Big Bird Classic Chicken Croquettes (Pack of 40) - 880gm,,1200,,Groceries,https://cdn.mycart.pk/media/catalog/product/cache/1/small_image/200x/17f82f742ffe127f42dca9de82fb58b1/_/1/_13831.png,,,1018
1157,Big Bird Classic Chicken Croquettes (Pack of 10) - 220gm,,490,,Groceries,https://cdn.mycart.pk/media/catalog/product/cache/1/small_image/200x/17f82f742ffe127f42dca9de82fb58b1/_/1/_13819.png,,,1021
1158,Big Bird Classic Burger Patties (Pack of 4) - 240gm,,440,,Groceries,https://cdn.mycart.pk/media/catalog/product/cache/1/small_image/200x/17f82f742ffe127f42dca9de82fb58b1/_/1/_13817.png,,,1024
1159,Big Bird Classic Burger Patties (Pack Of 16) - 960gm,,1255,,Groceries,https://cdn.mycart.pk/media/catalog/product/cache/1/small_image/200x/17f82f742ffe127f42dca9de82fb58b1/_/1/_13825.png,,,1027
1160,Big Bird Chicken Seekh Kabab (Pack Of 6) - 180gm,,475,,Groceries,https://cdn.mycart.pk/media/catalog/product/cache/1/small_image/200x/17f82f742ffe127f42dca9de82fb58b1/_/1/_13815.png,,,1030
1161,Big Bird Chicken Seekh Kabab (Pack Of 18) - 540gm,,1145,,Groceries,https://cdn.mycart.pk/media/catalog/product/cache/1/small_image/200x/17f82f742ffe127f42dca9de82fb58b1/_/1/_13829.png,,,1033
1162,Big Bird Cheesy Chicken Croquettes (Pack of 40) - 880gm,,1200,,Groceries,https://cdn.mycart.pk/media/catalog/product/cache/1/small_image/200x/17f82f742ffe127f42dca9de82fb58b1/2/_/2_20.jpg,,,1036
1163,Big Bird Cheesy Chicken Croquettes (Pack of 10) - 220gm,,500,,Groceries,https://cdn.mycart.pk/media/catalog/product/cache/1/small_image/200x/17f82f742ffe127f42dca9de82fb58b1/1/_/1_25.jpg,,,1039
1164,Bee Hives Honey Squeeze Bottle - 450gm,,920,,Groceries,https://cdn.mycart.pk/media/catalog/product/cache/1/small_image/200x/17f82f742ffe127f42dca9de82fb58b1/8/9/8964000061756.jpg,,,1042
1165,Bee Hives Honey Squeeze Bottle - 250gm,,565,,Groceries,https://cdn.mycart.pk/media/catalog/product/cache/1/small_image/200x/17f82f742ffe127f42dca9de82fb58b1/8/9/8964000061749.jpg,,,1045
1166,Bee Hives Honey Squeeze Bottle - 170gm,,410,,Groceries,https://cdn.mycart.pk/media/catalog/product/cache/1/small_image/200x/17f82f742ffe127f42dca9de82fb58b1/8/9/8964000061732.jpg,,,1048
1167,Bee Hives Honey Pouch - 400gm,,699,,Groceries,https://cdn.mycart.pk/media/catalog/product/cache/1/small_image/200x/17f82f742ffe127f42dca9de82fb58b1/8/9/8964000061770.jpg,,,1051
1168,Bee Hives Honey Pouch - 200gm,,360,,Groceries,https://cdn.mycart.pk/media/catalog/product/cache/1/small_image/200x/17f82f742ffe127f42dca9de82fb58b1/8/9/8964000061763.jpg,,,1054
1169,Barkat Cooking Oil Bottle - 5Ltr,,2950,,Groceries,https://cdn.mycart.pk/media/catalog/product/cache/1/small_image/200x/17f82f742ffe127f42dca9de82fb58b1/8/9/8964000880203_1.jpg,,,1057
1170,Barkat Cooking Oil Bottle - 3Ltr,,1660,,Groceries,https://cdn.mycart.pk/media/catalog/product/cache/1/small_image/200x/17f82f742ffe127f42dca9de82fb58b1/8/9/8964000880197_1.jpg,,,1060
1171,Barkat Cooking Oil - 1Ltr,,560,,Groceries,https://cdn.mycart.pk/media/catalog/product/cache/1/small_image/200x/17f82f742ffe127f42dca9de82fb58b1/8/9/8964000880005.jpg,,,1063
1172,Barkat Cooking Oil (Pack of 5) - 1Ltr,,2900,,Groceries,https://cdn.mycart.pk/media/catalog/product/cache/1/small_image/200x/17f82f742ffe127f42dca9de82fb58b1/8/9/8964000880043.png,,,1066
1173,Barkat Banspati Ghee (Pack of 5) - 1kg,,2800,,Groceries,https://cdn.mycart.pk/media/catalog/product/cache/1/small_image/200x/17f82f742ffe127f42dca9de82fb58b1/8/9/8964000880050_1.jpg,,,1069
1174,Barkat Banaspati Ghee - 1kg,,560,,Groceries,https://cdn.mycart.pk/media/catalog/product/cache/1/small_image/200x/17f82f742ffe127f42dca9de82fb58b1/2/0/20190711_124346.jpg,,,1072
1175,Bake Parlor Vegetable Samosa - (Pack Of 20),,400,,Groceries,https://cdn.mycart.pk/media/catalog/product/cache/1/small_image/200x/17f82f742ffe127f42dca9de82fb58b1/2/0/2002434561_ks-bakeparlor-vegetable-samosa.jpg,,,1075
1176,Bake Parlor Vegetable Pasta 3 Color - 400gm,,220,,Groceries,https://cdn.mycart.pk/media/catalog/product/cache/1/small_image/200x/17f82f742ffe127f42dca9de82fb58b1/_/0/_03641_3.jpg,,,1078
1177,Bake Parlor Tikka Macaroni - 250gm,,175,,Groceries,https://cdn.mycart.pk/media/catalog/product/cache/1/small_image/200x/17f82f742ffe127f42dca9de82fb58b1/_/0/_05934_2.jpg,,,1081
1178,Bake Parlor Spaghetti Box - 450gm,,210,,Groceries,https://cdn.mycart.pk/media/catalog/product/cache/1/small_image/200x/17f82f742ffe127f42dca9de82fb58b1/_/0/_04439_2.jpg,,,1084
1179,Bake Parlor Shell Macaroni - 400gm,,195,,Groceries,https://cdn.mycart.pk/media/catalog/product/cache/1/small_image/200x/17f82f742ffe127f42dca9de82fb58b1/d/s/dsc_0113.jpg,,,1087
1180,Bake Parlor Shashlik Macaroni - 250gm,,175,,Groceries,https://cdn.mycart.pk/media/catalog/product/cache/1/small_image/200x/17f82f742ffe127f42dca9de82fb58b1/_/0/_05936_2.jpg,,,1090
1181,Bake Parlor Seven Spice Macaroni - 250gm,,175,,Groceries,https://cdn.mycart.pk/media/catalog/product/cache/1/small_image/200x/17f82f742ffe127f42dca9de82fb58b1/_/0/_05938_2.jpg,,,1093
1182,Bake Parlor Semolina (Suji) - 500gm,,145,,Groceries,https://cdn.mycart.pk/media/catalog/product/cache/1/small_image/200x/17f82f742ffe127f42dca9de82fb58b1/b/a/bake_parlor_semolina__suji__500g.png,,,1096
1183,Bake Parlor Samosa 250gm,,185,,Groceries,https://cdn.mycart.pk/media/catalog/product/cache/1/small_image/200x/17f82f742ffe127f42dca9de82fb58b1/d/s/dsc_0107.jpg,,,1099
1184,Bake Parlor Ring Macaroni - 400gm,,180,,Groceries,https://cdn.mycart.pk/media/catalog/product/cache/1/small_image/200x/17f82f742ffe127f42dca9de82fb58b1/d/s/dsc_0111.jpg,,,1102
1185,Bake Parlor Penne Macaroni - 400gm,,199,,Groceries,https://cdn.mycart.pk/media/catalog/product/cache/1/small_image/200x/17f82f742ffe127f42dca9de82fb58b1/d/s/dsc_0115.jpg,,,1105
1186,Bake Parlor Pasta Roasted Cut Vermicelli - 375gm,,115,,Groceries,https://cdn.mycart.pk/media/catalog/product/cache/1/small_image/200x/17f82f742ffe127f42dca9de82fb58b1/_/0/_07904_1.jpg,,,1108
1187,Bake Parlor Pasta Kabab - 250gm,,120,,Groceries,https://cdn.mycart.pk/media/catalog/product/cache/1/small_image/200x/17f82f742ffe127f42dca9de82fb58b1/_/0/_07925.jpg,,,1111
1188,Bake Parlor Noodles Egg Chinese - 227gm,,160,,Groceries,https://cdn.mycart.pk/media/catalog/product/cache/1/small_image/200x/17f82f742ffe127f42dca9de82fb58b1/_/0/_04437_2.jpg,,,1114
1189,Bake Parlor Meat Ball Spaghetti Meat Ball - 250gm,,175,,Groceries,https://cdn.mycart.pk/media/catalog/product/cache/1/small_image/200x/17f82f742ffe127f42dca9de82fb58b1/_/0/_04449_2.jpg,,,1117
1190,Bake Parlor Maida - 1kg,,190,,Groceries,https://cdn.mycart.pk/media/catalog/product/cache/1/small_image/200x/17f82f742ffe127f42dca9de82fb58b1/b/a/bake_parlor_maida_-_1kg.jpg,,,1120
1191,Bake Parlor Macaroni Twisted - 400gm,,210,,Groceries,https://cdn.mycart.pk/media/catalog/product/cache/1/small_image/200x/17f82f742ffe127f42dca9de82fb58b1/i/m/image_2_4.png,,,1123
1192,Bake Parlor Macaroni Rice Biryani - 250gm,,175,,Groceries,https://cdn.mycart.pk/media/catalog/product/cache/1/small_image/200x/17f82f742ffe127f42dca9de82fb58b1/_/0/_04463_2.jpg,,,1126
1193,Bake Parlor Macaroni Elbow Box - 400gm,,210,,Groceries,https://cdn.mycart.pk/media/catalog/product/cache/1/small_image/200x/17f82f742ffe127f42dca9de82fb58b1/_/0/_04473_2.jpg,,,1129
1194,Bake Parlor Macaroni Elbow - 400gm,,199,,Groceries,https://cdn.mycart.pk/media/catalog/product/cache/1/small_image/200x/17f82f742ffe127f42dca9de82fb58b1/_/0/_03645_2.jpg,,,1132
1195,Bake Parlor Longer Macaroni - 400gm,,180,,Groceries,https://cdn.mycart.pk/media/catalog/product/cache/1/small_image/200x/17f82f742ffe127f42dca9de82fb58b1/d/s/dsc_0109.jpg,,,1135
1196,Bake Parlor Long Box Macaroni - 450gm,,250,,Groceries,https://cdn.mycart.pk/media/catalog/product/cache/1/small_image/200x/17f82f742ffe127f42dca9de82fb58b1/_/0/_05940_2.jpg,,,1138
1197,Bake Parlor Lasagne - 400gm,,380,,Groceries,https://cdn.mycart.pk/media/catalog/product/cache/1/small_image/200x/17f82f742ffe127f42dca9de82fb58b1/_/0/_05942_2.jpg,,,1141
1198,Bake Parlor Jalfrezi Macaroni - 250gm,,120,,Groceries,https://cdn.mycart.pk/media/catalog/product/cache/1/small_image/200x/17f82f742ffe127f42dca9de82fb58b1/_/0/_04455_9.jpg,,,1144
1199,Bake Parlor Fusilli Macaroni - 400gm,,175,,Groceries,https://cdn.mycart.pk/media/catalog/product/cache/1/small_image/200x/17f82f742ffe127f42dca9de82fb58b1/_/0/_03617_2.jpg,,,1147
1200,Bake Parlor Fancy Spaghetti - 500gm,,250,,Groceries,https://cdn.mycart.pk/media/catalog/product/cache/1/small_image/200x/17f82f742ffe127f42dca9de82fb58b1/_/0/_03651_2.jpg,,,1150
1201,Bake Parlor Fajita Spaghetti - 250gm,,175,,Groceries,https://cdn.mycart.pk/media/catalog/product/cache/1/small_image/200x/17f82f742ffe127f42dca9de82fb58b1/_/0/_05944_2.jpg,,,1153
1202,Bake Parlor Color Flavoured Vermicelli - 400gm,,165,,Groceries,https://cdn.mycart.pk/media/catalog/product/cache/1/small_image/200x/17f82f742ffe127f42dca9de82fb58b1/_/0/_03609_2.jpg,,,1156
1203,Bake Parlor Chicken Manchurian Macaroni - 250gm,,175,,Groceries,https://cdn.mycart.pk/media/catalog/product/cache/1/small_image/200x/17f82f742ffe127f42dca9de82fb58b1/_/0/_04471_2.jpg,,,1159
1204,Bake Parlor Chicken Lasagne - 250gm,,175,,Groceries,https://cdn.mycart.pk/media/catalog/product/cache/1/small_image/200x/17f82f742ffe127f42dca9de82fb58b1/_/0/_04433_2.jpg,,,1162
1205,Bake Parlor Chicken Chowmein - 250gm,,175,,Groceries,https://cdn.mycart.pk/media/catalog/product/cache/1/small_image/200x/17f82f742ffe127f42dca9de82fb58b1/3/5/3572247722504.jpg,,,1165
1206,Bake Parlor Chicken Chilli Spaghetti - 250gm,,175,,Groceries,https://cdn.mycart.pk/media/catalog/product/cache/1/small_image/200x/17f82f742ffe127f42dca9de82fb58b1/_/0/_04443_2.jpg,,,1168
1207,Bake Parlor Chat Macaroni - 250gm,,175,,Groceries,https://cdn.mycart.pk/media/catalog/product/cache/1/small_image/200x/17f82f742ffe127f42dca9de82fb58b1/_/0/_04461_2.jpg,,,1171
1208,Bake Parlor Bread Crumbs - 200gm,,160,,Groceries,https://cdn.mycart.pk/media/catalog/product/cache/1/small_image/200x/17f82f742ffe127f42dca9de82fb58b1/b/a/bake_parlor_bread_crumbs_200g.png,,,1174
1209,Bake Parlor Besan - 500gm,,245,,Groceries,https://cdn.mycart.pk/media/catalog/product/cache/1/small_image/200x/17f82f742ffe127f42dca9de82fb58b1/3/5/3570016726432_1.jpg,,,1177
1210,Bake Parlor Bar B Que Macaroni - 250gm,,175,,Groceries,https://cdn.mycart.pk/media/catalog/product/cache/1/small_image/200x/17f82f742ffe127f42dca9de82fb58b1/_/0/_04467_2.jpg,,,1180
1211,Bake Parlor Balti Macaroni - 250gm,,175,,Groceries,https://cdn.mycart.pk/media/catalog/product/cache/1/small_image/200x/17f82f742ffe127f42dca9de82fb58b1/_/0/_04459_2.jpg,,,1183
1212,Bake Parlor Achari Macaroni - 250gm,,175,,Groceries,https://cdn.mycart.pk/media/catalog/product/cache/1/small_image/200x/17f82f742ffe127f42dca9de82fb58b1/_/0/_04469_2.jpg,,,1186
1213,Bajra - 500gm,,130,,Groceries,https://cdn.mycart.pk/media/catalog/product/cache/1/small_image/200x/17f82f742ffe127f42dca9de82fb58b1/_/0/_08497_2.jpg,,,1189
1214,Bajra - 1kg,,245,,Groceries,https://cdn.mycart.pk/media/catalog/product/cache/1/small_image/200x/17f82f742ffe127f42dca9de82fb58b1/i/m/image_2023-04-08_112200914.png,,,1192
1215,Baisan - 1kg,,300,,Groceries,https://cdn.mycart.pk/media/catalog/product/cache/1/small_image/200x/17f82f742ffe127f42dca9de82fb58b1/m/c/mcp000002396.jpg,,,1195
1216,Asli Desi Ghee Tin - 1kg,,2500,,Groceries,https://cdn.mycart.pk/media/catalog/product/cache/1/small_image/200x/17f82f742ffe127f42dca9de82fb58b1/8/9/8961100360376_1.jpg,,,1198
1217,Ashrafi Atta Fine - 10kg,,1580,,Groceries,https://cdn.mycart.pk/media/catalog/product/cache/1/small_image/200x/17f82f742ffe127f42dca9de82fb58b1/a/s/ashrafi_atta_fine_10kg.jpg,,,1201
1218,American Garden Worcestershire Sauce - 295ml,,1199,,Groceries,https://cdn.mycart.pk/media/catalog/product/cache/1/small_image/200x/17f82f742ffe127f42dca9de82fb58b1/_/0/_08979.gif,,,1204
1219,American Garden U.S.Mustard - 397gm,,1500,,Groceries,https://cdn.mycart.pk/media/catalog/product/cache/1/small_image/200x/17f82f742ffe127f42dca9de82fb58b1/_/1/_14752.png,,,1207
1220,American Garden U.S. Mustard (Gluten Free) - 227gm,,960,,Groceries,https://cdn.mycart.pk/media/catalog/product/cache/1/small_image/200x/17f82f742ffe127f42dca9de82fb58b1/2/0/20190415_133247.jpg,,,1210
1221,American Garden U.S Ranch Dressing - 267ml,,1910,,Groceries,https://cdn.mycart.pk/media/catalog/product/cache/1/small_image/200x/17f82f742ffe127f42dca9de82fb58b1/_/0/_09256_1.jpg,,,1213
1222,American Garden Traditional Pasta Sauce - 397gm,,1740,,Groceries,https://cdn.mycart.pk/media/catalog/product/cache/1/small_image/200x/17f82f742ffe127f42dca9de82fb58b1/_/0/_08673.gif,,,1216
1223,American Garden Sweet Corn Whole Kernel - 400gm,,665,,Groceries,https://cdn.mycart.pk/media/catalog/product/cache/1/small_image/200x/17f82f742ffe127f42dca9de82fb58b1/_/1/_14187.png,,,1219
1224,American Garden Sweet Corn Whole Kernel - 400gm,,650,,Groceries,https://cdn.mycart.pk/media/catalog/product/cache/1/small_image/200x/17f82f742ffe127f42dca9de82fb58b1/2/0/20190527_115126.jpg,,,1222
1225,American Garden Sweet Corn Cream Style - 418gm,,730,,Groceries,https://cdn.mycart.pk/media/catalog/product/cache/1/small_image/200x/17f82f742ffe127f42dca9de82fb58b1/_/1/_10423.jpg,,,1225
1226,American Garden Steak Sauce - 284gm,,1299,,Groceries,https://cdn.mycart.pk/media/catalog/product/cache/1/small_image/200x/17f82f742ffe127f42dca9de82fb58b1/_/0/_08941.gif,,,1228
1227,American Garden Soy Sauce - 295ml,,1200,,Groceries,https://cdn.mycart.pk/media/catalog/product/cache/1/small_image/200x/17f82f742ffe127f42dca9de82fb58b1/_/0/_08931.gif,,,1231
1228,American Garden Roasted Garlic Bread Crumbs - 425gm,,690,,Groceries,https://cdn.mycart.pk/media/catalog/product/cache/1/small_image/200x/17f82f742ffe127f42dca9de82fb58b1/_/0/_02365.jpg,,,1234
1229,American Garden Red Grape Vinegar - 946ml,,1300,,Groceries,https://cdn.mycart.pk/media/catalog/product/cache/1/small_image/200x/17f82f742ffe127f42dca9de82fb58b1/_/0/_02325.jpg,,,1237
1230,American Garden Real Mayonnaise - 237ml,,1570,,Groceries,https://cdn.mycart.pk/media/catalog/product/cache/1/small_image/200x/17f82f742ffe127f42dca9de82fb58b1/_/1/_14760.png,,,1240
1231,American Garden Peas - 400gm,,675,,Groceries,https://cdn.mycart.pk/media/catalog/product/cache/1/small_image/200x/17f82f742ffe127f42dca9de82fb58b1/_/0/_02361.jpg,,,1243
1232,American Garden Natural Vinegar White - 946ml,,1300,,Groceries,https://cdn.mycart.pk/media/catalog/product/cache/1/small_image/200x/17f82f742ffe127f42dca9de82fb58b1/_/0/_02321_1.jpg,,,1246
1233,American Garden Natural Vinegar White - 473ml,,680,,Groceries,https://cdn.mycart.pk/media/catalog/product/cache/1/small_image/200x/17f82f742ffe127f42dca9de82fb58b1/_/0/_02321.jpg,,,1249
1234,American Garden Natural Apple Cider Vinegar - 473ml,,760,,Groceries,https://cdn.mycart.pk/media/catalog/product/cache/1/small_image/200x/17f82f742ffe127f42dca9de82fb58b1/_/0/_09723.jpg,,,1252
1235,American Garden Mushroom Pasta Sauce - 397gm,,1920,,Groceries,https://cdn.mycart.pk/media/catalog/product/cache/1/small_image/200x/17f82f742ffe127f42dca9de82fb58b1/_/0/_02309.jpg,,,1255
1236,American Garden Mixed Vegetables - 425gm,,850,,Groceries,https://cdn.mycart.pk/media/catalog/product/cache/1/small_image/200x/17f82f742ffe127f42dca9de82fb58b1/_/0/_02351.jpg,,,1258
1237,American Garden Lite Italian Dressing 267ml,,1845,,Groceries,https://cdn.mycart.pk/media/catalog/product/cache/1/small_image/200x/17f82f742ffe127f42dca9de82fb58b1/_/0/_02377.jpg,,,1261
1238,American Garden Jalapeno Pepper Sliced - 454gm,,990,,Groceries,https://cdn.mycart.pk/media/catalog/product/cache/1/small_image/200x/17f82f742ffe127f42dca9de82fb58b1/a/m/american_garden_jalapeno_pepper_sliced_454g.jpg,,,43
1239,American Garden Hot Sauce Louisiana Style - 177ml,,620,,Groceries,https://cdn.mycart.pk/media/catalog/product/cache/1/small_image/200x/17f82f742ffe127f42dca9de82fb58b1/_/0/_09264_1.jpg,,,46
1240,American Garden Hot Sauce Louisiana Style - 88ml,,460,,Groceries,https://cdn.mycart.pk/media/catalog/product/cache/1/small_image/200x/17f82f742ffe127f42dca9de82fb58b1/_/0/_09270_1.jpg,,,49
1241,American Garden Hot Buffalo Wing Sauce - 355ml,,1280,,Groceries,https://cdn.mycart.pk/media/catalog/product/cache/1/small_image/200x/17f82f742ffe127f42dca9de82fb58b1/_/1/_15156.png,,,52
1242,American Garden Hot and Spicy Bread Crumbs - 425gm,,745,,Groceries,https://cdn.mycart.pk/media/catalog/product/cache/1/small_image/200x/17f82f742ffe127f42dca9de82fb58b1/_/1/_14189.png,,,55
1243,American Garden Green Beans Cut - 411gm,,690,,Groceries,https://cdn.mycart.pk/media/catalog/product/cache/1/small_image/200x/17f82f742ffe127f42dca9de82fb58b1/_/0/_09272_1.jpg,,,58
1244,American Garden French Dressing - 473ml,,1350,,Groceries,https://cdn.mycart.pk/media/catalog/product/cache/1/small_image/200x/17f82f742ffe127f42dca9de82fb58b1/_/0/_02293.jpg,,,61
1245,American Garden Foul Medammas Grade A - 400gm,,899,,Groceries,https://cdn.mycart.pk/media/catalog/product/cache/1/small_image/200x/17f82f742ffe127f42dca9de82fb58b1/_/0/_02357.jpg,,,64
1246,American Garden Dark Red Kidney Beans - 400gm,,699,,Groceries,https://cdn.mycart.pk/media/catalog/product/cache/1/small_image/200x/17f82f742ffe127f42dca9de82fb58b1/_/0/_02355.jpg,,,67
1247,American Garden Coconut Milk - 400ml,,750,,Groceries,https://cdn.mycart.pk/media/catalog/product/cache/1/small_image/200x/17f82f742ffe127f42dca9de82fb58b1/1/1/1125553-1.jpg,,,70
1248,American Garden Classic Pizza Sauce Tin - 425gm,,1770,,Groceries,https://cdn.mycart.pk/media/catalog/product/cache/1/small_image/200x/17f82f742ffe127f42dca9de82fb58b1/_/0/_02347_1.jpg,,,73
1249,American Garden Classic Pizza Sauce - 397gm,,1799,,Groceries,https://cdn.mycart.pk/media/catalog/product/cache/1/small_image/200x/17f82f742ffe127f42dca9de82fb58b1/_/0/_02307.jpg,,,76
1250,American Garden Classic Chick Peas - 400gm,,850,,Groceries,https://cdn.mycart.pk/media/catalog/product/cache/1/small_image/200x/17f82f742ffe127f42dca9de82fb58b1/_/0/_02359.jpg,,,79
1251,American Garden Chunky U.S. Peanut Butter - 340gm,,1720,,Groceries,https://cdn.mycart.pk/media/catalog/product/cache/1/small_image/200x/17f82f742ffe127f42dca9de82fb58b1/_/1/_14183.png,,,82
1252,American Garden Bread Crumbs Romano Cheese - 425gm,,1080,,Groceries,https://cdn.mycart.pk/media/catalog/product/cache/1/small_image/200x/17f82f742ffe127f42dca9de82fb58b1/_/0/_02367.jpg,,,85
1253,American Garden Bread Crumbs Plain Tin - 425gm,,1150,,Groceries,https://cdn.mycart.pk/media/catalog/product/cache/1/small_image/200x/17f82f742ffe127f42dca9de82fb58b1/_/0/_09500.jpg,,,88
1254,American Garden Bread & Butter Sweet - 530gm,,1350,,Groceries,https://cdn.mycart.pk/media/catalog/product/cache/1/small_image/200x/17f82f742ffe127f42dca9de82fb58b1/a/m/american_garden_bread___butter_sweet_pickles.jpg,,,91
1255,American Garden Baked Beans In Tomato Sauce - 420gm,,680,,Groceries,https://cdn.mycart.pk/media/catalog/product/cache/1/small_image/200x/17f82f742ffe127f42dca9de82fb58b1/_/1/_14185.png,,,94
1256,American Garden B.B.Q Original Sauce - 510gm,,1900,,Groceries,https://cdn.mycart.pk/media/catalog/product/cache/1/small_image/200x/17f82f742ffe127f42dca9de82fb58b1/_/0/_09234_2.jpg,,,97
1257,American Garden B.B.Q Hickory Sauce - 510gm,,1965,,Groceries,https://cdn.mycart.pk/media/catalog/product/cache/1/small_image/200x/17f82f742ffe127f42dca9de82fb58b1/_/0/_08937_2.gif,,,100
1258,Alshifa Orange Honey - 500gm,,3300,,Groceries,https://cdn.mycart.pk/media/catalog/product/cache/1/small_image/200x/17f82f742ffe127f42dca9de82fb58b1/_/0/_08001_1.jpg,,,103
1259,Alshifa Honey Lime Tree - 500gm,,3300,,Groceries,https://cdn.mycart.pk/media/catalog/product/cache/1/small_image/200x/17f82f742ffe127f42dca9de82fb58b1/_/0/_07999.jpg,,,106
1260,Alshifa Honey - 750gm,,4300,,Groceries,https://cdn.mycart.pk/media/catalog/product/cache/1/small_image/200x/17f82f742ffe127f42dca9de82fb58b1/_/0/_05403.jpg,,,109
1261,Alshifa Honey - 500gm,,3060,,Groceries,https://cdn.mycart.pk/media/catalog/product/cache/1/small_image/200x/17f82f742ffe127f42dca9de82fb58b1/_/0/_05417.jpg,,,112
1262,Alshifa Honey - 250gm,,1670,,Groceries,https://cdn.mycart.pk/media/catalog/product/cache/1/small_image/200x/17f82f742ffe127f42dca9de82fb58b1/_/0/_05421_3.jpg,,,115
1263,Alshifa Honey - 1kg,,5400,,Groceries,https://cdn.mycart.pk/media/catalog/product/cache/1/small_image/200x/17f82f742ffe127f42dca9de82fb58b1/_/0/_05401_2.jpg,,,118
1264,Alshifa Honey - 125gm,,900,,Groceries,https://cdn.mycart.pk/media/catalog/product/cache/1/small_image/200x/17f82f742ffe127f42dca9de82fb58b1/_/0/_05423_2.jpg,,,121
1265,Alshifa Black Forest Honey - 500gm,,4500,,Groceries,https://cdn.mycart.pk/media/catalog/product/cache/1/small_image/200x/17f82f742ffe127f42dca9de82fb58b1/b/l/black_forest_honey_500g.jpg,,,124
1266,Alshifa Black Forest Honey - 250gm,,2499,,Groceries,https://cdn.mycart.pk/media/catalog/product/cache/1/small_image/200x/17f82f742ffe127f42dca9de82fb58b1/a/l/alshifa_honey_black_forest_250g.jpg,,,127
1267,Alshifa Acacia Honey - 500gm,,4600,,Groceries,https://cdn.mycart.pk/media/catalog/product/cache/1/small_image/200x/17f82f742ffe127f42dca9de82fb58b1/_/0/_05425_1.jpg,,,130
1268,Alpen Strawberry and Yogurt (5 Bars) - 145gm,,1320,,Groceries,https://cdn.mycart.pk/media/catalog/product/cache/1/small_image/200x/17f82f742ffe127f42dca9de82fb58b1/_/1/_14991.png,,,133
1269,Alpen Fruit and Nut With Milk Chocolate (5 Bars) - 145gm,,1320,,Groceries,https://cdn.mycart.pk/media/catalog/product/cache/1/small_image/200x/17f82f742ffe127f42dca9de82fb58b1/_/1/_14989.png,,,136
1270,Almarai Cream Cheese (Pack of 6) - 108gm,,1000,,Groceries,https://cdn.mycart.pk/media/catalog/product/cache/1/small_image/200x/17f82f742ffe127f42dca9de82fb58b1/_/1/_14636.jpg,,,139
1271,Almarai Cream Cheese (Pack of 24) - 432gm,,3699,,Groceries,https://cdn.mycart.pk/media/catalog/product/cache/1/small_image/200x/17f82f742ffe127f42dca9de82fb58b1/_/1/_15154.png,,,142
1272,Al-Khubz Sujji - 500gm,,160,,Groceries,https://cdn.mycart.pk/media/catalog/product/cache/1/small_image/200x/17f82f742ffe127f42dca9de82fb58b1/8/9/8964000690055.png,,,145
1273,Al-Khubz Premium Fine Atta - 5kg,,780,,Groceries,https://cdn.mycart.pk/media/catalog/product/cache/1/small_image/200x/17f82f742ffe127f42dca9de82fb58b1/6/b/6b5a48b6-b7d9-40cb-a115-1e217c47ba0c.jpg,,,148
1274,Al-Khubz Maida - 1kg,,196,,Groceries,https://cdn.mycart.pk/media/catalog/product/cache/1/small_image/200x/17f82f742ffe127f42dca9de82fb58b1/5/4/54c19015-4b0b-4060-b84c-df0f24e3e8cc.jpg,,,151
1275,Al-Khubz Gold Chakki Atta - 5kg,,800,,Groceries,https://cdn.mycart.pk/media/catalog/product/cache/1/small_image/200x/17f82f742ffe127f42dca9de82fb58b1/b/f/bfae23e5-9e0b-4746-ad07-c7d3f1565aee.jpg,,,154
1276,Al-Khubz Fine Atta - 5kg,,770,,Groceries,https://cdn.mycart.pk/media/catalog/product/cache/1/small_image/200x/17f82f742ffe127f42dca9de82fb58b1/7/8/78ca6511-bea0-490b-bde7-f863ac1d63bb.jpg,,,157
1277,Al-Khubz Chakki Atta - 5kg,,780,,Groceries,https://cdn.mycart.pk/media/catalog/product/cache/1/small_image/200x/17f82f742ffe127f42dca9de82fb58b1/a/e/ae8a50ff-1330-4a97-8e78-d3eef513c051.jpg,,,160
1278,Al-Khubz Baisan - 1kg,,507,,Groceries,https://cdn.mycart.pk/media/catalog/product/cache/1/small_image/200x/17f82f742ffe127f42dca9de82fb58b1/5/b/5b21953a-9045-46d4-80a7-ce7262801267.jpg,,,163
1279,Al Ameera Tahina Paste - 600gm,,2250,,Groceries,https://cdn.mycart.pk/media/catalog/product/cache/1/small_image/200x/17f82f742ffe127f42dca9de82fb58b1/_/1/_13760.png,,,166
1280,Adam's Desi Ghee Tin - 500gm,,1350,,Groceries,https://cdn.mycart.pk/media/catalog/product/cache/1/small_image/200x/17f82f742ffe127f42dca9de82fb58b1/8/9/8964000074442_1.jpg,,,169
1281,Adam's Desi Ghee Tin - 1kg,,2650,,Groceries,https://cdn.mycart.pk/media/catalog/product/cache/1/small_image/200x/17f82f742ffe127f42dca9de82fb58b1/8/9/8964000074459_1.jpg,,,172
1282,Olper's Milk - 250ml,,110,,Fresh & Dairy,https://cdn.mycart.pk/media/catalog/product/cache/1/small_image/200x/17f82f742ffe127f42dca9de82fb58b1/8/9/8964000919934.jpg,,,175
1283,Pakola Zafrani Milk - 235ml,,120,,Fresh & Dairy,https://cdn.mycart.pk/media/catalog/product/cache/1/small_image/200x/17f82f742ffe127f42dca9de82fb58b1/_/0/_03459.jpg,,,178
1284,Pakola Strawberry Milk - 235ml,,120,,Fresh & Dairy,https://cdn.mycart.pk/media/catalog/product/cache/1/small_image/200x/17f82f742ffe127f42dca9de82fb58b1/p/a/pakola_-_pakola_strawberry_milk_-_250ml.jpg,,,181
1285,Nurpur Butter - 200gm,,890,,Fresh & Dairy,https://cdn.mycart.pk/media/catalog/product/cache/1/small_image/200x/17f82f742ffe127f42dca9de82fb58b1/1/2/1234567890050.jpg,,,184
1286,Young's French Sandwich Spread - 300ml,,360,,Fresh & Dairy,https://cdn.mycart.pk/media/catalog/product/cache/1/small_image/200x/17f82f742ffe127f42dca9de82fb58b1/_/0/_01285.jpg,,,187
1287,Young's French Chicken Spread Pouch - 500ml,,685,,Fresh & Dairy,https://cdn.mycart.pk/media/catalog/product/cache/1/small_image/200x/17f82f742ffe127f42dca9de82fb58b1/_/0/_04931.jpg,,,190
1288,Young's French Chicken Spread Jar - 500ml,,775,,Fresh & Dairy,https://cdn.mycart.pk/media/catalog/product/cache/1/small_image/200x/17f82f742ffe127f42dca9de82fb58b1/_/0/_01279.jpg,,,193
1289,Young's Creamy and Salted Mayonnaise Pouch - 1Ltr,,680,,Fresh & Dairy,https://cdn.mycart.pk/media/catalog/product/cache/1/small_image/200x/17f82f742ffe127f42dca9de82fb58b1/i/m/image_2_3.png,,,196
1290,Young's Chicken Spread - 500ml,,760,,Fresh & Dairy,https://cdn.mycart.pk/media/catalog/product/cache/1/small_image/200x/17f82f742ffe127f42dca9de82fb58b1/8/9/89640000615100.png,,,199
1291,Weetabix Original Wheat Cereal Biscuit (Pack of 24) - 430gm,,1869,,Fresh & Dairy,https://cdn.mycart.pk/media/catalog/product/cache/1/small_image/200x/17f82f742ffe127f42dca9de82fb58b1/_/0/_04409.jpg,,,202
1292,Tapioca (Sagu Dana) - 500gm,,270,,Fresh & Dairy,https://cdn.mycart.pk/media/catalog/product/cache/1/small_image/200x/17f82f742ffe127f42dca9de82fb58b1/_/0/_09142_1.jpg,,,205
1293,Suree Thai Coconut Rich and Creamy Milk - 400ml,,645,,Fresh & Dairy,https://cdn.mycart.pk/media/catalog/product/cache/1/small_image/200x/17f82f742ffe127f42dca9de82fb58b1/_/1/_13768.png,,,208
1294,SB Eggs (Pack Of 6),,245,,Fresh & Dairy,https://cdn.mycart.pk/media/catalog/product/cache/1/small_image/200x/17f82f742ffe127f42dca9de82fb58b1/_/1/_15500.png,,,211
1295,SB Eggs (Pack of 30),,1100,,Fresh & Dairy,https://cdn.mycart.pk/media/catalog/product/cache/1/small_image/200x/17f82f742ffe127f42dca9de82fb58b1/d/s/dsc_0911.png,,,214
1296,SB Eggs (Pack of 12),,460,,Fresh & Dairy,https://cdn.mycart.pk/media/catalog/product/cache/1/small_image/200x/17f82f742ffe127f42dca9de82fb58b1/_/1/_15437.png,,,217
1297,Puck Cream Cheese - 240gm,,1045,,Fresh & Dairy,https://cdn.mycart.pk/media/catalog/product/cache/1/small_image/200x/17f82f742ffe127f42dca9de82fb58b1/2/0/20190603_122940.jpg,,,220
1298,Pakola Ice Cream Soda Milk - 250ml,,100,,Fresh & Dairy,https://cdn.mycart.pk/media/catalog/product/cache/1/small_image/200x/17f82f742ffe127f42dca9de82fb58b1/p/a/pakola_-_pakola_ice_cream_soda_milk_-_250ml.jpg,,,223
1299,Pakola Chocolate Milk - 250ml,,100,,Fresh & Dairy,https://cdn.mycart.pk/media/catalog/product/cache/1/small_image/200x/17f82f742ffe127f42dca9de82fb58b1/p/a/pakola_-_pakola_chocolate_milk_-_250ml.jpg,,,226
1300,Ovaltine Chocolate Jar - 400gm,,1760,,Fresh & Dairy,https://cdn.mycart.pk/media/catalog/product/cache/1/small_image/200x/17f82f742ffe127f42dca9de82fb58b1/o/v/ovaltine_choc_jar_400g.jpg,,,229
1301,Omung Dobala Topping Cream - 200ml,,180,,Fresh & Dairy,https://cdn.mycart.pk/media/catalog/product/cache/1/small_image/200x/17f82f742ffe127f42dca9de82fb58b1/8/9/8964000919736.jpg,,,232
1302,Olper's Milk - 1Ltr,,345,,Fresh & Dairy,https://cdn.mycart.pk/media/catalog/product/cache/1/small_image/200x/17f82f742ffe127f42dca9de82fb58b1/8/9/8964000346679_1.jpg,,,235
1303,Olper's Milk - 1.5Ltr,,550,,Fresh & Dairy,https://cdn.mycart.pk/media/catalog/product/cache/1/small_image/200x/17f82f742ffe127f42dca9de82fb58b1/8/9/8964000346334.jpg,,,238
1304,Olper's Cream - 200ml,,260,,Fresh & Dairy,https://cdn.mycart.pk/media/catalog/product/cache/1/small_image/200x/17f82f742ffe127f42dca9de82fb58b1/8/9/8964000919712.jpg,,,241
1305,Nutella Hazelnut Chocolate Spread - 630gm,,3500,,Fresh & Dairy,https://cdn.mycart.pk/media/catalog/product/cache/1/small_image/200x/17f82f742ffe127f42dca9de82fb58b1/_/1/_15426.png,,,244
1306,Nutella Hazelnut Chocolate Spread - 180gm,,1360,,Fresh & Dairy,https://cdn.mycart.pk/media/catalog/product/cache/1/small_image/200x/17f82f742ffe127f42dca9de82fb58b1/1/0/1092530-1.jpg,,,247
1307,Nutella Chocolate Spread - 350gm,,1990,,Fresh & Dairy,https://cdn.mycart.pk/media/catalog/product/cache/1/small_image/200x/17f82f742ffe127f42dca9de82fb58b1/_/1/_15426_1.png,,,250
1308,Nurpur Unsalted Butter - 200gm,,820,,Fresh & Dairy,https://cdn.mycart.pk/media/catalog/product/cache/1/small_image/200x/17f82f742ffe127f42dca9de82fb58b1/1/0/1017192-1.png,,,253
1309,Nurpur Strawberry Flavoured Milk - 180ml,,100,,Fresh & Dairy,https://cdn.mycart.pk/media/catalog/product/cache/1/small_image/200x/17f82f742ffe127f42dca9de82fb58b1/n/u/nurpurstrawberryflavoredmilk250ml_80e99500-641d-4a2e-bca7-5093c697c84b.png,,,256
1310,Nurpur Original Full Cream Milk - 1Ltr,,360,,Fresh & Dairy,https://cdn.mycart.pk/media/catalog/product/cache/1/small_image/200x/17f82f742ffe127f42dca9de82fb58b1/n/u/nurpur-original-milk.png,,,259
1311,Nurpur Mozzarella Cheese - 200gm,,740,,Fresh & Dairy,https://cdn.mycart.pk/media/catalog/product/cache/1/small_image/200x/17f82f742ffe127f42dca9de82fb58b1/1/0/1017155-1.png,,,262
1312,Nurpur Full Cream UHT Milk - 1500ml,,520,,Fresh & Dairy,https://cdn.mycart.pk/media/catalog/product/cache/1/small_image/200x/17f82f742ffe127f42dca9de82fb58b1/1/_/1.5.png,,,265
1313,Nurpur Full Cream Milk Pouch - 250ml,,110,,Fresh & Dairy,https://cdn.mycart.pk/media/catalog/product/cache/1/small_image/200x/17f82f742ffe127f42dca9de82fb58b1/2/5/250ml_pouch.png,,,268
1314,Nurpur Dairy Cream - 200ml,,230,,Fresh & Dairy,https://cdn.mycart.pk/media/catalog/product/cache/1/small_image/200x/17f82f742ffe127f42dca9de82fb58b1/n/u/nurpur-dairy-cream.png,,,271
1315,Nurpur Chocolate Flavoured Milk - 180ml,,100,,Fresh & Dairy,https://cdn.mycart.pk/media/catalog/product/cache/1/small_image/200x/17f82f742ffe127f42dca9de82fb58b1/n/e/newproject_17_a1e139ec-c1bd-452d-a917-87e4591ad115.png,,,274
1316,Nurpur Cheddar Cheese Slices (Pack of 10) - 200gm,,680,,Fresh & Dairy,https://cdn.mycart.pk/media/catalog/product/cache/1/small_image/200x/17f82f742ffe127f42dca9de82fb58b1/1/0/1015420-1.jpg,,,277
1317,Nurpur Cheddar Cheese - 200gm,,690,,Fresh & Dairy,https://cdn.mycart.pk/media/catalog/product/cache/1/small_image/200x/17f82f742ffe127f42dca9de82fb58b1/n/e/newproject-2024-10-09t103926.982.jpg,,,280
1318,Nurpur Butter - 100gm,,450,,Fresh & Dairy,https://cdn.mycart.pk/media/catalog/product/cache/1/small_image/200x/17f82f742ffe127f42dca9de82fb58b1/d/s/dsc_0740_1.png,,,283
1319,Nurpur Badam and Zafran Flavoured Milk - 180ml,,100,,Fresh & Dairy,https://cdn.mycart.pk/media/catalog/product/cache/1/small_image/200x/17f82f742ffe127f42dca9de82fb58b1/g/r/grocerapp-nurpur-flavoured-milk-badaam--662df65638e2f.png,,,286
1320,Nestle Zeera Raita - 250gm,,185,,Fresh & Dairy,https://cdn.mycart.pk/media/catalog/product/cache/1/small_image/200x/17f82f742ffe127f42dca9de82fb58b1/s/n/snt_raitasa_1.jpg,,,289
1321,Nestle Yogurt - 400gm,,270,,Fresh & Dairy,https://cdn.mycart.pk/media/catalog/product/cache/1/small_image/200x/17f82f742ffe127f42dca9de82fb58b1/8/9/8961008203027.jpg,,,292
1322,Nestle Unsweetened Yogurt - 400gm,,260,,Fresh & Dairy,https://cdn.mycart.pk/media/catalog/product/cache/1/small_image/200x/17f82f742ffe127f42dca9de82fb58b1/8/9/8961008205953_2_.jpg,,,295
1323,Nestle Podina Raita - 250gm,,175,,Fresh & Dairy,https://cdn.mycart.pk/media/catalog/product/cache/1/small_image/200x/17f82f742ffe127f42dca9de82fb58b1/s/n/snt_raitas.jpg,,,298
1324,Nestle Nesvita Calcium+ Low Fat Milk - 1Ltr,,380,,Fresh & Dairy,https://cdn.mycart.pk/media/catalog/product/cache/1/small_image/200x/17f82f742ffe127f42dca9de82fb58b1/n/e/nestl__nesvita_low_fat_milk_-1000ml_1_.jpg,,,301
1325,Nestle Nesvita Calcium + Low Fat Milk - 200ml,,90,,Fresh & Dairy,https://cdn.mycart.pk/media/catalog/product/cache/1/small_image/200x/17f82f742ffe127f42dca9de82fb58b1/n/e/nestl__nesvita_low_fat_milk_-_200ml.jpg,,,304
1326,Nestle MilkPak Cream - 200ml,,215,,Fresh & Dairy,https://cdn.mycart.pk/media/catalog/product/cache/1/small_image/200x/17f82f742ffe127f42dca9de82fb58b1/8/9/8961008206530_1.jpg,,,307
1327,Nestle MilkPak - 250ml,,110,,Fresh & Dairy,https://cdn.mycart.pk/media/catalog/product/cache/1/small_image/200x/17f82f742ffe127f42dca9de82fb58b1/8/9/8961008206851_2_.jpg,,,310
1328,Nestle MilkPak - 1000ml,,385,,Fresh & Dairy,https://cdn.mycart.pk/media/catalog/product/cache/1/small_image/200x/17f82f742ffe127f42dca9de82fb58b1/8/9/8961008206400_3_.jpg,,,313
1329,Nestle Koko Krunch - 500gm,,1700,,Fresh & Dairy,https://cdn.mycart.pk/media/catalog/product/cache/1/small_image/200x/17f82f742ffe127f42dca9de82fb58b1/n/e/nestle_koko_krunch_500g.jpg,,,316
1330,Nestle Koko Krunch - 500gm,,1699,,Fresh & Dairy,https://cdn.mycart.pk/media/catalog/product/cache/1/small_image/200x/17f82f742ffe127f42dca9de82fb58b1/d/b/dbda68b7ab4881fed8179977c3ae4bed.jpg,,,319
1331,Nestle Koko Krunch - 330gm,,1780,,Fresh & Dairy,https://cdn.mycart.pk/media/catalog/product/cache/1/small_image/200x/17f82f742ffe127f42dca9de82fb58b1/_/0/_02457_1.jpg,,,322
1332,Nestle Koko Krunch - 170gm,,690,,Fresh & Dairy,https://cdn.mycart.pk/media/catalog/product/cache/1/small_image/200x/17f82f742ffe127f42dca9de82fb58b1/_/0/_02449_1.jpg,,,325
1333,Nestle Gold Corn Flakes - 375gm,,1100,,Fresh & Dairy,https://cdn.mycart.pk/media/catalog/product/cache/1/small_image/200x/17f82f742ffe127f42dca9de82fb58b1/b/-/b-1_2_1_.jpg,,,328
1334,Nestle Corn Flakes Cereal - 150gm,,290,,Fresh & Dairy,https://cdn.mycart.pk/media/catalog/product/cache/1/small_image/200x/17f82f742ffe127f42dca9de82fb58b1/_/0/_04691_1.jpg,,,331
1335,Nature's Own White Oats Pouch - 500gm,,570,,Fresh & Dairy,https://cdn.mycart.pk/media/catalog/product/cache/1/small_image/200x/17f82f742ffe127f42dca9de82fb58b1/_/1/_10653.jpg,,,334
1336,National Strawberry Jelly Crystals - 80gm,,160,,Fresh & Dairy,https://cdn.mycart.pk/media/catalog/product/cache/1/small_image/200x/17f82f742ffe127f42dca9de82fb58b1/6/2/620514002606_2.jpg,,,337
1337,National Strawberry Jam - 440gm,,360,,Fresh & Dairy,https://cdn.mycart.pk/media/catalog/product/cache/1/small_image/200x/17f82f742ffe127f42dca9de82fb58b1/6/2/620514001944_1.jpg,,,340
1338,National Pineapple Jam - 440gm,,345,,Fresh & Dairy,https://cdn.mycart.pk/media/catalog/product/cache/1/small_image/200x/17f82f742ffe127f42dca9de82fb58b1/6/2/620514014586_1.jpg,,,343
1339,National Orange Marmalade - 200gm,,175,,Fresh & Dairy,https://cdn.mycart.pk/media/catalog/product/cache/1/small_image/200x/17f82f742ffe127f42dca9de82fb58b1/6/2/620514008851_2.jpg,,,346
1340,National Mixed Fruit Jelly Crystals - 80gm,,160,,Fresh & Dairy,https://cdn.mycart.pk/media/catalog/product/cache/1/small_image/200x/17f82f742ffe127f42dca9de82fb58b1/6/2/620514002651_2.jpg,,,349
1341,National Mixed Fruit Jam - 440gm,,360,,Fresh & Dairy,https://cdn.mycart.pk/media/catalog/product/cache/1/small_image/200x/17f82f742ffe127f42dca9de82fb58b1/6/2/620514001975_2.jpg,,,352
1342,National Mix Fruit Jam - 200gm,,175,,Fresh & Dairy,https://cdn.mycart.pk/media/catalog/product/cache/1/small_image/200x/17f82f742ffe127f42dca9de82fb58b1/6/2/620514008868_2.jpg,,,355
1343,National Marmalade Orange - 440gm,,360,,Fresh & Dairy,https://cdn.mycart.pk/media/catalog/product/cache/1/small_image/200x/17f82f742ffe127f42dca9de82fb58b1/6/2/620514001951_1.jpg,,,358
1344,National Mango Jam - 440gm,,360,,Fresh & Dairy,https://cdn.mycart.pk/media/catalog/product/cache/1/small_image/200x/17f82f742ffe127f42dca9de82fb58b1/6/2/620514001937_1.jpg,,,361
1345,National Mango Jam - 200gm,,175,,Fresh & Dairy,https://cdn.mycart.pk/media/catalog/product/cache/1/small_image/200x/17f82f742ffe127f42dca9de82fb58b1/6/2/620514008882_2.jpg,,,364
1346,National Diet Orange Marmalade - 370gm,,320,,Fresh & Dairy,https://cdn.mycart.pk/media/catalog/product/cache/1/small_image/200x/17f82f742ffe127f42dca9de82fb58b1/6/2/620514013916_2.jpg,,,367
1347,National Diet Apple Jam - 370gm,,270,,Fresh & Dairy,https://cdn.mycart.pk/media/catalog/product/cache/1/small_image/200x/17f82f742ffe127f42dca9de82fb58b1/6/2/620514013909_2.jpg,,,370
1348,National Blackcurrant Jam - 440gm,,345,,Fresh & Dairy,https://cdn.mycart.pk/media/catalog/product/cache/1/small_image/200x/17f82f742ffe127f42dca9de82fb58b1/6/2/620514006086_1.jpg,,,373
1349,National Banana Jelly Crystals - 80gm,,160,,Fresh & Dairy,https://cdn.mycart.pk/media/catalog/product/cache/1/small_image/200x/17f82f742ffe127f42dca9de82fb58b1/6/2/620514002637_2.jpg,,,376
1350,National Apple Jelly - 440gm,,360,,Fresh & Dairy,https://cdn.mycart.pk/media/catalog/product/cache/1/small_image/200x/17f82f742ffe127f42dca9de82fb58b1/6/2/620514001968_1.jpg,,,379
1351,National Apple Jam - 440gm,,360,,Fresh & Dairy,https://cdn.mycart.pk/media/catalog/product/cache/1/small_image/200x/17f82f742ffe127f42dca9de82fb58b1/6/2/620514001920_1.jpg,,,382
1352,National Apple Jam - 200gm,,220,,Fresh & Dairy,https://cdn.mycart.pk/media/catalog/product/cache/1/small_image/200x/17f82f742ffe127f42dca9de82fb58b1/6/2/620514008875_1.jpg,,,385
1353,Mitchell's Strawberry Jelly - 410gm,,320,,Fresh & Dairy,https://cdn.mycart.pk/media/catalog/product/cache/1/small_image/200x/17f82f742ffe127f42dca9de82fb58b1/8/9/8961005040045_1.jpg,,,388
1354,Mitchell's Strawberry Jam Tin - 1.05kg,,650,,Fresh & Dairy,https://cdn.mycart.pk/media/catalog/product/cache/1/small_image/200x/17f82f742ffe127f42dca9de82fb58b1/_/0/_01061.jpg,,,391
1355,Mitchell's Strawberry Jam - 300gm,,380,,Fresh & Dairy,https://cdn.mycart.pk/media/catalog/product/cache/1/small_image/200x/17f82f742ffe127f42dca9de82fb58b1/8/9/8961005030497_1.jpg,,,394
1356,Mitchell's Strawberry Jam - 200gm,,210,,Fresh & Dairy,https://cdn.mycart.pk/media/catalog/product/cache/1/small_image/200x/17f82f742ffe127f42dca9de82fb58b1/8/9/8961005030435_1.jpg,,,397
1357,Mitchell's Strawberry Jam (Diet) - 300gm,,380,,Fresh & Dairy,https://cdn.mycart.pk/media/catalog/product/cache/1/small_image/200x/17f82f742ffe127f42dca9de82fb58b1/8/9/8961005030091.jpg,,,400
1358,Mitchell's Raspberry Jelly - 450gm,,320,,Fresh & Dairy,https://cdn.mycart.pk/media/catalog/product/cache/1/small_image/200x/17f82f742ffe127f42dca9de82fb58b1/_/0/_00827.jpg,,,403
1359,Mitchell's Pineapple Jelly - 450gm,,380,,Fresh & Dairy,https://cdn.mycart.pk/media/catalog/product/cache/1/small_image/200x/17f82f742ffe127f42dca9de82fb58b1/8/9/8961005040038.jpg,,,406
1360,Mitchell's Pineapple Jam - 340gm,,360,,Fresh & Dairy,https://cdn.mycart.pk/media/catalog/product/cache/1/small_image/200x/17f82f742ffe127f42dca9de82fb58b1/8/9/8961005030503_1.jpg,,,409
1361,Mitchell's Mixed Fruit Jam Tin - 1.05kg,,650,,Fresh & Dairy,https://cdn.mycart.pk/media/catalog/product/cache/1/small_image/200x/17f82f742ffe127f42dca9de82fb58b1/8/9/8961005090033_1.jpg,,,412
1362,Mitchell's Mixed Fruit Jam - 450gm,,380,,Fresh & Dairy,https://cdn.mycart.pk/media/catalog/product/cache/1/small_image/200x/17f82f742ffe127f42dca9de82fb58b1/8/9/8961005030046.jpg,,,415
1363,Mitchell's Mixed Fruit Jam - 200gm,,210,,Fresh & Dairy,https://cdn.mycart.pk/media/catalog/product/cache/1/small_image/200x/17f82f742ffe127f42dca9de82fb58b1/_/0/_05437.jpg,,,418
1364,Mitchell's Mixed Fruit Jam (Diet) - 300gm,,380,,Fresh & Dairy,https://cdn.mycart.pk/media/catalog/product/cache/1/small_image/200x/17f82f742ffe127f42dca9de82fb58b1/8/9/8961005030107.jpg,,,421
1365,Mitchell's Marmalade Golden Mist - 200gm,,180,,Fresh & Dairy,https://cdn.mycart.pk/media/catalog/product/cache/1/small_image/200x/17f82f742ffe127f42dca9de82fb58b1/8/9/8961005050211_1.jpg,,,424
1366,Mitchell's Mango Jam Tin - 1.05kg,,650,,Fresh & Dairy,https://cdn.mycart.pk/media/catalog/product/cache/1/small_image/200x/17f82f742ffe127f42dca9de82fb58b1/8/9/8961005090040_1.jpg,,,427
1367,Mitchell's Mango Jam - 450gm,,380,,Fresh & Dairy,https://cdn.mycart.pk/media/catalog/product/cache/1/small_image/200x/17f82f742ffe127f42dca9de82fb58b1/8/9/8961005030039.jpg,,,430
1368,Mitchell's Mango Jam - 200gm,,210,,Fresh & Dairy,https://cdn.mycart.pk/media/catalog/product/cache/1/small_image/200x/17f82f742ffe127f42dca9de82fb58b1/8/9/8961005030411_1.jpg,,,433
1369,Mitchell's Golden Mist Marmalade - 450gm,,380,,Fresh & Dairy,https://cdn.mycart.pk/media/catalog/product/cache/1/small_image/200x/17f82f742ffe127f42dca9de82fb58b1/_/0/_00851.jpg,,,436
1370,Mitchell's Golden Mist Jam Tin - 1.05kg,,650,,Fresh & Dairy,https://cdn.mycart.pk/media/catalog/product/cache/1/small_image/200x/17f82f742ffe127f42dca9de82fb58b1/8/9/8961005090026_1.jpg,,,439
1371,Mitchell's Golden Mist Jam (Diet) - 325gm,,320,,Fresh & Dairy,https://cdn.mycart.pk/media/catalog/product/cache/1/small_image/200x/17f82f742ffe127f42dca9de82fb58b1/8/9/8961005050044_1.jpg,,,442
1372,Mitchell's Golden Apple Jam - 450gm,,380,,Fresh & Dairy,https://cdn.mycart.pk/media/catalog/product/cache/1/small_image/200x/17f82f742ffe127f42dca9de82fb58b1/8/9/8961005030022.jpg,,,445
1373,Mitchell's Golden Apple Jam - 200gm,,210,,Fresh & Dairy,https://cdn.mycart.pk/media/catalog/product/cache/1/small_image/200x/17f82f742ffe127f42dca9de82fb58b1/d/s/dsc_0024_1.png,,,448
1374,Mitchell's Golden Apple Jam (Diet) - 300gm,,380,,Fresh & Dairy,https://cdn.mycart.pk/media/catalog/product/cache/1/small_image/200x/17f82f742ffe127f42dca9de82fb58b1/8/9/8961005030053.jpg,,,451
1375,Mitchell's Blackcurrant Jam - 340gm,,490,,Fresh & Dairy,https://cdn.mycart.pk/media/catalog/product/cache/1/small_image/200x/17f82f742ffe127f42dca9de82fb58b1/_/0/_00867.jpg,,,454
1376,Mitchell's Apricot Jam - 340gm,,380,,Fresh & Dairy,https://cdn.mycart.pk/media/catalog/product/cache/1/small_image/200x/17f82f742ffe127f42dca9de82fb58b1/8/9/8961005030510.jpg,,,457
1377,Mitchell's Apple Jelly - 450gm,,380,,Fresh & Dairy,https://cdn.mycart.pk/media/catalog/product/cache/1/small_image/200x/17f82f742ffe127f42dca9de82fb58b1/8/9/8961005040014_1.jpg,,,460
1378,Mitchell's Apple Jelly - 200gm,,210,,Fresh & Dairy,https://cdn.mycart.pk/media/catalog/product/cache/1/small_image/200x/17f82f742ffe127f42dca9de82fb58b1/_/0/_08047.jpg,,,463
1379,Mitchell's Apple Jam Tin - 1.05kg,,650,,Fresh & Dairy,https://cdn.mycart.pk/media/catalog/product/cache/1/small_image/200x/17f82f742ffe127f42dca9de82fb58b1/_/0/_01055.jpg,,,466
1380,Milo Pouch Drinking Powder - 80gm,,365,,Fresh & Dairy,https://cdn.mycart.pk/media/catalog/product/cache/1/small_image/200x/17f82f742ffe127f42dca9de82fb58b1/_/0/_07957.jpg,,,469
1381,Milo Drinking Powder Pouch - 500gm,,1460,,Fresh & Dairy,https://cdn.mycart.pk/media/catalog/product/cache/1/small_image/200x/17f82f742ffe127f42dca9de82fb58b1/_/0/_04077_1.jpg,,,472
1382,Milo Drinking Powder Pouch - 300gm,,930,,Fresh & Dairy,https://cdn.mycart.pk/media/catalog/product/cache/1/small_image/200x/17f82f742ffe127f42dca9de82fb58b1/_/0/_07941.jpg,,,475
1383,Milo Drinking Powder Pouch - 1kg,,3250,,Fresh & Dairy,https://cdn.mycart.pk/media/catalog/product/cache/1/small_image/200x/17f82f742ffe127f42dca9de82fb58b1/_/1/_13963_1.png,,,478
1384,Milo Drink - 180ml,,100,,Fresh & Dairy,https://cdn.mycart.pk/media/catalog/product/cache/1/small_image/200x/17f82f742ffe127f42dca9de82fb58b1/_/0/_01809.jpg,,,481
1385,Milo Cereal - 500gm,,1865,,Fresh & Dairy,https://cdn.mycart.pk/media/catalog/product/cache/1/small_image/200x/17f82f742ffe127f42dca9de82fb58b1/_/0/_02453_1.jpg,,,484
1386,Milo Cereal - 150gm,,780,,Fresh & Dairy,https://cdn.mycart.pk/media/catalog/product/cache/1/small_image/200x/17f82f742ffe127f42dca9de82fb58b1/_/0/_02447_1.jpg,,,487
1387,Milo 4D Burst of Energy - 180ml,,88,,Fresh & Dairy,https://cdn.mycart.pk/media/catalog/product/cache/1/small_image/200x/17f82f742ffe127f42dca9de82fb58b1/m/i/milo_pack_180gm_2.png,,,490
1388,Millac Unsalted Butter - 200gm,,500,,Fresh & Dairy,https://cdn.mycart.pk/media/catalog/product/cache/1/small_image/200x/17f82f742ffe127f42dca9de82fb58b1/i/c/ic-1132210-1.jpg,,,493
1389,Millac Unsalted Butter - 100gm,,275,,Fresh & Dairy,https://cdn.mycart.pk/media/catalog/product/cache/1/small_image/200x/17f82f742ffe127f42dca9de82fb58b1/m/i/millac-unsalted-butter-100.jpg,,,496
1390,Millac Skimillac Milk Tin - 500gm,,1390,,Fresh & Dairy,https://cdn.mycart.pk/media/catalog/product/cache/1/small_image/200x/17f82f742ffe127f42dca9de82fb58b1/m/i/millac_skimallac.jpg,,,499
1391,Millac Salted Butter - 200gm,,500,,Fresh & Dairy,https://cdn.mycart.pk/media/catalog/product/cache/1/small_image/200x/17f82f742ffe127f42dca9de82fb58b1/i/c/ic-1132209-1.jpg,,,502
1392,Millac Salted Butter - 100gm,,275,,Fresh & Dairy,https://cdn.mycart.pk/media/catalog/product/cache/1/small_image/200x/17f82f742ffe127f42dca9de82fb58b1/8/9/8964000707401_1_.png,,,505
1393,Millac Plain Yogurt (Dahi) Pouch - 1kg,,390,,Fresh & Dairy,https://cdn.mycart.pk/media/catalog/product/cache/1/small_image/200x/17f82f742ffe127f42dca9de82fb58b1/1/2/1200515-1_1.jpg,,,508
1394,Millac Instant Milk Powder - 910gm,,1799,,Fresh & Dairy,https://cdn.mycart.pk/media/catalog/product/cache/1/small_image/200x/17f82f742ffe127f42dca9de82fb58b1/m/i/millac_910gm.jpg,,,511
1395,Millac Instant Milk Powder - 390gm,,820,,Fresh & Dairy,https://cdn.mycart.pk/media/catalog/product/cache/1/small_image/200x/17f82f742ffe127f42dca9de82fb58b1/m/i/millac_390gm.jpg,,,514
1396,Millac Gro Powder Milk - 900gm,,1590,,Fresh & Dairy,https://cdn.mycart.pk/media/catalog/product/cache/1/small_image/200x/17f82f742ffe127f42dca9de82fb58b1/m/i/millac_gro_900gm.jpg,,,517
1397,Milkpak Yogurt - 450gm,,220,,Fresh & Dairy,https://cdn.mycart.pk/media/catalog/product/cache/1/small_image/200x/17f82f742ffe127f42dca9de82fb58b1/8/9/8961008205809.jpg,,,520
1398,Mehran Nihari Masala - 60gm,,140,,Fresh & Dairy,https://cdn.mycart.pk/media/catalog/product/cache/1/small_image/200x/17f82f742ffe127f42dca9de82fb58b1/2/0/20190614_153216_1.jpg,,,523
1399,Mehran Chicken Masala - 50gm,,140,,Fresh & Dairy,https://cdn.mycart.pk/media/catalog/product/cache/1/small_image/200x/17f82f742ffe127f42dca9de82fb58b1/2/0/20190614_153156_1.jpg,,,526
1400,Mehran Chicken Broast/Burger Masala - 125gm,,245,,Fresh & Dairy,https://cdn.mycart.pk/media/catalog/product/cache/1/small_image/200x/17f82f742ffe127f42dca9de82fb58b1/2/0/20190614_153302.jpg,,,529
1401,Maria's Parmesan Cheese Powder - 150gm,,3100,,Fresh & Dairy,https://cdn.mycart.pk/media/catalog/product/cache/1/small_image/200x/17f82f742ffe127f42dca9de82fb58b1/p/a/parmesan_cheese_150gm.jpg,,,532
1402,Horlicks Original Drinking Powder - 500gm,,1760,,Fresh & Dairy,https://cdn.mycart.pk/media/catalog/product/cache/1/small_image/200x/17f82f742ffe127f42dca9de82fb58b1/8/9/8901571001354.jpg,,,535
1403,Horlicks Growth+ Vanilla - 400gm,,1090,,Fresh & Dairy,https://cdn.mycart.pk/media/catalog/product/cache/1/small_image/200x/17f82f742ffe127f42dca9de82fb58b1/8/9/8901571008926.jpg,,,538
1404,Horlicks Chocolate Drinking Powder - 500gm,,1760,,Fresh & Dairy,https://cdn.mycart.pk/media/catalog/product/cache/1/small_image/200x/17f82f742ffe127f42dca9de82fb58b1/8/9/8901571000036.jpg,,,541
1405,Horlicks Chocolate Drinking Powder - 200gm,,685,,Fresh & Dairy,https://cdn.mycart.pk/media/catalog/product/cache/1/small_image/200x/17f82f742ffe127f42dca9de82fb58b1/8/9/8901571000203.jpg,,,544
1406,Happy Cow Slice Cheese Toast (10 Slices) - 200gm,,1300,,Fresh & Dairy,https://cdn.mycart.pk/media/catalog/product/cache/1/small_image/200x/17f82f742ffe127f42dca9de82fb58b1/_/0/_07871.jpg,,,547
1407,Happy Cow Slice Cheese Sandwich (10 Slices) - 200gm,,1300,,Fresh & Dairy,https://cdn.mycart.pk/media/catalog/product/cache/1/small_image/200x/17f82f742ffe127f42dca9de82fb58b1/_/0/_07865.jpg,,,550
1408,Happy Cow Slice Cheese Regular (48 Slices) - 800gm,,3855,,Fresh & Dairy,https://cdn.mycart.pk/media/catalog/product/cache/1/small_image/200x/17f82f742ffe127f42dca9de82fb58b1/d/s/dsc_0840.png,,,553
1409,Happy Cow Slice Cheese Cheddar (10 Slices) - 150gm,,1300,,Fresh & Dairy,https://cdn.mycart.pk/media/catalog/product/cache/1/small_image/200x/17f82f742ffe127f42dca9de82fb58b1/_/0/_07869.jpg,,,556
1410,Happy Cow Slice Cheese Burger (10 Slices) - 200gm,,1300,,Fresh & Dairy,https://cdn.mycart.pk/media/catalog/product/cache/1/small_image/200x/17f82f742ffe127f42dca9de82fb58b1/9/0/9066085112701.jpg,,,559
1411,Happy Cow Regular Cheese Slice (Pack of 10),,1275,,Fresh & Dairy,https://cdn.mycart.pk/media/catalog/product/cache/1/small_image/200x/17f82f742ffe127f42dca9de82fb58b1/_/0/_05111.jpg,,,562
1412,Happy Cow Processed Cheese Light (Pack of 10),,1300,,Fresh & Dairy,https://cdn.mycart.pk/media/catalog/product/cache/1/small_image/200x/17f82f742ffe127f42dca9de82fb58b1/_/0/_07863.jpg,,,565
1413,Happy Cow Portion Cheese Regular (Pack of 24) - 360gm,,2200,,Fresh & Dairy,https://cdn.mycart.pk/media/catalog/product/cache/1/small_image/200x/17f82f742ffe127f42dca9de82fb58b1/_/0/_05677.jpg,,,568
1414,Happy Cow Mozzarella Slice Cheese Slices (Pack of 10),,1300,,Fresh & Dairy,https://cdn.mycart.pk/media/catalog/product/cache/1/small_image/200x/17f82f742ffe127f42dca9de82fb58b1/_/0/_05113.jpg,,,571
1415,Haleeb UHT Milk - 250ml,,110,,Fresh & Dairy,https://cdn.mycart.pk/media/catalog/product/cache/1/small_image/200x/17f82f742ffe127f42dca9de82fb58b1/8/9/8961100361021.png,,,574
1416,Haleeb Milk - 1ltr,,300,,Fresh & Dairy,https://cdn.mycart.pk/media/catalog/product/cache/1/small_image/200x/17f82f742ffe127f42dca9de82fb58b1/8/9/8961100360017.png,,,577
1417,Haleeb Cream GOLD - 200ml,,210,,Fresh & Dairy,https://cdn.mycart.pk/media/catalog/product/cache/1/small_image/200x/17f82f742ffe127f42dca9de82fb58b1/5/8/58684haleeb_cream_gold_200ml.jpg,,,580
1418,Good Milk - 250ml,,110,,Fresh & Dairy,https://cdn.mycart.pk/media/catalog/product/cache/1/small_image/200x/17f82f742ffe127f42dca9de82fb58b1/_/1/_15665.png,,,583
1419,Good Milk - 1Ltr,,345,,Fresh & Dairy,https://cdn.mycart.pk/media/catalog/product/cache/1/small_image/200x/17f82f742ffe127f42dca9de82fb58b1/_/1/_15201.png,,,586
1420,Fauji Wheat Porridge - 250gm,,280,,Fresh & Dairy,https://cdn.mycart.pk/media/catalog/product/cache/1/small_image/200x/17f82f742ffe127f42dca9de82fb58b1/_/0/_06090.jpg,,,589
1421,Fauji Wheat Flakes - 250gm,,650,,Fresh & Dairy,https://cdn.mycart.pk/media/catalog/product/cache/1/small_image/200x/17f82f742ffe127f42dca9de82fb58b1/_/0/_02873.jpg,,,592
1422,Fauji Rice Flakes - 250gm,,650,,Fresh & Dairy,https://cdn.mycart.pk/media/catalog/product/cache/1/small_image/200x/17f82f742ffe127f42dca9de82fb58b1/_/0/_04537.jpg,,,595
1423,Fauji Honey Pops - 250gm,,770,,Fresh & Dairy,https://cdn.mycart.pk/media/catalog/product/cache/1/small_image/200x/17f82f742ffe127f42dca9de82fb58b1/_/0/_04531.jpg,,,598
1424,Fauji Honey Corn Flakes - 250gm,,700,,Fresh & Dairy,https://cdn.mycart.pk/media/catalog/product/cache/1/small_image/200x/17f82f742ffe127f42dca9de82fb58b1/_/0/_02881.jpg,,,601
1425,Fauji Frosted Flakes - 250gm,,650,,Fresh & Dairy,https://cdn.mycart.pk/media/catalog/product/cache/1/small_image/200x/17f82f742ffe127f42dca9de82fb58b1/_/0/_02875.jpg,,,604
1426,Fauji Frootooz - 250gm,,800,,Fresh & Dairy,https://cdn.mycart.pk/media/catalog/product/cache/1/small_image/200x/17f82f742ffe127f42dca9de82fb58b1/_/0/_04529.jpg,,,607
1427,Fauji Corn Flakes - 500gm,,990,,Fresh & Dairy,https://cdn.mycart.pk/media/catalog/product/cache/1/small_image/200x/17f82f742ffe127f42dca9de82fb58b1/_/0/_02885.jpg,,,610
1428,Fauji Corn Flakes - 250gm,,570,,Fresh & Dairy,https://cdn.mycart.pk/media/catalog/product/cache/1/small_image/200x/17f82f742ffe127f42dca9de82fb58b1/_/0/_02879.jpg,,,613
1429,Fauji Chocolate Pops - 250gm,,770,,Fresh & Dairy,https://cdn.mycart.pk/media/catalog/product/cache/1/small_image/200x/17f82f742ffe127f42dca9de82fb58b1/_/0/_02883.jpg,,,616
1430,Fauji Choco Rings - 250gm,,770,,Fresh & Dairy,https://cdn.mycart.pk/media/catalog/product/cache/1/small_image/200x/17f82f742ffe127f42dca9de82fb58b1/f/a/fauji_choco_rings_250g.jpg,,,619
1431,Fauji Choco Cups New - 250gm,,770,,Fresh & Dairy,https://cdn.mycart.pk/media/catalog/product/cache/1/small_image/200x/17f82f742ffe127f42dca9de82fb58b1/_/0/_06094.jpg,,,622
1432,Fauji Choco Corn Flakes - 250gm,,700,,Fresh & Dairy,https://cdn.mycart.pk/media/catalog/product/cache/1/small_image/200x/17f82f742ffe127f42dca9de82fb58b1/_/0/_02877.jpg,,,625
1433,Fauji Bran Flakes - 300gm,,770,,Fresh & Dairy,https://cdn.mycart.pk/media/catalog/product/cache/1/small_image/200x/17f82f742ffe127f42dca9de82fb58b1/_/0/_06096.jpg,,,628
1434,Fauji Barley Porridge - 250gm,,385,,Fresh & Dairy,https://cdn.mycart.pk/media/catalog/product/cache/1/small_image/200x/17f82f742ffe127f42dca9de82fb58b1/_/0/_06092.jpg,,,631
1435,Eggs (Pack of 12),,445,,Fresh & Dairy,https://cdn.mycart.pk/media/catalog/product/cache/1/small_image/200x/17f82f742ffe127f42dca9de82fb58b1/i/m/image_2_5.png,,,634
1436,Dayfresh Sweetened Yogurt Cup - 400gm,,240,,Fresh & Dairy,https://cdn.mycart.pk/media/catalog/product/cache/1/small_image/200x/17f82f742ffe127f42dca9de82fb58b1/8/9/8964000816189.jpg,,,637
1437,Dayfresh Premium Cow Milk - 1Ltr,,390,,Fresh & Dairy,https://cdn.mycart.pk/media/catalog/product/cache/1/small_image/200x/17f82f742ffe127f42dca9de82fb58b1/8/9/8964000816752.jpg,,,640
1438,Dayfresh Milk Strawberry - 225ml,,100,,Fresh & Dairy,https://cdn.mycart.pk/media/catalog/product/cache/1/small_image/200x/17f82f742ffe127f42dca9de82fb58b1/8/9/8964000816493.jpg,,,643
1439,Dayfresh Milk Pista Zafraan - 225ml,,100,,Fresh & Dairy,https://cdn.mycart.pk/media/catalog/product/cache/1/small_image/200x/17f82f742ffe127f42dca9de82fb58b1/8/9/8964000816509_1.jpg,,,646
1440,DayFresh Milk Full Cream - 250ml,,92,,Fresh & Dairy,https://cdn.mycart.pk/media/catalog/product/cache/1/small_image/200x/17f82f742ffe127f42dca9de82fb58b1/2/0/20190506_110822.jpg,,,649
1441,Dayfresh Milk Full Cream - 1Ltr,,355,,Fresh & Dairy,https://cdn.mycart.pk/media/catalog/product/cache/1/small_image/200x/17f82f742ffe127f42dca9de82fb58b1/8/9/8964000816455_2.jpg,,,652
1442,DayFresh Milk Full Cream (Capped) - 250ml,,120,,Fresh & Dairy,https://cdn.mycart.pk/media/catalog/product/cache/1/small_image/200x/17f82f742ffe127f42dca9de82fb58b1/8/9/8964000816462_1.jpg,,,655
1443,Dayfresh Milk Chocolate - 225ml,,100,,Fresh & Dairy,https://cdn.mycart.pk/media/catalog/product/cache/1/small_image/200x/17f82f742ffe127f42dca9de82fb58b1/8/9/8964000816516.jpg,,,658
1444,Dayfresh Milk Banana - 235ml,,100,,Fresh & Dairy,https://cdn.mycart.pk/media/catalog/product/cache/1/small_image/200x/17f82f742ffe127f42dca9de82fb58b1/8/9/8964000816622.jpg,,,661
1445,Dayfresh Mast Dahi Pouch - 400gm,,180,,Fresh & Dairy,https://cdn.mycart.pk/media/catalog/product/cache/1/small_image/200x/17f82f742ffe127f42dca9de82fb58b1/8/9/8964000816219.jpg,,,664
1446,Dayfresh Mast Dahi Pouch - 200gm,,85,,Fresh & Dairy,https://cdn.mycart.pk/media/catalog/product/cache/1/small_image/200x/17f82f742ffe127f42dca9de82fb58b1/8/9/8964000816202.jpg,,,667
1447,DayFresh Mast Dahi Pouch - 1kg,,380,,Fresh & Dairy,https://cdn.mycart.pk/media/catalog/product/cache/1/small_image/200x/17f82f742ffe127f42dca9de82fb58b1/8/9/8964000816226.jpg,,,670
1448,Dayfresh Mast Dahi Cup - 400gm,,225,,Fresh & Dairy,https://cdn.mycart.pk/media/catalog/product/cache/1/small_image/200x/17f82f742ffe127f42dca9de82fb58b1/8/9/8964000816080.jpg,,,673
1449,DayFresh Lactose Free - 200ml,,105,,Fresh & Dairy,https://cdn.mycart.pk/media/catalog/product/cache/1/small_image/200x/17f82f742ffe127f42dca9de82fb58b1/8/9/8964000816097.png,,,676
1450,DayFresh Lactose Free - 1Ltr,,390,,Fresh & Dairy,https://cdn.mycart.pk/media/catalog/product/cache/1/small_image/200x/17f82f742ffe127f42dca9de82fb58b1/l/a/lactose_milk_pack_1.jpg,,,679
1451,Dayfresh Blueberry Frogurt - 100gm,,130,,Fresh & Dairy,https://cdn.mycart.pk/media/catalog/product/cache/1/small_image/200x/17f82f742ffe127f42dca9de82fb58b1/8/9/8964000816608.jpg,,,682
1452,Dayfresh Aghaz Full Cream Milk Pouch - 1Ltr,,390,,Fresh & Dairy,https://cdn.mycart.pk/media/catalog/product/cache/1/small_image/200x/17f82f742ffe127f42dca9de82fb58b1/t/i/timeline-01-removebg.png,,,685
1453,Dawn White Pita - (Pack Of 5),,120,,Fresh & Dairy,https://cdn.mycart.pk/media/catalog/product/cache/1/small_image/200x/17f82f742ffe127f42dca9de82fb58b1/8/9/89455900488.png,,,688
1454,Dawn School Bun,,25,,Fresh & Dairy,https://cdn.mycart.pk/media/catalog/product/cache/1/small_image/200x/17f82f742ffe127f42dca9de82fb58b1/8/9/894559000563.png,,,691
1455,Dawn Milky Bread Small,,110,,Fresh & Dairy,https://cdn.mycart.pk/media/catalog/product/cache/1/small_image/200x/17f82f742ffe127f42dca9de82fb58b1/u/n/untitled-1_3.png,,,694
1456,Dawn Fruit Bun Big,,55,,Fresh & Dairy,https://cdn.mycart.pk/media/catalog/product/cache/1/small_image/200x/17f82f742ffe127f42dca9de82fb58b1/_/1/_15620.png,,,697
1457,Dawn Cupcake Chocolate Fudge - (Pack of 6),,250,,Fresh & Dairy,https://cdn.mycart.pk/media/catalog/product/cache/1/small_image/200x/17f82f742ffe127f42dca9de82fb58b1/8/9/894559000921.png,,,700
1458,Dawn Cup Cake - 225gm,,230,,Fresh & Dairy,https://cdn.mycart.pk/media/catalog/product/cache/1/small_image/200x/17f82f742ffe127f42dca9de82fb58b1/_/0/_08595.jpg,,,703
1459,Dawn Crispy Rusk - 190gm,,190,,Fresh & Dairy,https://cdn.mycart.pk/media/catalog/product/cache/1/small_image/200x/17f82f742ffe127f42dca9de82fb58b1/_/0/_08597.jpg,,,706
1460,Dawn Burger Bun (Pack of 4),,130,,Fresh & Dairy,https://cdn.mycart.pk/media/catalog/product/cache/1/small_image/200x/17f82f742ffe127f42dca9de82fb58b1/_/1/_15616.png,,,709
1461,Dawn Bread Fortified Small,,120,,Fresh & Dairy,https://cdn.mycart.pk/media/catalog/product/cache/1/small_image/200x/17f82f742ffe127f42dca9de82fb58b1/8/9/894559000532_2.jpg,,,712
1462,Dawn Bread Fortified Large,,230,,Fresh & Dairy,https://cdn.mycart.pk/media/catalog/product/cache/1/small_image/200x/17f82f742ffe127f42dca9de82fb58b1/8/9/894559000600_1.jpg,,,715
1463,Dawn Bran Pita - (Pack Of 5),,110,,Fresh & Dairy,https://cdn.mycart.pk/media/catalog/product/cache/1/small_image/200x/17f82f742ffe127f42dca9de82fb58b1/8/9/89455900471.png,,,718
1464,Dawn Bran Bread,,150,,Fresh & Dairy,https://cdn.mycart.pk/media/catalog/product/cache/1/small_image/200x/17f82f742ffe127f42dca9de82fb58b1/u/n/untitled-2_1.png,,,721
1465,Dairy Pure Milk - 1Ltr,,310,,Fresh & Dairy,https://cdn.mycart.pk/media/catalog/product/cache/1/small_image/200x/17f82f742ffe127f42dca9de82fb58b1/_/1/_15199.png,,,724
1466,Crown Peanut Butter Chunky - 510gm,,1800,,Fresh & Dairy,https://cdn.mycart.pk/media/catalog/product/cache/1/small_image/200x/17f82f742ffe127f42dca9de82fb58b1/_/1/_13772.png,,,727
1467,Crown Chunky Peanut Butter - 340gm,,1500,,Fresh & Dairy,https://cdn.mycart.pk/media/catalog/product/cache/1/small_image/200x/17f82f742ffe127f42dca9de82fb58b1/_/0/_09009.gif,,,730
1468,Complan Strawberry Drinking Powder - 200gm,,820,,Fresh & Dairy,https://cdn.mycart.pk/media/catalog/product/cache/1/small_image/200x/17f82f742ffe127f42dca9de82fb58b1/_/0/_05261_1.jpg,,,733
1469,Complan Drinking Powder Vanilla Jar - 400gm,,1620,,Fresh & Dairy,https://cdn.mycart.pk/media/catalog/product/cache/1/small_image/200x/17f82f742ffe127f42dca9de82fb58b1/_/0/_06632.jpg,,,736
1470,Complan Drinking Powder Vanilla Box - 200gm,,860,,Fresh & Dairy,https://cdn.mycart.pk/media/catalog/product/cache/1/small_image/200x/17f82f742ffe127f42dca9de82fb58b1/_/0/_06626.jpg,,,739
1471,Complan Drinking Powder Strawberry Jar - 400gm,,1620,,Fresh & Dairy,https://cdn.mycart.pk/media/catalog/product/cache/1/small_image/200x/17f82f742ffe127f42dca9de82fb58b1/_/0/_06630.jpg,,,742
1472,Complan Drinking Powder Chocolate Jar - 400gm,,1620,,Fresh & Dairy,https://cdn.mycart.pk/media/catalog/product/cache/1/small_image/200x/17f82f742ffe127f42dca9de82fb58b1/_/0/_06634.jpg,,,745
1473,Complan Chocolate Drinking Powder - 200gm,,820,,Fresh & Dairy,https://cdn.mycart.pk/media/catalog/product/cache/1/small_image/200x/17f82f742ffe127f42dca9de82fb58b1/_/0/_05273_1.jpg,,,748
1474,Candyland Choc-Oh Chocolate Hazelnut Spread Jar - 350gm,,660,,Fresh & Dairy,https://cdn.mycart.pk/media/catalog/product/cache/1/small_image/200x/17f82f742ffe127f42dca9de82fb58b1/8/9/8964002488384_1.jpg,,,751
1475,Cadbury Original Chocolate Drinking Powder - 500gm,,2150,,Fresh & Dairy,https://cdn.mycart.pk/media/catalog/product/cache/1/small_image/200x/17f82f742ffe127f42dca9de82fb58b1/_/1/_10746.jpg,,,754
1476,Cadbury Chocolate Drinking Powder Original - 250gm,,1400,,Fresh & Dairy,https://cdn.mycart.pk/media/catalog/product/cache/1/small_image/200x/17f82f742ffe127f42dca9de82fb58b1/_/1/_10554.jpg,,,757
1477,Blue Band Margarine - 475gm,,1070,,Fresh & Dairy,https://cdn.mycart.pk/media/catalog/product/cache/1/small_image/200x/17f82f742ffe127f42dca9de82fb58b1/b/l/blue-band-margarine-spread-500.jpg,,,760
1478,Blue Band Margarine - 235gm,,570,,Fresh & Dairy,https://cdn.mycart.pk/media/catalog/product/cache/1/small_image/200x/17f82f742ffe127f42dca9de82fb58b1/i/u/iubb1014999-1.jpg,,,763
1479,Blue Band Margarine - 200gm,,385,,Fresh & Dairy,https://cdn.mycart.pk/media/catalog/product/cache/1/small_image/200x/17f82f742ffe127f42dca9de82fb58b1/1/2/12620468-0-m_1_.jpg,,,766
1480,Blue Band Margarine - 100gm,,230,,Fresh & Dairy,https://cdn.mycart.pk/media/catalog/product/cache/1/small_image/200x/17f82f742ffe127f42dca9de82fb58b1/b/l/blue-band-margarine-spread-tikki-600x600-1-600x600.jpg,,,769
1481,Blue Band Margarine (Economy Pack) - 700gm,,1320,,Fresh & Dairy,https://cdn.mycart.pk/media/catalog/product/cache/1/small_image/200x/17f82f742ffe127f42dca9de82fb58b1/1/0/1014834-1.jpg,,,772
1482,Blue Band Khaas White Margarine Unsalted - 200gm,,350,,Fresh & Dairy,https://cdn.mycart.pk/media/catalog/product/cache/1/small_image/200x/17f82f742ffe127f42dca9de82fb58b1/2/0/200-gm.jpg,,,775
1483,Blue Band Khaas White Margarine Unsalted - 100gm,,220,,Fresh & Dairy,https://cdn.mycart.pk/media/catalog/product/cache/1/small_image/200x/17f82f742ffe127f42dca9de82fb58b1/1/0/100-gm_logo.jpg,,,778
1484,Bake Parlor Small Milky Bread,,135,,Fresh & Dairy,https://cdn.mycart.pk/media/catalog/product/cache/1/small_image/200x/17f82f742ffe127f42dca9de82fb58b1/_/1/_15630.png,,,781
1485,Bake Parlor Rusk - 240gm,,155,,Fresh & Dairy,https://cdn.mycart.pk/media/catalog/product/cache/1/small_image/200x/17f82f742ffe127f42dca9de82fb58b1/_/1/_15612.png,,,784
1486,Bake Parlor Large Fruit Bun,,60,,Fresh & Dairy,https://cdn.mycart.pk/media/catalog/product/cache/1/small_image/200x/17f82f742ffe127f42dca9de82fb58b1/_/1/_15614.png,,,787
1487,Bake Parlor Cup Cakes 6Pcs,,260,,Fresh & Dairy,https://cdn.mycart.pk/media/catalog/product/cache/1/small_image/200x/17f82f742ffe127f42dca9de82fb58b1/_/1/_15600.png,,,790
1488,Bake Parlor Cake Rusk - 400gm,,510,,Fresh & Dairy,https://cdn.mycart.pk/media/catalog/product/cache/1/small_image/200x/17f82f742ffe127f42dca9de82fb58b1/_/1/_15610.png,,,793
1489,Bake Parlor Cake Rusk - 175gm,,230,,Fresh & Dairy,https://cdn.mycart.pk/media/catalog/product/cache/1/small_image/200x/17f82f742ffe127f42dca9de82fb58b1/_/1/_15598.png,,,796
1490,Bake Parlor Burger Buns (Pack of 4),,120,,Fresh & Dairy,https://cdn.mycart.pk/media/catalog/product/cache/1/small_image/200x/17f82f742ffe127f42dca9de82fb58b1/_/1/_15618.png,,,799
1491,Bake Parlor Bread - Small,,135,,Fresh & Dairy,https://cdn.mycart.pk/media/catalog/product/cache/1/small_image/200x/17f82f742ffe127f42dca9de82fb58b1/1/3/135894634373_1.jpg,,,802
1492,Bake Parlor Bread - Large,,235,,Fresh & Dairy,https://cdn.mycart.pk/media/catalog/product/cache/1/small_image/200x/17f82f742ffe127f42dca9de82fb58b1/1/3/135894634434.jpg,,,805
1493,Asli Doodh - 225ml,,82,,Fresh & Dairy,https://cdn.mycart.pk/media/catalog/product/cache/1/small_image/200x/17f82f742ffe127f42dca9de82fb58b1/a/s/asli_doodh.png,,,808
1494,Asli Doodh - 1ltr,,297,,Fresh & Dairy,https://cdn.mycart.pk/media/catalog/product/cache/1/small_image/200x/17f82f742ffe127f42dca9de82fb58b1/9/2/921473bc-b5d8-4ef5-8650-b522e2260db2_whatsapp-image-2020-09-29-at-12.20.26-pm_grande.jpg,,,811
1495,American Garden U.S. Peanut Butter Chunky - 510gm,,2369,,Fresh & Dairy,https://cdn.mycart.pk/media/catalog/product/cache/1/small_image/200x/17f82f742ffe127f42dca9de82fb58b1/_/1/_14632.png,,,814
1496,Adam's Pizza Cheese - 400gm,,1300,,Fresh & Dairy,https://cdn.mycart.pk/media/catalog/product/cache/1/small_image/200x/17f82f742ffe127f42dca9de82fb58b1/8/9/8964000074107.jpg,,,817
1497,Adam's Mozzarella Cheese - 400gm,,1445,,Fresh & Dairy,https://cdn.mycart.pk/media/catalog/product/cache/1/small_image/200x/17f82f742ffe127f42dca9de82fb58b1/_/0/_05095_1_1.jpg,,,820
1498,Adam's Mozzarella Cheese - 200gm,,690,,Fresh & Dairy,https://cdn.mycart.pk/media/catalog/product/cache/1/small_image/200x/17f82f742ffe127f42dca9de82fb58b1/8/9/8964000074053.jpg,,,823
1499,Adam's Cottage Cheese - 200gm,,545,,Fresh & Dairy,https://cdn.mycart.pk/media/catalog/product/cache/1/small_image/200x/17f82f742ffe127f42dca9de82fb58b1/8/9/8964000074190.jpg,,,826
1500,Adam's Cheddar Cheese - 907gm,,1860,,Fresh & Dairy,https://cdn.mycart.pk/media/catalog/product/cache/1/small_image/200x/17f82f742ffe127f42dca9de82fb58b1/8/9/8964000074022.jpg,,,829
1501,Adam's Cheddar Cheese - 400gm,,1250,,Fresh & Dairy,https://cdn.mycart.pk/media/catalog/product/cache/1/small_image/200x/17f82f742ffe127f42dca9de82fb58b1/8/9/8964000074015.jpg,,,832
1502,Adam's Cheddar Cheese - 200gm,,655,,Fresh & Dairy,https://cdn.mycart.pk/media/catalog/product/cache/1/small_image/200x/17f82f742ffe127f42dca9de82fb58b1/8/9/8964000074008.jpg,,,835
1503,Adam's Butter - 200gm,,610,,Fresh & Dairy,https://cdn.mycart.pk/media/catalog/product/cache/1/small_image/200x/17f82f742ffe127f42dca9de82fb58b1/8/9/8964000074626.jpg,,,838
1504,Adam's Burger Cheese Slices - 200gm,,680,,Fresh & Dairy,https://cdn.mycart.pk/media/catalog/product/cache/1/small_image/200x/17f82f742ffe127f42dca9de82fb58b1/8/9/8964000074169.jpg,,,841
1505,Tapal Danedar - 430gm,,1000,,Beverages,https://cdn.mycart.pk/media/catalog/product/cache/1/small_image/200x/17f82f742ffe127f42dca9de82fb58b1/8/1/815096002278-min.png,,,844
1506,Pura Spring Water - 500ml,,215,,Beverages,https://cdn.mycart.pk/media/catalog/product/cache/1/small_image/200x/17f82f742ffe127f42dca9de82fb58b1/s/p/spring_water.jpg,,,847
1507,Tapal Danedar Tea Bags Institutional Pack (Pack of 600),,3670,,Beverages,https://cdn.mycart.pk/media/catalog/product/cache/1/small_image/200x/17f82f742ffe127f42dca9de82fb58b1/_/1/_15332.png,,,850
1508,Tapal Family Mixture - 85gm,,215,,Beverages,https://cdn.mycart.pk/media/catalog/product/cache/1/small_image/200x/17f82f742ffe127f42dca9de82fb58b1/8/1/815096000670.jpg,,,853
1509,Tapal Family Mixture Tea - 900gm,,1930,,Beverages,https://cdn.mycart.pk/media/catalog/product/cache/1/small_image/200x/17f82f742ffe127f42dca9de82fb58b1/8/1/815096000694-min.png,,,856
1510,Nestle Everyday - 350gm,,810,,Beverages,https://cdn.mycart.pk/media/catalog/product/cache/1/small_image/200x/17f82f742ffe127f42dca9de82fb58b1/a/3/a3ce36e7a12898780c29bcc72f0f4052_1_.png,,,859
1511,Vital Tea Trukish Tin Pack,,680,,Beverages,https://cdn.mycart.pk/media/catalog/product/cache/1/small_image/200x/17f82f742ffe127f42dca9de82fb58b1/8/9/8964001400189_3_1.jpg,,,862
1512,Vital Tea Jar - 425gm,,1140,,Beverages,https://cdn.mycart.pk/media/catalog/product/cache/1/small_image/200x/17f82f742ffe127f42dca9de82fb58b1/_/8/_8964000008034.png,,,865
1513,Vital tea English Breakfast Tin Pack,,700,,Beverages,https://cdn.mycart.pk/media/catalog/product/cache/1/small_image/200x/17f82f742ffe127f42dca9de82fb58b1/8/9/8964001400165_3_1.jpg,,,868
1514,Vital Tea Economy Zipper Pack - 900gm,,1830,,Beverages,https://cdn.mycart.pk/media/catalog/product/cache/1/small_image/200x/17f82f742ffe127f42dca9de82fb58b1/8/9/8964000008003.png,,,871
1515,Vital Tea Economy Zipper Pack - 430gm,,900,,Beverages,https://cdn.mycart.pk/media/catalog/product/cache/1/small_image/200x/17f82f742ffe127f42dca9de82fb58b1/8/9/8964000008027.png,,,874
1516,Vital Tea Earl Gray Tin Pack,,680,,Beverages,https://cdn.mycart.pk/media/catalog/product/cache/1/small_image/200x/17f82f742ffe127f42dca9de82fb58b1/8/9/8964001400158_3_1.jpg,,,877
1517,Vital Tea Box - 190gm,,395,,Beverages,https://cdn.mycart.pk/media/catalog/product/cache/1/small_image/200x/17f82f742ffe127f42dca9de82fb58b1/8/9/8964000008102.png,,,880
1518,Vital Tea - 95gm,,200,,Beverages,https://cdn.mycart.pk/media/catalog/product/cache/1/small_image/200x/17f82f742ffe127f42dca9de82fb58b1/8/9/8964000008119.png,,,883
1519,Vital Premium Black Tea Tin Pack - 375gm,,640,,Beverages,https://cdn.mycart.pk/media/catalog/product/cache/1/small_image/200x/17f82f742ffe127f42dca9de82fb58b1/8/9/8964001400202_3_1.jpg,,,886
1520,Vital Premium Black Tea Bags (Pack of 50) - 100gm,,650,,Beverages,https://cdn.mycart.pk/media/catalog/product/cache/1/small_image/200x/17f82f742ffe127f42dca9de82fb58b1/8/9/8964000008218.png,,,889
1521,Vital Natural Green Tea Bags - (Pack of 30),,268,,Beverages,https://cdn.mycart.pk/media/catalog/product/cache/1/small_image/200x/17f82f742ffe127f42dca9de82fb58b1/_/8/_8964000008805_1.jpg,,,892
1522,Vital Institutional Tea Bags - (Pack of 600),,3500,,Beverages,https://cdn.mycart.pk/media/catalog/product/cache/1/small_image/200x/17f82f742ffe127f42dca9de82fb58b1/8/9/8964000008195.png,,,895
1523,Vital Green Tea Jar - 100gm,,330,,Beverages,https://cdn.mycart.pk/media/catalog/product/cache/1/small_image/200x/17f82f742ffe127f42dca9de82fb58b1/1/_/1_7.png,,,898
1524,Vital Green Tea Bags Natural Lemon (Pack of 30) - 45gm,,268,,Beverages,https://cdn.mycart.pk/media/catalog/product/cache/1/small_image/200x/17f82f742ffe127f42dca9de82fb58b1/8/9/8964000008812_1.jpg,,,901
1525,Vital Green Tea Bags Natural Jasmine (Pack of 30) - 45gm,,268,,Beverages,https://cdn.mycart.pk/media/catalog/product/cache/1/small_image/200x/17f82f742ffe127f42dca9de82fb58b1/8/9/8964000008829_1.jpg,,,904
1526,Vital Ginger Tea With Lemon - (Pack of 10),,450,,Beverages,https://cdn.mycart.pk/media/catalog/product/cache/1/small_image/200x/17f82f742ffe127f42dca9de82fb58b1/8/9/8964001400141.png,,,907
1527,Vital Ginger Tea Bags - (Pack of 25),,199,,Beverages,https://cdn.mycart.pk/media/catalog/product/cache/1/small_image/200x/17f82f742ffe127f42dca9de82fb58b1/8/9/8964000008485.jpg,,,910
1528,Vital English Breakfast Tea Bags - (Pack of 30),,270,,Beverages,https://cdn.mycart.pk/media/catalog/product/cache/1/small_image/200x/17f82f742ffe127f42dca9de82fb58b1/8/9/8964000008508.jpg,,,913
1529,Vital Earl Grey Tea Bags - (Pack of 30),,199,,Beverages,https://cdn.mycart.pk/media/catalog/product/cache/1/small_image/200x/17f82f742ffe127f42dca9de82fb58b1/8/9/8964000008478.jpg,,,916
1530,Vital Chamomile Tea Bags - (Pack of 30),,270,,Beverages,https://cdn.mycart.pk/media/catalog/product/cache/1/small_image/200x/17f82f742ffe127f42dca9de82fb58b1/8/9/8964001400233.jpg,,,919
1531,Vital Cardamom Green Tea Bags - (Pack of 30),,268,,Beverages,https://cdn.mycart.pk/media/catalog/product/cache/1/small_image/200x/17f82f742ffe127f42dca9de82fb58b1/_/8/_8964000008850.jpg,,,922
1532,Tarang Tea Whitener - 225ml,,60,,Beverages,https://cdn.mycart.pk/media/catalog/product/cache/1/small_image/200x/17f82f742ffe127f42dca9de82fb58b1/8/9/8964000146651.jpg,,,925
1533,Tapal Tezdum Tea - 900gm,,1800,,Beverages,https://cdn.mycart.pk/media/catalog/product/cache/1/small_image/200x/17f82f742ffe127f42dca9de82fb58b1/_/0/_08140.jpg,,,928
1534,Tapal Tezdum Tea - 430gm,,900,,Beverages,https://cdn.mycart.pk/media/catalog/product/cache/1/small_image/200x/17f82f742ffe127f42dca9de82fb58b1/_/0/_08141.jpg,,,931
1535,Tapal Tezdum - 170gm,,380,,Beverages,https://cdn.mycart.pk/media/catalog/product/cache/1/small_image/200x/17f82f742ffe127f42dca9de82fb58b1/t/a/tapal_tezdum_190gm.jpg,,,934
1536,Tapal Tea Danedar - 85gm,,210,,Beverages,https://cdn.mycart.pk/media/catalog/product/cache/1/small_image/200x/17f82f742ffe127f42dca9de82fb58b1/_/0/_03238.jpg,,,937
1537,Tapal Jasmine Green Tea Jar - 100gm,,300,,Beverages,https://cdn.mycart.pk/media/catalog/product/cache/1/small_image/200x/17f82f742ffe127f42dca9de82fb58b1/8/1/815096000311-min.png,,,940
1538,Tapal Green Tea Tropical Peach (30 Tea Bags),,250,,Beverages,https://cdn.mycart.pk/media/catalog/product/cache/1/small_image/200x/17f82f742ffe127f42dca9de82fb58b1/8/1/815096002155.png,,,943
1539,Tapal Green Tea Strawberry Bliss Tea Bags - (Pack of 30),,250,,Beverages,https://cdn.mycart.pk/media/catalog/product/cache/1/small_image/200x/17f82f742ffe127f42dca9de82fb58b1/8/1/815096002148-min.png,,,946
1540,Tapal Green Tea Pure Green Tea Bags - (Pack of 30),,250,,Beverages,https://cdn.mycart.pk/media/catalog/product/cache/1/small_image/200x/17f82f742ffe127f42dca9de82fb58b1/8/1/815096002131.png,,,949
1541,Tapal Green Tea Moroccon Mint Tea Bags (Pack Of 30),,250,,Beverages,https://cdn.mycart.pk/media/catalog/product/cache/1/small_image/200x/17f82f742ffe127f42dca9de82fb58b1/8/1/815096000595-min.png,,,952
1542,Tapal Green Tea Lemon Tea Bags (Pack Of 30),,268,,Beverages,https://cdn.mycart.pk/media/catalog/product/cache/1/small_image/200x/17f82f742ffe127f42dca9de82fb58b1/8/1/815096000373-min.png,,,955
1543,Tapal Green Tea Lemon Grass Jar - 100gm,,300,,Beverages,https://cdn.mycart.pk/media/catalog/product/cache/1/small_image/200x/17f82f742ffe127f42dca9de82fb58b1/8/1/815096001981-min.png,,,958
1544,Tapal Green Tea Lemon (Pack Of 90),,720,,Beverages,https://cdn.mycart.pk/media/catalog/product/cache/1/small_image/200x/17f82f742ffe127f42dca9de82fb58b1/t/a/tapal_green_tea_lemon_pack_of_90_.jpg,,,961
1545,Tapal Green Tea Jasmine Tea Bags (Pack Of 30),,250,,Beverages,https://cdn.mycart.pk/media/catalog/product/cache/1/small_image/200x/17f82f742ffe127f42dca9de82fb58b1/8/1/815096000342-min.png,,,964
1546,Tapal Green Tea Bags Elaichi Tea Bags (Pack Of 30),,250,,Beverages,https://cdn.mycart.pk/media/catalog/product/cache/1/small_image/200x/17f82f742ffe127f42dca9de82fb58b1/8/1/815096000397-min.png,,,967
1547,Tapal Green Tea Bag's Ginger And Honey - (Pack Of 30),,250,,Beverages,https://cdn.mycart.pk/media/catalog/product/cache/1/small_image/200x/17f82f742ffe127f42dca9de82fb58b1/t/a/tapal_green_tea_ginger_and_honey.jpg,,,970
1548,Tapal Green Tea Apple Cinnamon Tea Bags (Pack Of 30),,250,,Beverages,https://cdn.mycart.pk/media/catalog/product/cache/1/small_image/200x/17f82f742ffe127f42dca9de82fb58b1/8/1/815096002124-min.png,,,973
1549,Tapal Family Mixture Tea - 430gm,,1000,,Beverages,https://cdn.mycart.pk/media/catalog/product/cache/1/small_image/200x/17f82f742ffe127f42dca9de82fb58b1/8/1/815096000632-min.png,,,976
1550,Tapal Family Mixture Tea - 170gm,,400,,Beverages,https://cdn.mycart.pk/media/catalog/product/cache/1/small_image/200x/17f82f742ffe127f42dca9de82fb58b1/_/0/_03241.jpg,,,979
1551,Tapal Danedar Tea Bags (Pack of 100),,1000,,Beverages,https://cdn.mycart.pk/media/catalog/product/cache/1/small_image/200x/17f82f742ffe127f42dca9de82fb58b1/8/1/815096000915-min.png,,,982
1552,Tapal Danedar Tea - 900gm,,1800,,Beverages,https://cdn.mycart.pk/media/catalog/product/cache/1/small_image/200x/17f82f742ffe127f42dca9de82fb58b1/8/1/815096000274-min.png,,,985
1553,Tapal Danedar Tea - 170gm,,400,,Beverages,https://cdn.mycart.pk/media/catalog/product/cache/1/small_image/200x/17f82f742ffe127f42dca9de82fb58b1/_/1/_15311.png,,,988
1554,Tapal Danedar Round Tea Bags (Pack of 80),,1100,,Beverages,https://cdn.mycart.pk/media/catalog/product/cache/1/small_image/200x/17f82f742ffe127f42dca9de82fb58b1/8/1/815096000069-min.png,,,991
1555,Tapal Danedar Promo Pack - 190gm,,830,,Beverages,https://cdn.mycart.pk/media/catalog/product/cache/1/small_image/200x/17f82f742ffe127f42dca9de82fb58b1/_/0/_01345.jpg,,,994
1556,Tapal Danedar Jar Pack - 440gm,,1100,,Beverages,https://cdn.mycart.pk/media/catalog/product/cache/1/small_image/200x/17f82f742ffe127f42dca9de82fb58b1/8/1/815096002988.jpg,,,997
1557,Tapal Danedar Enveloped Teabags (Pack of 50),,600,,Beverages,https://cdn.mycart.pk/media/catalog/product/cache/1/small_image/200x/17f82f742ffe127f42dca9de82fb58b1/8/1/815096001691-min.png,,,1000
1558,Tapal Danedar Enveloped Tea Bags (Pack of 100),,1000,,Beverages,https://cdn.mycart.pk/media/catalog/product/cache/1/small_image/200x/17f82f742ffe127f42dca9de82fb58b1/8/1/815096001707-min.png,,,1003
1559,Tang Pineapple Drinking Powder Pouch - 375gm,,350,,Beverages,https://cdn.mycart.pk/media/catalog/product/cache/1/small_image/200x/17f82f742ffe127f42dca9de82fb58b1/t/a/tang_drinking_powder_pineapple_pouch_340g_1.jpg,,,1006
1560,Tang Orange Drinking Powder Tub - 750gm,,780,,Beverages,https://cdn.mycart.pk/media/catalog/product/cache/1/small_image/200x/17f82f742ffe127f42dca9de82fb58b1/t/a/tang_drinking_powder_orange_tub_720g_1.jpg,,,1009
1561,Tang Orange Drinking Powder Tub - 2.5kg,,2399,,Beverages,https://cdn.mycart.pk/media/catalog/product/cache/1/small_image/200x/17f82f742ffe127f42dca9de82fb58b1/7/6/7622210993199_1.jpg,,,1012
1562,Tang Orange Drinking Powder Pouch - 375gm,,350,,Beverages,https://cdn.mycart.pk/media/catalog/product/cache/1/small_image/200x/17f82f742ffe127f42dca9de82fb58b1/t/a/tang_drinking_powder_orange_pouch_340g_1.jpg,,,1015
1563,Tang Mango Instant Flavoured Drink - 2210gm,,2200,,Beverages,https://cdn.mycart.pk/media/catalog/product/cache/1/small_image/200x/17f82f742ffe127f42dca9de82fb58b1/7/6/7622210725936.jpg,,,1018
1564,Tang Mango Drinking Powder Tub - 750gm,,780,,Beverages,https://cdn.mycart.pk/media/catalog/product/cache/1/small_image/200x/17f82f742ffe127f42dca9de82fb58b1/t/a/tang_drinking_powder_mango_tub_720g_2.jpg,,,1021
1565,Tang Drinking Powder Pineapple Sachet - 125gm,,100,,Beverages,https://cdn.mycart.pk/media/catalog/product/cache/1/small_image/200x/17f82f742ffe127f42dca9de82fb58b1/7/6/7622210591555.jpg,,,1024
1566,Tang Drinking Powder Pineapple Pouch - 375gm,,350,,Beverages,https://cdn.mycart.pk/media/catalog/product/cache/1/small_image/200x/17f82f742ffe127f42dca9de82fb58b1/2/0/20190507_113837.jpg,,,1027
1567,Tang Drinking Powder Orange Sachet - 125gm,,100,,Beverages,https://cdn.mycart.pk/media/catalog/product/cache/1/small_image/200x/17f82f742ffe127f42dca9de82fb58b1/7/6/7622210591647.jpg,,,1030
1568,Tang Drinking Powder Lemon & Pepper Pouch - 375gm,,350,,Beverages,https://cdn.mycart.pk/media/catalog/product/cache/1/small_image/200x/17f82f742ffe127f42dca9de82fb58b1/t/a/tang_lemon_and_pepper_375gm_1_.jpg,,,1033
1569,Tang Drinking Powder Lemon & Pepper Sachet - 125gm,,100,,Beverages,https://cdn.mycart.pk/media/catalog/product/cache/1/small_image/200x/17f82f742ffe127f42dca9de82fb58b1/7/6/7622210591517.jpg,,,1036
1570,Sun Sip Limopani Instant Drink Tub - 750gm,,765,,Beverages,https://cdn.mycart.pk/media/catalog/product/cache/1/small_image/200x/17f82f742ffe127f42dca9de82fb58b1/s/u/sunsip.jpg,,,1039
1571,Sun Sip Limopani Instant Drink Pouch - 375gm,,330,,Beverages,https://cdn.mycart.pk/media/catalog/product/cache/1/small_image/200x/17f82f742ffe127f42dca9de82fb58b1/1/0/1029071-1_1.jpg,,,1042
1572,Sting Berry Blast Energy Drink Bottle - 500ml,,120,,Beverages,https://cdn.mycart.pk/media/catalog/product/cache/1/small_image/200x/17f82f742ffe127f42dca9de82fb58b1/s/t/sting_berry_blast_energy_drink_-_500ml.jpg,,,1045
1573,Sprite Zero Can - 250ml,,100,,Beverages,https://cdn.mycart.pk/media/catalog/product/cache/1/small_image/200x/17f82f742ffe127f42dca9de82fb58b1/s/p/sprite_zero_250ml.jpg,,,1048
1574,Sprite Zero Bottle - 500ml,,100,,Beverages,https://cdn.mycart.pk/media/catalog/product/cache/1/small_image/200x/17f82f742ffe127f42dca9de82fb58b1/5/4/5449000109613.jpg,,,1051
1575,Sprite Zero Bottle - 1.5Ltr,,180,,Beverages,https://cdn.mycart.pk/media/catalog/product/cache/1/small_image/200x/17f82f742ffe127f42dca9de82fb58b1/5/4/5449000110039.jpg,,,1054
1576,Sprite Jumbo Bottle - 2.25Ltr,,260,,Beverages,https://cdn.mycart.pk/media/catalog/product/cache/1/small_image/200x/17f82f742ffe127f42dca9de82fb58b1/s/p/sprite_drink_2.25ltr.jpg,,,1057
1577,Sprite Can - 330ml,,120,,Beverages,https://cdn.mycart.pk/media/catalog/product/cache/1/small_image/200x/17f82f742ffe127f42dca9de82fb58b1/s/p/sprite_drink_can_330ml.jpg,,,1060
1578,Sprite Can - 250ml,,120,,Beverages,https://cdn.mycart.pk/media/catalog/product/cache/1/small_image/200x/17f82f742ffe127f42dca9de82fb58b1/s/p/sprite_drink_can_250ml.jpg,,,1063
1579,Sprite Bottle - 500ml,,100,,Beverages,https://cdn.mycart.pk/media/catalog/product/cache/1/small_image/200x/17f82f742ffe127f42dca9de82fb58b1/s/p/sprite_500ml_1.jpg,,,1066
1580,Sprite Bottle - 1Ltr,,160,,Beverages,https://cdn.mycart.pk/media/catalog/product/cache/1/small_image/200x/17f82f742ffe127f42dca9de82fb58b1/s/p/sprite_1l_1.jpg,,,1069
1581,Sprite Bottle - 1.5Ltr,,180,,Beverages,https://cdn.mycart.pk/media/catalog/product/cache/1/small_image/200x/17f82f742ffe127f42dca9de82fb58b1/s/p/sprite_drink_1.5ltr.jpg,,,1072
1582,Slice Mango Fruit Juice - 355ml,,70,,Beverages,https://cdn.mycart.pk/media/catalog/product/cache/1/small_image/200x/17f82f742ffe127f42dca9de82fb58b1/s/l/slice_mango_fruit_drink_-_355ml_2.jpg,,,1075
1583,Slice Mango Fruit Drink - 200ml,,50,,Beverages,https://cdn.mycart.pk/media/catalog/product/cache/1/small_image/200x/17f82f742ffe127f42dca9de82fb58b1/s/l/slice_-_slice_mango_fruit_drink_-_200ml_1.jpg,,,1078
1584,Slice Mango Fruit Drink - 1Ltr,,210,,Beverages,https://cdn.mycart.pk/media/catalog/product/cache/1/small_image/200x/17f82f742ffe127f42dca9de82fb58b1/s/l/slice_-_slice_mango_fruit_drink_-_1l_1.jpg,,,1081
1585,Rooh Afza Sharbat - 800ml,,490,,Beverages,https://cdn.mycart.pk/media/catalog/product/cache/1/small_image/200x/17f82f742ffe127f42dca9de82fb58b1/r/o/rooh_afza_sharbat_-_800ml_1.jpg,,,1084
1586,Rooh Afza Sharbat - 425ml,,265,,Beverages,https://cdn.mycart.pk/media/catalog/product/cache/1/small_image/200x/17f82f742ffe127f42dca9de82fb58b1/r/o/rooh_afza.jpg,,,1087
1587,Rooh Afza Sharbat - 3Ltr,,1530,,Beverages,https://cdn.mycart.pk/media/catalog/product/cache/1/small_image/200x/17f82f742ffe127f42dca9de82fb58b1/1/0/1029543-1_1.jpg,,,1090
1588,Rooh Afza Sharbat - 1.5ltr,,825,,Beverages,https://cdn.mycart.pk/media/catalog/product/cache/1/small_image/200x/17f82f742ffe127f42dca9de82fb58b1/r/o/rooh_afza_sharbat_-_1.5l_1.jpg,,,1093
1589,Red Bull Drink Sugar Free Can - 250ml,,550,,Beverages,https://cdn.mycart.pk/media/catalog/product/cache/1/small_image/200x/17f82f742ffe127f42dca9de82fb58b1/r/e/red_bull_drink_can_sugar_free_250ml.jpg,,,1096
1590,Red Bull Drink Can - 250ml,,550,,Beverages,https://cdn.mycart.pk/media/catalog/product/cache/1/small_image/200x/17f82f742ffe127f42dca9de82fb58b1/r/e/red_bull_drink_can_250ml.jpg,,,1099
1591,Red Bull Drink Can (Pack of 4) - 250ml,,2100,,Beverages,https://cdn.mycart.pk/media/catalog/product/cache/1/small_image/200x/17f82f742ffe127f42dca9de82fb58b1/u/n/untitled-1_1.jpg,,,1102
1592,Quice Sharbat Roh-e-Shireen - 800ml,,470,,Beverages,https://cdn.mycart.pk/media/catalog/product/cache/1/small_image/200x/17f82f742ffe127f42dca9de82fb58b1/q/u/quice_sharbat_roh_e_shireen_800ml_1.jpg,,,1105
1593,Quice Sharbat Roh-e-Shireen - 1500ml,,810,,Beverages,https://cdn.mycart.pk/media/catalog/product/cache/1/small_image/200x/17f82f742ffe127f42dca9de82fb58b1/q/u/quice_sharbat_roh_e_shireen_1500ml_1.jpg,,,1108
1594,Quice Orange Mango Mix Juice - 250ml,,57,,Beverages,https://cdn.mycart.pk/media/catalog/product/cache/1/small_image/200x/17f82f742ffe127f42dca9de82fb58b1/q/u/quice_-_quice_orange_mango_mix_-_250ml.jpg,,,1111
1595,Quice Mango Juice - 250ml,,57,,Beverages,https://cdn.mycart.pk/media/catalog/product/cache/1/small_image/200x/17f82f742ffe127f42dca9de82fb58b1/q/u/quice_-_quice_mango_-_250ml.jpg,,,1114
1596,Quice Ice Cream Syrup - 800ml,,470,,Beverages,https://cdn.mycart.pk/media/catalog/product/cache/1/small_image/200x/17f82f742ffe127f42dca9de82fb58b1/q/u/quice_ice_cream_syrup_800ml_2.jpg,,,1117
1597,Quice Ice Cream Syrup - 1500ml,,810,,Beverages,https://cdn.mycart.pk/media/catalog/product/cache/1/small_image/200x/17f82f742ffe127f42dca9de82fb58b1/q/u/quice_ice_cream_syrup_1500ml_1.jpg,,,1120
1598,Quice Fruit Punch Juice - 250ml,,57,,Beverages,https://cdn.mycart.pk/media/catalog/product/cache/1/small_image/200x/17f82f742ffe127f42dca9de82fb58b1/q/u/quice_-_punch_-_250ml.jpg,,,1123
1599,Quice Apple Juice - 250ml,,57,,Beverages,https://cdn.mycart.pk/media/catalog/product/cache/1/small_image/200x/17f82f742ffe127f42dca9de82fb58b1/q/u/quice_-_apple_-_250ml.jpg,,,1126
1600,Pepsi Jumbo Drink - 2.25Ltr,,275,,Beverages,https://cdn.mycart.pk/media/catalog/product/cache/1/small_image/200x/17f82f742ffe127f42dca9de82fb58b1/2/0/20190611_111758_1.jpg,,,1129
1601,Pepsi Drink - 500ml,,100,,Beverages,https://cdn.mycart.pk/media/catalog/product/cache/1/small_image/200x/17f82f742ffe127f42dca9de82fb58b1/p/e/pepsi_drink_500ml_1.jpg,,,1132
1602,Pepsi Drink - 1Ltr,,150,,Beverages,https://cdn.mycart.pk/media/catalog/product/cache/1/small_image/200x/17f82f742ffe127f42dca9de82fb58b1/p/e/pepsi_drink_1l_1.jpg,,,1135
1603,Pepsi Diet Drink - 1.5Ltr,,201,,Beverages,https://cdn.mycart.pk/media/catalog/product/cache/1/small_image/200x/17f82f742ffe127f42dca9de82fb58b1/p/e/pepsi_diet_drink_1.5l_1.jpg,,,1138
1604,Pepsi Diet Can - 300ml,,117,,Beverages,https://cdn.mycart.pk/media/catalog/product/cache/1/small_image/200x/17f82f742ffe127f42dca9de82fb58b1/p/e/pepsi_diet_can_300_ml_1.jpg,,,1141
1605,Pepsi Can - 300ml,,117,,Beverages,https://cdn.mycart.pk/media/catalog/product/cache/1/small_image/200x/17f82f742ffe127f42dca9de82fb58b1/p/e/pepsi_300ml_can.jpg,,,1144
1606,Pepsi Can - 250ml,,92,,Beverages,https://cdn.mycart.pk/media/catalog/product/cache/1/small_image/200x/17f82f742ffe127f42dca9de82fb58b1/p/e/pepsi_drink_can_local_250ml.jpg,,,1147
1607,Pepsi Bottle - 345ml,,70,,Beverages,https://cdn.mycart.pk/media/catalog/product/cache/1/small_image/200x/17f82f742ffe127f42dca9de82fb58b1/p/e/pepsi_345ml_bottle_1.jpg,,,1150
1608,Pepsi Bottle - 1.5Ltr,,201,,Beverages,https://cdn.mycart.pk/media/catalog/product/cache/1/small_image/200x/17f82f742ffe127f42dca9de82fb58b1/0/1/012000800085-_02.jpg,,,1153
1609,Pakola Lychee Can - 250ml,,105,,Beverages,https://cdn.mycart.pk/media/catalog/product/cache/1/small_image/200x/17f82f742ffe127f42dca9de82fb58b1/_/0/_02053_1.jpg,,,1156
1610,Pakola Lychee - 1.5Ltr,,180,,Beverages,https://cdn.mycart.pk/media/catalog/product/cache/1/small_image/200x/17f82f742ffe127f42dca9de82fb58b1/p/a/pakola_lychee_1.5l_soft_drink.jpg,,,1159
1611,Pakola Lemon and Lime Can - 250ml,,105,,Beverages,https://cdn.mycart.pk/media/catalog/product/cache/1/small_image/200x/17f82f742ffe127f42dca9de82fb58b1/_/0/_02059.jpg,,,1162
1612,Pakola Ice Cream Soda Can - 250ml,,105,,Beverages,https://cdn.mycart.pk/media/catalog/product/cache/1/small_image/200x/17f82f742ffe127f42dca9de82fb58b1/p/a/pakola_ice_cream_soda_250ml_can.jpg,,,1165
1613,Pakola Ice Cream Soda - 1ltr,,145,,Beverages,https://cdn.mycart.pk/media/catalog/product/cache/1/small_image/200x/17f82f742ffe127f42dca9de82fb58b1/p/a/pakola_ice_cream_soda_1000ml.jpg,,,1168
1614,Pakola Ice Cream Soda - 1.5Ltr,,196,,Beverages,https://cdn.mycart.pk/media/catalog/product/cache/1/small_image/200x/17f82f742ffe127f42dca9de82fb58b1/p/a/pakola_ice_cream_soda_1.5ltr.jpg,,,1171
1615,Pakola Drink Lychee - 500ml,,95,,Beverages,https://cdn.mycart.pk/media/catalog/product/cache/1/small_image/200x/17f82f742ffe127f42dca9de82fb58b1/p/a/pakola_drink_lychee_500ml.jpg,,,1174
1616,Pakola Drink Lime Fresh - 500ml,,95,,Beverages,https://cdn.mycart.pk/media/catalog/product/cache/1/small_image/200x/17f82f742ffe127f42dca9de82fb58b1/p/a/pakola_drink_lime_fresh_500ml.jpg,,,1177
1617,Pakola Drink Lime Fresh - 1.5Ltr,,180,,Beverages,https://cdn.mycart.pk/media/catalog/product/cache/1/small_image/200x/17f82f742ffe127f42dca9de82fb58b1/p/a/pakola_drink_lime_fresh_1.5ltr.jpg,,,1180
1618,Pakola Drink Apple Sidra - 500ml,,95,,Beverages,https://cdn.mycart.pk/media/catalog/product/cache/1/small_image/200x/17f82f742ffe127f42dca9de82fb58b1/p/a/pakola-drink-apple-sidra-500ml.png,,,1183
1619,Pakola Cream Soda - 500ml,,90,,Beverages,https://cdn.mycart.pk/media/catalog/product/cache/1/small_image/200x/17f82f742ffe127f42dca9de82fb58b1/p/a/pakola_cream_soda_500ml.jpg,,,1186
1620,Pakola Cream Cordial - 800ml,,397,,Beverages,https://cdn.mycart.pk/media/catalog/product/cache/1/small_image/200x/17f82f742ffe127f42dca9de82fb58b1/p/a/pakola_cream_cordial_800ml_1.jpg,,,1189
1621,Pakola Apple Sidra Can - 250ml,,105,,Beverages,https://cdn.mycart.pk/media/catalog/product/cache/1/small_image/200x/17f82f742ffe127f42dca9de82fb58b1/p/a/pakola_apple_sidra_250ml_can.jpg,,,1192
1622,Pakola Apple Sidra - 1.5Ltr,,185,,Beverages,https://cdn.mycart.pk/media/catalog/product/cache/1/small_image/200x/17f82f742ffe127f42dca9de82fb58b1/p/a/pakola_apple_sidra_1.5l.jpg,,,1195
1623,Nestle Pure Life - 5Ltr,,280,,Beverages,https://cdn.mycart.pk/media/catalog/product/cache/1/small_image/200x/17f82f742ffe127f42dca9de82fb58b1/8/9/8961008203614.jpg,,,1198
1624,Nestle Pure Life - 500ml,,58,,Beverages,https://cdn.mycart.pk/media/catalog/product/cache/1/small_image/200x/17f82f742ffe127f42dca9de82fb58b1/8/9/8961008205137.jpg,,,1201
1625,Nestle Pure Life - 330ml,,48,,Beverages,https://cdn.mycart.pk/media/catalog/product/cache/1/small_image/200x/17f82f742ffe127f42dca9de82fb58b1/8/9/8961008210766.jpg,,,1204
1626,Nestle Pure Life - 1.5Ltr,,95,,Beverages,https://cdn.mycart.pk/media/catalog/product/cache/1/small_image/200x/17f82f742ffe127f42dca9de82fb58b1/8/9/8961008212289.jpg,,,1207
1627,Nestle Nesfruta Mango - 200ml,,56,,Beverages,https://cdn.mycart.pk/media/catalog/product/cache/1/small_image/200x/17f82f742ffe127f42dca9de82fb58b1/8/9/8961008209852.png,,,1210
1628,Nestle Nesfruta Mango - 1Ltr,,260,,Beverages,https://cdn.mycart.pk/media/catalog/product/cache/1/small_image/200x/17f82f742ffe127f42dca9de82fb58b1/8/9/8961008209845.png,,,1213
1629,Nestle Nesfruta Mango - 1000ml,,240,,Beverages,https://cdn.mycart.pk/media/catalog/product/cache/1/small_image/200x/17f82f742ffe127f42dca9de82fb58b1/2/0/20190820_104532.jpg,,,1216
1630,Nestle Nesfruta Apple - 200ml,,55,,Beverages,https://cdn.mycart.pk/media/catalog/product/cache/1/small_image/200x/17f82f742ffe127f42dca9de82fb58b1/8/9/8961008204055.png,,,1219
1631,Nestle Nesfruta Apple - 1Ltr,,260,,Beverages,https://cdn.mycart.pk/media/catalog/product/cache/1/small_image/200x/17f82f742ffe127f42dca9de82fb58b1/8/9/8961008209869.png,,,1222
1632,Nestle Fruita Vitals Red Grape - 200ml,,75,,Beverages,https://cdn.mycart.pk/media/catalog/product/cache/1/small_image/200x/17f82f742ffe127f42dca9de82fb58b1/8/9/8961008202136.png,,,1225
1633,Nestle Fruita Vitals Red Grape - 1Ltr,,410,,Beverages,https://cdn.mycart.pk/media/catalog/product/cache/1/small_image/200x/17f82f742ffe127f42dca9de82fb58b1/8/9/8961008203744.png,,,1228
1634,Nestle Fruita Vitals Red Anaar Bottle - 230ml,,155,,Beverages,https://cdn.mycart.pk/media/catalog/product/cache/1/small_image/200x/17f82f742ffe127f42dca9de82fb58b1/r/e/red_anaar.jpg,,,1231
1635,Nestle Fruita Vitals Pomegranate - 1Ltr,,406,,Beverages,https://cdn.mycart.pk/media/catalog/product/cache/1/small_image/200x/17f82f742ffe127f42dca9de82fb58b1/8/9/8961008204918.png,,,1234
1636,Nestle Fruita Vitals Pineapple - 200ml,,75,,Beverages,https://cdn.mycart.pk/media/catalog/product/cache/1/small_image/200x/17f82f742ffe127f42dca9de82fb58b1/8/9/8961008202143.png,,,1237
1637,Nestle Fruita Vitals Peach Nectar - 200ml,,75,,Beverages,https://cdn.mycart.pk/media/catalog/product/cache/1/small_image/200x/17f82f742ffe127f42dca9de82fb58b1/8/9/8961008201252.png,,,1240
1638,Nestle Fruita Vitals Peach - 1Ltr,,370,,Beverages,https://cdn.mycart.pk/media/catalog/product/cache/1/small_image/200x/17f82f742ffe127f42dca9de82fb58b1/8/9/8961008203782.png,,,1243
1639,Nestle Fruita Vitals Kinnow - 200ml,,70,,Beverages,https://cdn.mycart.pk/media/catalog/product/cache/1/small_image/200x/17f82f742ffe127f42dca9de82fb58b1/8/9/8961008207520.png,,,1246
1640,Nestle Fruita Vitals Kinnow - 1Ltr,,356,,Beverages,https://cdn.mycart.pk/media/catalog/product/cache/1/small_image/200x/17f82f742ffe127f42dca9de82fb58b1/8/9/8961008207506.png,,,1249
1641,Nestle Fruita Vitals Guava - 200ml,,70,,Beverages,https://cdn.mycart.pk/media/catalog/product/cache/1/small_image/200x/17f82f742ffe127f42dca9de82fb58b1/8/9/8961008202167.png,,,1252
1642,Nestle Fruita Vitals Guava - 1Ltr,,356,,Beverages,https://cdn.mycart.pk/media/catalog/product/cache/1/small_image/200x/17f82f742ffe127f42dca9de82fb58b1/8/9/8961008203775.png,,,1255
1643,Nestle Fruita Vitals Chaunsa - 200ml,,75,,Beverages,https://cdn.mycart.pk/media/catalog/product/cache/1/small_image/200x/17f82f742ffe127f42dca9de82fb58b1/8/9/8961008209890.png,,,1258
1644,Nestle Fruita Vitals Chaunsa - 1Ltr,,370,,Beverages,https://cdn.mycart.pk/media/catalog/product/cache/1/small_image/200x/17f82f742ffe127f42dca9de82fb58b1/8/9/8961008209883.png,,,1261
1645,Nestle Fruita Vitals Apple - 200ml,,75,,Beverages,https://cdn.mycart.pk/media/catalog/product/cache/1/small_image/200x/17f82f742ffe127f42dca9de82fb58b1/8/9/8961008202129.png,,,43
1646,Nestle Fruita Vitals Apple - 1Ltr,,370,,Beverages,https://cdn.mycart.pk/media/catalog/product/cache/1/small_image/200x/17f82f742ffe127f42dca9de82fb58b1/8/9/8961008203720.png,,,46
1647,Nestle Everyday Powder Milk Karak Chai (3in1) Sachet - 20gm,,75,,Beverages,https://cdn.mycart.pk/media/catalog/product/cache/1/small_image/200x/17f82f742ffe127f42dca9de82fb58b1/k/a/karak.png,,,49
1648,Nestle Everyday Powder Milk Cardamom Tea (3in1) Sachet - 20gm,,75,,Beverages,https://cdn.mycart.pk/media/catalog/product/cache/1/small_image/200x/17f82f742ffe127f42dca9de82fb58b1/c/a/cardamom.png,,,52
1649,Nestle Everyday - 850gm,,1835,,Beverages,https://cdn.mycart.pk/media/catalog/product/cache/1/small_image/200x/17f82f742ffe127f42dca9de82fb58b1/a/b/abc1173038-1_1.jpg,,,55
1650,Nestle Everyday - 1.8kg,,3789,,Beverages,https://cdn.mycart.pk/media/catalog/product/cache/1/small_image/200x/17f82f742ffe127f42dca9de82fb58b1/a/b/abc1153992-1.jpg,,,58
1651,Nestle Everyday - 1.2kg,,2610,,Beverages,https://cdn.mycart.pk/media/catalog/product/cache/1/small_image/200x/17f82f742ffe127f42dca9de82fb58b1/a/b/abc1145948-1.jpg,,,61
1652,Nestle Everyday (Institutional Pack) - 2kg,,4255,,Beverages,https://cdn.mycart.pk/media/catalog/product/cache/1/small_image/200x/17f82f742ffe127f42dca9de82fb58b1/m/c/mcp000001201.png,,,64
1653,Nestle Everyday (Institutional Pack) - 1kg,,2200,,Beverages,https://cdn.mycart.pk/media/catalog/product/cache/1/small_image/200x/17f82f742ffe127f42dca9de82fb58b1/8/9/8961008207421.jpg,,,67
1654,Nescafe Gold Coffee - 50gm,,1460,,Beverages,https://cdn.mycart.pk/media/catalog/product/cache/1/small_image/200x/17f82f742ffe127f42dca9de82fb58b1/n/e/nescafe_gold_50.jpeg,,,70
1655,Nescafè Gold - 100gm,,2980,,Beverages,https://cdn.mycart.pk/media/catalog/product/cache/1/small_image/200x/17f82f742ffe127f42dca9de82fb58b1/7/6/7616100145553_1_.png,,,73
1656,Nescafe Classic - 50gm,,1085,,Beverages,https://cdn.mycart.pk/media/catalog/product/cache/1/small_image/200x/17f82f742ffe127f42dca9de82fb58b1/9/5/9556001249128_2_.png,,,76
1657,Nescafe Classic - 475gm,,8260,,Beverages,https://cdn.mycart.pk/media/catalog/product/cache/1/small_image/200x/17f82f742ffe127f42dca9de82fb58b1/_/1/_15432.png,,,79
1658,Nescafe Classic - 200gm,,4045,,Beverages,https://cdn.mycart.pk/media/catalog/product/cache/1/small_image/200x/17f82f742ffe127f42dca9de82fb58b1/9/5/9556001249166.jpg,,,82
1659,Nescafe Classic - 100gm,,2250,,Beverages,https://cdn.mycart.pk/media/catalog/product/cache/1/small_image/200x/17f82f742ffe127f42dca9de82fb58b1/9/5/9556001249142.png,,,85
1660,Nescafe 3in1 Sachet - 20gm,,70,,Beverages,https://cdn.mycart.pk/media/catalog/product/cache/1/small_image/200x/17f82f742ffe127f42dca9de82fb58b1/8/9/8961008210124.jpg,,,88
1661,Naurus Red Syrup - 800ml,,470,,Beverages,https://cdn.mycart.pk/media/catalog/product/cache/1/small_image/200x/17f82f742ffe127f42dca9de82fb58b1/n/a/naurus800ml.jpg,,,91
1662,Mywater Glass Bottle - 750ml,,700,,Beverages,https://cdn.mycart.pk/media/catalog/product/cache/1/small_image/200x/17f82f742ffe127f42dca9de82fb58b1/7/5/750ml_bottle.png,,,94
1663,Mywater Glass Bottle - 500ml,,500,,Beverages,https://cdn.mycart.pk/media/catalog/product/cache/1/small_image/200x/17f82f742ffe127f42dca9de82fb58b1/5/0/500ml-bottles.png,,,97
1664,Murree Strawberry Malt - 250ml,,100,,Beverages,https://cdn.mycart.pk/media/catalog/product/cache/1/small_image/200x/17f82f742ffe127f42dca9de82fb58b1/d/s/dsc_0482_2.png,,,100
1665,Murree Pineapple Malt - 250ml,,100,,Beverages,https://cdn.mycart.pk/media/catalog/product/cache/1/small_image/200x/17f82f742ffe127f42dca9de82fb58b1/m/u/murree_pineapple_malt_250ml.jpg,,,103
1666,Murree Peach Malt - 250ml,,100,,Beverages,https://cdn.mycart.pk/media/catalog/product/cache/1/small_image/200x/17f82f742ffe127f42dca9de82fb58b1/d/s/dsc_0480_2.png,,,106
1667,Murree Malt 79 - 250ml,,100,,Beverages,https://cdn.mycart.pk/media/catalog/product/cache/1/small_image/200x/17f82f742ffe127f42dca9de82fb58b1/d/s/dsc_0484_2.png,,,109
1668,Murree Lychee Malt - 250ml,,100,,Beverages,https://cdn.mycart.pk/media/catalog/product/cache/1/small_image/200x/17f82f742ffe127f42dca9de82fb58b1/m/a/malt-8.png,,,112
1669,Murree Lemon Malt - 250ml,,100,,Beverages,https://cdn.mycart.pk/media/catalog/product/cache/1/small_image/200x/17f82f742ffe127f42dca9de82fb58b1/1/8/1860074061401.jpg,,,115
1670,Murree Lemon Malt - 250ml,,90,,Beverages,https://cdn.mycart.pk/media/catalog/product/cache/1/small_image/200x/17f82f742ffe127f42dca9de82fb58b1/1/8/1860076001030_-_1_1.jpg,,,118
1671,Murree Brewery Peach Malt Can - 250ml,,95,,Beverages,https://cdn.mycart.pk/media/catalog/product/cache/1/small_image/200x/17f82f742ffe127f42dca9de82fb58b1/m/u/murree_brewery_peach_malt_can_330ml.jpg,,,121
1672,Murree Brewery Lemon Malt Can - 250ml,,95,,Beverages,https://cdn.mycart.pk/media/catalog/product/cache/1/small_image/200x/17f82f742ffe127f42dca9de82fb58b1/m/u/murree_brewery_lemon_malt_can_330ml.jpg,,,124
1673,Murree Brewery Cindy Can - 250ml,,95,,Beverages,https://cdn.mycart.pk/media/catalog/product/cache/1/small_image/200x/17f82f742ffe127f42dca9de82fb58b1/m/u/murree_brewery_cindy_can_330ml.jpg,,,127
1674,Murree Brewery Bigg Lychee Can - 250ml,,85,,Beverages,https://cdn.mycart.pk/media/catalog/product/cache/1/small_image/200x/17f82f742ffe127f42dca9de82fb58b1/m/u/murree_brewery_bigg_lychee_can_330ml.jpg,,,130
1675,Murree Brewery Bigg Apple - 500ml,,90,,Beverages,https://cdn.mycart.pk/media/catalog/product/cache/1/small_image/200x/17f82f742ffe127f42dca9de82fb58b1/m/u/murree_brewery_bigg_apple_500ml.jpg,,,133
1676,Murree Brewery Bigg Apple - 1.5Ltr,,195,,Beverages,https://cdn.mycart.pk/media/catalog/product/cache/1/small_image/200x/17f82f742ffe127f42dca9de82fb58b1/m/u/murree_brewery_bigg_apple_1.5ltr.jpg,,,136
1677,Murree Brewery Beer Can Malt 79 - 250ml,,95,,Beverages,https://cdn.mycart.pk/media/catalog/product/cache/1/small_image/200x/17f82f742ffe127f42dca9de82fb58b1/m/u/murree_brewery_beer_can_malt_79_330ml.jpg,,,139
1678,Murree Apple Malt - 250ml,,100,,Beverages,https://cdn.mycart.pk/media/catalog/product/cache/1/small_image/200x/17f82f742ffe127f42dca9de82fb58b1/d/s/dsc_0479_2.png,,,142
1679,Murree Apple Malt - 250ml,,90,,Beverages,https://cdn.mycart.pk/media/catalog/product/cache/1/small_image/200x/17f82f742ffe127f42dca9de82fb58b1/w/_/w_upload_murree_brewey_apple_malt_-_17.04.19__mc___3793__1.jpg,,,145
1680,Mountain Dew Jumbo Bottle - 2.25Ltr,,275,,Beverages,https://cdn.mycart.pk/media/catalog/product/cache/1/small_image/200x/17f82f742ffe127f42dca9de82fb58b1/m/o/mountain_dew_jumbo_drink_2.25l_1.jpg,,,148
1681,Mountain Dew Can - 300ml,,117,,Beverages,https://cdn.mycart.pk/media/catalog/product/cache/1/small_image/200x/17f82f742ffe127f42dca9de82fb58b1/m/o/mountain_dew_300ml_can.jpg,,,151
1682,Mountain Dew Can - 250ml,,92,,Beverages,https://cdn.mycart.pk/media/catalog/product/cache/1/small_image/200x/17f82f742ffe127f42dca9de82fb58b1/m/o/mountain_dew_drink_can_250ml.jpg,,,154
1683,Mountain Dew Bottle - 500ml,,100,,Beverages,https://cdn.mycart.pk/media/catalog/product/cache/1/small_image/200x/17f82f742ffe127f42dca9de82fb58b1/m/o/mountain_dew_drink_500ml_1.jpg,,,157
1684,Mountain Dew Bottle - 345ml,,70,,Beverages,https://cdn.mycart.pk/media/catalog/product/cache/1/small_image/200x/17f82f742ffe127f42dca9de82fb58b1/m/o/mountain_dew_345ml_bottle_1.jpg,,,160
1685,Mountain Dew Bottle - 1Ltr,,150,,Beverages,https://cdn.mycart.pk/media/catalog/product/cache/1/small_image/200x/17f82f742ffe127f42dca9de82fb58b1/m/o/mountain_dew_drink_1l_1.jpg,,,163
1686,Mountain Dew Bottle - 1.5Ltr,,201,,Beverages,https://cdn.mycart.pk/media/catalog/product/cache/1/small_image/200x/17f82f742ffe127f42dca9de82fb58b1/m/o/mountain_dew_drink_1.5l_1.jpg,,,166
1687,Mitchell's Mango Squash - 800ml,,425,,Beverages,https://cdn.mycart.pk/media/catalog/product/cache/1/small_image/200x/17f82f742ffe127f42dca9de82fb58b1/m/i/mitchell_s_squash_mango_800ml_1.jpg,,,169
1688,Mitchell's Lemon Squash - 800ml,,510,,Beverages,https://cdn.mycart.pk/media/catalog/product/cache/1/small_image/200x/17f82f742ffe127f42dca9de82fb58b1/m/i/mitchell_s_squash_lemon_800ml_2.jpg,,,172
1689,Mirinda Jumbo Bottle - 2.25Ltr,,275,,Beverages,https://cdn.mycart.pk/media/catalog/product/cache/1/small_image/200x/17f82f742ffe127f42dca9de82fb58b1/m/i/mirinda_jumbo_drink_2.25l_1.jpg,,,175
1690,Mirinda Can - 300ml,,117,,Beverages,https://cdn.mycart.pk/media/catalog/product/cache/1/small_image/200x/17f82f742ffe127f42dca9de82fb58b1/m/i/mirinda_300ml_can.jpg,,,178
1691,Mirinda Can - 250ml,,92,,Beverages,https://cdn.mycart.pk/media/catalog/product/cache/1/small_image/200x/17f82f742ffe127f42dca9de82fb58b1/m/i/mirinda_drink_can_250ml.jpg,,,181
1692,Mirinda Bottle - 500ml,,100,,Beverages,https://cdn.mycart.pk/media/catalog/product/cache/1/small_image/200x/17f82f742ffe127f42dca9de82fb58b1/m/i/mirinda_drink_500ml_1.jpg,,,184
1693,Mirinda Bottle - 345ml,,70,,Beverages,https://cdn.mycart.pk/media/catalog/product/cache/1/small_image/200x/17f82f742ffe127f42dca9de82fb58b1/m/i/mirinda_345ml_bottle_1.jpg,,,187
1694,Mirinda Bottle - 1Ltr,,150,,Beverages,https://cdn.mycart.pk/media/catalog/product/cache/1/small_image/200x/17f82f742ffe127f42dca9de82fb58b1/m/i/mirinda_drink_1l_1.jpg,,,190
1695,Mirinda Bottle - 1.5Ltr,,180,,Beverages,https://cdn.mycart.pk/media/catalog/product/cache/1/small_image/200x/17f82f742ffe127f42dca9de82fb58b1/0/3/03497.jpg,,,193
1696,Mezan Ultra Rich Tea - 900gm,,1820,,Beverages,https://cdn.mycart.pk/media/catalog/product/cache/1/small_image/200x/17f82f742ffe127f42dca9de82fb58b1/d/s/dsc_0923.png,,,196
1697,Mezan Ultra Rich Tea - 470gm,,935,,Beverages,https://cdn.mycart.pk/media/catalog/product/cache/1/small_image/200x/17f82f742ffe127f42dca9de82fb58b1/m/e/mezan-ultra-rich-tea-475g.png,,,199
1698,Mezan Har Dum Strong Tea - 430gm,,945,,Beverages,https://cdn.mycart.pk/media/catalog/product/cache/1/small_image/200x/17f82f742ffe127f42dca9de82fb58b1/m/e/mezan-har-dum-strong-tea-475g.png,,,202
1699,Masafi Mineral Water - 500ml,,148,,Beverages,https://cdn.mycart.pk/media/catalog/product/cache/1/small_image/200x/17f82f742ffe127f42dca9de82fb58b1/_/1/_15538.png,,,205
1700,Lipton Yellow Label Tea Mega Daane Jar - 475gm,,1460,,Beverages,https://cdn.mycart.pk/media/catalog/product/cache/1/small_image/200x/17f82f742ffe127f42dca9de82fb58b1/j/a/jar_copy.jpg,,,208
1701,Lipton Yellow Label Tea Bags Institutional Pack (Pack of 500),,3775,,Beverages,https://cdn.mycart.pk/media/catalog/product/cache/1/small_image/200x/17f82f742ffe127f42dca9de82fb58b1/l/i/lipton_600_s.jpg,,,211
1702,Lipton Yellow Label Tea Bags - (Pack of 25),,275,,Beverages,https://cdn.mycart.pk/media/catalog/product/cache/1/small_image/200x/17f82f742ffe127f42dca9de82fb58b1/2/5/25_tb_copy.jpg,,,214
1703,Lipton Yellow Label Tea Bags (Pack of 100) - 200gm,,1220,,Beverages,https://cdn.mycart.pk/media/catalog/product/cache/1/small_image/200x/17f82f742ffe127f42dca9de82fb58b1/8/9/8961014106183.png,,,217
1704,Lipton Yellow Label Tea - 90gm,,240,,Beverages,https://cdn.mycart.pk/media/catalog/product/cache/1/small_image/200x/17f82f742ffe127f42dca9de82fb58b1/8/9/8961014106220.png,,,220
1705,Lipton Yellow Label Tea - 900gm,,2100,,Beverages,https://cdn.mycart.pk/media/catalog/product/cache/1/small_image/200x/17f82f742ffe127f42dca9de82fb58b1/8/9/8961014106176.png,,,223
1706,Lipton Yellow Label Tea - 430gm,,1200,,Beverages,https://cdn.mycart.pk/media/catalog/product/cache/1/small_image/200x/17f82f742ffe127f42dca9de82fb58b1/8/9/8961014106251.png,,,226
1707,Lipton Yellow Label Tea - 170gm,,395,,Beverages,https://cdn.mycart.pk/media/catalog/product/cache/1/small_image/200x/17f82f742ffe127f42dca9de82fb58b1/l/y/lyl-_nvi_-380gm.png,,,229
1708,Lipton Yellow Label Tea - (Pack of 50),,595,,Beverages,https://cdn.mycart.pk/media/catalog/product/cache/1/small_image/200x/17f82f742ffe127f42dca9de82fb58b1/8/9/8961014106282.jpg,,,232
1709,Lipton Pure and Light Green Tea Bags - (Pack of 25),,270,,Beverages,https://cdn.mycart.pk/media/catalog/product/cache/1/small_image/200x/17f82f742ffe127f42dca9de82fb58b1/8/9/8961014012811.jpg,,,235
1710,Lipton Jasmine Green Tea Bags (Pack of 25),,268,,Beverages,https://cdn.mycart.pk/media/catalog/product/cache/1/small_image/200x/17f82f742ffe127f42dca9de82fb58b1/2/0/20190213_112620.jpg,,,238
1711,Lipton Green Tea Zesty Lemon & Honey (Pack of 10),,105,,Beverages,https://cdn.mycart.pk/media/catalog/product/cache/1/small_image/200x/17f82f742ffe127f42dca9de82fb58b1/l/i/lipton_1.jpg,,,241
1712,Lipton Green Tea Bags Lemon (Pack of 25),,290,,Beverages,https://cdn.mycart.pk/media/catalog/product/cache/1/small_image/200x/17f82f742ffe127f42dca9de82fb58b1/l/i/lipton-lemon_1.png,,,244
1713,Jam-e-Shirin Sugar Free - 800ml,,480,,Beverages,https://cdn.mycart.pk/media/catalog/product/cache/1/small_image/200x/17f82f742ffe127f42dca9de82fb58b1/8/5/855434000962.jpg,,,247
1714,Jam-e-Shirin Sharbat - 800ml,,490,,Beverages,https://cdn.mycart.pk/media/catalog/product/cache/1/small_image/200x/17f82f742ffe127f42dca9de82fb58b1/q/a/qarshi_jam-e-shirin_sharbat_-_800ml_1.jpg,,,250
1715,Jam-e-Shirin Sharbat - 3Ltr,,1450,,Beverages,https://cdn.mycart.pk/media/catalog/product/cache/1/small_image/200x/17f82f742ffe127f42dca9de82fb58b1/1/0/1028318-2.jpg,,,253
1716,Jam-e-Shirin Sharbat - 1.5Ltr,,845,,Beverages,https://cdn.mycart.pk/media/catalog/product/cache/1/small_image/200x/17f82f742ffe127f42dca9de82fb58b1/q/a/qarshi_jam-e-shirin_sharbat_-_1.5l_1.jpg,,,256
1717,Glaxose-D Powder - 400gm,,310,,Beverages,https://cdn.mycart.pk/media/catalog/product/cache/1/small_image/200x/17f82f742ffe127f42dca9de82fb58b1/g/d/gd-100g_1.png,,,259
1718,Glaxose-D Instant Drink Powder - 100gm,,95,,Beverages,https://cdn.mycart.pk/media/catalog/product/cache/1/small_image/200x/17f82f742ffe127f42dca9de82fb58b1/g/l/glaxose-d_instant_drink_100g_powder_1.jpg,,,262
1719,Fruiti-O Pomegranate Juice - 1Ltr,,380,,Beverages,https://cdn.mycart.pk/media/catalog/product/cache/1/small_image/200x/17f82f742ffe127f42dca9de82fb58b1/f/r/fruiti-o_-_fruiti-o_pomegranate_1ltr.jpg,,,265
1720,Fruiti-O Peach Juice - 1Ltr,,340,,Beverages,https://cdn.mycart.pk/media/catalog/product/cache/1/small_image/200x/17f82f742ffe127f42dca9de82fb58b1/f/r/fruiti-o_-_fruiti-o_peach_juice_1_ltr.jpg,,,268
1721,Fruiti-O Orange and Mango Juice - 1Ltr,,340,,Beverages,https://cdn.mycart.pk/media/catalog/product/cache/1/small_image/200x/17f82f742ffe127f42dca9de82fb58b1/f/r/fruiti-o_-_fruiti-o_orange_mango_juice_1_ltr.jpg,,,271
1722,Fruiti-O Mango Juice - 1Ltr,,340,,Beverages,https://cdn.mycart.pk/media/catalog/product/cache/1/small_image/200x/17f82f742ffe127f42dca9de82fb58b1/f/r/fruiti-o_-_fruiti-o_mango_juice_1_ltr.jpg,,,274
1723,Fruiti-O Apple Juice - 1Ltr,,340,,Beverages,https://cdn.mycart.pk/media/catalog/product/cache/1/small_image/200x/17f82f742ffe127f42dca9de82fb58b1/8/9/8964000022900.jpg,,,277
1724,Fanta Orange Jumbo Bottle - 2.25Ltr,,260,,Beverages,https://cdn.mycart.pk/media/catalog/product/cache/1/small_image/200x/17f82f742ffe127f42dca9de82fb58b1/f/a/fanta_orange_2.25l.jpg,,,280
1725,Fanta Orange Bottle - 500ml,,100,,Beverages,https://cdn.mycart.pk/media/catalog/product/cache/1/small_image/200x/17f82f742ffe127f42dca9de82fb58b1/f/a/fanta_orange_500ml_2.jpg,,,283
1726,Fanta Orange Bottle - 1Ltr,,160,,Beverages,https://cdn.mycart.pk/media/catalog/product/cache/1/small_image/200x/17f82f742ffe127f42dca9de82fb58b1/f/a/fanta_orange_1l_1.jpg,,,286
1727,Fanta Orange Bottle - 1.5Ltr,,180,,Beverages,https://cdn.mycart.pk/media/catalog/product/cache/1/small_image/200x/17f82f742ffe127f42dca9de82fb58b1/f/a/fanta_orange_1.5l.jpg,,,289
1728,Fanta Can - 330ml,,120,,Beverages,https://cdn.mycart.pk/media/catalog/product/cache/1/small_image/200x/17f82f742ffe127f42dca9de82fb58b1/f/a/fanta_drink_can_330ml.jpg,,,292
1729,Fanta Can - 250ml,,100,,Beverages,https://cdn.mycart.pk/media/catalog/product/cache/1/small_image/200x/17f82f742ffe127f42dca9de82fb58b1/f/a/fanta_drink_can_250ml.jpg,,,295
1730,Energile Instant Drink Powder - 400gm,,320,,Beverages,https://cdn.mycart.pk/media/catalog/product/cache/1/small_image/200x/17f82f742ffe127f42dca9de82fb58b1/e/n/energile-400g-_2015_.jpg,,,298
1731,Energile Instant Drink Powder - 100gm,,95,,Beverages,https://cdn.mycart.pk/media/catalog/product/cache/1/small_image/200x/17f82f742ffe127f42dca9de82fb58b1/e/n/energile-instant-glucose-energy.jpg,,,301
1732,Davidoff Rich Aroma Coffee - 100gm,,2700,,Beverages,https://cdn.mycart.pk/media/catalog/product/cache/1/small_image/200x/17f82f742ffe127f42dca9de82fb58b1/_/0/_019514_1.jpg,,,304
1733,Davidoff Fine Aroma Coffee - 100gm,,2700,,Beverages,https://cdn.mycart.pk/media/catalog/product/cache/1/small_image/200x/17f82f742ffe127f42dca9de82fb58b1/_/0/_019518.jpg,,,307
1734,Dairy Omung Milk - 225ml,,75,,Beverages,https://cdn.mycart.pk/media/catalog/product/cache/1/small_image/200x/17f82f742ffe127f42dca9de82fb58b1/8/9/8964000346846_1.jpg,,,310
1735,Dairy Omung Milk - 1Ltr,,295,,Beverages,https://cdn.mycart.pk/media/catalog/product/cache/1/small_image/200x/17f82f742ffe127f42dca9de82fb58b1/1/2/12621930-0-m.jpg,,,313
1736,Coca Cola Zero Can - 250ml,,100,,Beverages,https://cdn.mycart.pk/media/catalog/product/cache/1/small_image/200x/17f82f742ffe127f42dca9de82fb58b1/c/o/coca_cola_zero_250ml_can.jpg,,,316
1737,Coca Cola Jumbo Bottle - 2.25Ltr,,260,,Beverages,https://cdn.mycart.pk/media/catalog/product/cache/1/small_image/200x/17f82f742ffe127f42dca9de82fb58b1/c/o/coca_cola_jumbo_2.25l_1.jpg,,,319
1738,Coca Cola Diet Can - 250ml,,100,,Beverages,https://cdn.mycart.pk/media/catalog/product/cache/1/small_image/200x/17f82f742ffe127f42dca9de82fb58b1/d/i/diet_coke_250ml.jpg,,,322
1739,Coca Cola Can - 330ml,,120,,Beverages,https://cdn.mycart.pk/media/catalog/product/cache/1/small_image/200x/17f82f742ffe127f42dca9de82fb58b1/c/o/coca_cola_drink_can_330ml.jpg,,,325
1740,Coca Cola Can - 250ml,,120,,Beverages,https://cdn.mycart.pk/media/catalog/product/cache/1/small_image/200x/17f82f742ffe127f42dca9de82fb58b1/c/o/coca_cola_drink_can_250ml.jpg,,,328
1741,Coca Cola Bottle - 500ml,,100,,Beverages,https://cdn.mycart.pk/media/catalog/product/cache/1/small_image/200x/17f82f742ffe127f42dca9de82fb58b1/c/o/coca_cola_500ml_1.jpg,,,331
1742,Coca Cola Bottle - 1Ltr,,160,,Beverages,https://cdn.mycart.pk/media/catalog/product/cache/1/small_image/200x/17f82f742ffe127f42dca9de82fb58b1/c/o/coca_cola_1l.jpg,,,334
1743,Coca Cola Bottle - 1.5Ltr,,180,,Beverages,https://cdn.mycart.pk/media/catalog/product/cache/1/small_image/200x/17f82f742ffe127f42dca9de82fb58b1/5/4/5449000051981_1.jpg,,,337
1744,Brooke Bond Supreme Tea Pouch - 950gm,,1800,,Beverages,https://cdn.mycart.pk/media/catalog/product/cache/1/small_image/200x/17f82f742ffe127f42dca9de82fb58b1/8/9/8961014003758.png,,,340
1745,Brooke Bond Supreme Tea Pouch - 475gm,,870,,Beverages,https://cdn.mycart.pk/media/catalog/product/cache/1/small_image/200x/17f82f742ffe127f42dca9de82fb58b1/8/9/8961014003741.png,,,343
1746,Brooke Bond Supreme Tea - 450gm,,1100,,Beverages,https://cdn.mycart.pk/media/catalog/product/cache/1/small_image/200x/17f82f742ffe127f42dca9de82fb58b1/_/1/_12704.png,,,346
1747,Brooke Bond Supreme Tea - 190gm,,360,,Beverages,https://cdn.mycart.pk/media/catalog/product/cache/1/small_image/200x/17f82f742ffe127f42dca9de82fb58b1/8/9/8961014016710.png,,,349
1748,Brooke Bond Supreme Black Tea - 95gm,,230,,Beverages,https://cdn.mycart.pk/media/catalog/product/cache/1/small_image/200x/17f82f742ffe127f42dca9de82fb58b1/8/9/8961014003727.png,,,352
1749,Barbican Malt - 330ml,,385,,Beverages,https://cdn.mycart.pk/media/catalog/product/cache/1/small_image/200x/17f82f742ffe127f42dca9de82fb58b1/b/a/barbican-peach-non-alcoholic-malt-beverage_12996.jpg,,,355
1750,Barbican Lemon - 330ml,,385,,Beverages,https://cdn.mycart.pk/media/catalog/product/cache/1/small_image/200x/17f82f742ffe127f42dca9de82fb58b1/1/4/14343f_8b19a7117cb2454fa3b146a22346f840_mv2.jpg,,,358
1751,Aquafina Mineral Water - 500ml,,45,,Beverages,https://cdn.mycart.pk/media/catalog/product/cache/1/small_image/200x/17f82f742ffe127f42dca9de82fb58b1/_/0/_01893.jpg,,,361
1752,Aquafina Mineral Water - 1.5Ltr,,95,,Beverages,https://cdn.mycart.pk/media/catalog/product/cache/1/small_image/200x/17f82f742ffe127f42dca9de82fb58b1/_/0/_06836_1.jpg,,,364
1753,Aquafina - 6Ltr,,260,,Beverages,https://cdn.mycart.pk/media/catalog/product/cache/1/small_image/200x/17f82f742ffe127f42dca9de82fb58b1/_/1/_12876_1.png,,,367
1754,Anytime Red Grapes Juice - 200ml,,60,,Beverages,https://cdn.mycart.pk/media/catalog/product/cache/1/small_image/200x/17f82f742ffe127f42dca9de82fb58b1/a/n/anytime_-_anytime_red_grapes_juice_200ml_1.jpg,,,370
1755,Anytime Red Grapes Juice - 1000ml,,285,,Beverages,https://cdn.mycart.pk/media/catalog/product/cache/1/small_image/200x/17f82f742ffe127f42dca9de82fb58b1/a/n/anytime_-_anytime_red_grapes_juice_200ml.jpg,,,373
1756,7up Jumbo Bottle - 2.25Ltr,,275,,Beverages,https://cdn.mycart.pk/media/catalog/product/cache/1/small_image/200x/17f82f742ffe127f42dca9de82fb58b1/7/u/7up_jumbo_drink_2.25l_1.jpg,,,376
1757,7up Free Can - 300ml,,117,,Beverages,https://cdn.mycart.pk/media/catalog/product/cache/1/small_image/200x/17f82f742ffe127f42dca9de82fb58b1/7/u/7up_free_300ml_can.jpg,,,379
1758,7up Free Can - 250ml,,110,,Beverages,https://cdn.mycart.pk/media/catalog/product/cache/1/small_image/200x/17f82f742ffe127f42dca9de82fb58b1/7/u/7up_free_250ml_can.jpg,,,382
1759,7up Free Bottle - 345ml,,70,,Beverages,https://cdn.mycart.pk/media/catalog/product/cache/1/small_image/200x/17f82f742ffe127f42dca9de82fb58b1/7/u/7up_free_345ml_bottle_1.jpg,,,385
1760,7up Free Bottle - 1.5Ltr,,180,,Beverages,https://cdn.mycart.pk/media/catalog/product/cache/1/small_image/200x/17f82f742ffe127f42dca9de82fb58b1/7/u/7up_free_1.5l_bottle.jpg,,,388
1761,7up Can - 300ml,,117,,Beverages,https://cdn.mycart.pk/media/catalog/product/cache/1/small_image/200x/17f82f742ffe127f42dca9de82fb58b1/7/u/7up_300ml_can.jpg,,,391
1762,7up Can - 250ml,,120,,Beverages,https://cdn.mycart.pk/media/catalog/product/cache/1/small_image/200x/17f82f742ffe127f42dca9de82fb58b1/7/u/7up_drink_can_250ml.jpg,,,394
1763,7up Bottle - 500ml,,100,,Beverages,https://cdn.mycart.pk/media/catalog/product/cache/1/small_image/200x/17f82f742ffe127f42dca9de82fb58b1/7/u/7up_drink_500ml_1.jpg,,,397
1764,7up Bottle - 345ml,,70,,Beverages,https://cdn.mycart.pk/media/catalog/product/cache/1/small_image/200x/17f82f742ffe127f42dca9de82fb58b1/7/u/7up_345ml_bottle_2.jpg,,,400
1765,7up Bottle - 1Ltr,,150,,Beverages,https://cdn.mycart.pk/media/catalog/product/cache/1/small_image/200x/17f82f742ffe127f42dca9de82fb58b1/7/u/7up_drink_1l_1.jpg,,,403
1766,7up Bottle - 1.5Ltr,,180,,Beverages,https://cdn.mycart.pk/media/catalog/product/cache/1/small_image/200x/17f82f742ffe127f42dca9de82fb58b1/7/u/7up_drink_1.5l_1.jpg,,,406
1767,Peek Freans Smile Chocolate Donut (Pack Of 6),,300,,Bakery & Snacks,https://cdn.mycart.pk/media/catalog/product/cache/1/small_image/200x/17f82f742ffe127f42dca9de82fb58b1/d/o/donut-chocolate.jpg,,,409
1768,LU Oreo Sandwich Biscuit Original Bar Pack (Pack of 16),,310,,Bakery & Snacks,https://cdn.mycart.pk/media/catalog/product/cache/1/small_image/200x/17f82f742ffe127f42dca9de82fb58b1/_/0/_03429_1.jpg,,,412
1769,Hilal Strawberry Cup Kake (Pack of 12),,240,,Bakery & Snacks,https://cdn.mycart.pk/media/catalog/product/cache/1/small_image/200x/17f82f742ffe127f42dca9de82fb58b1/_/0/_03320.jpg,,,415
1770,Hilal Chocolate CupKake (Pack of 12),,240,,Bakery & Snacks,https://cdn.mycart.pk/media/catalog/product/cache/1/small_image/200x/17f82f742ffe127f42dca9de82fb58b1/_/0/_03322.jpg,,,418
1771,Bisconni Chocolatto Ticky Pack (Pack of 30),,310,,Bakery & Snacks,https://cdn.mycart.pk/media/catalog/product/cache/1/small_image/200x/17f82f742ffe127f42dca9de82fb58b1/_/0/_07780.jpg,,,421
1772,Bisconni Chocolate Chips Ticky Pack (Pack of 24),,245,,Bakery & Snacks,https://cdn.mycart.pk/media/catalog/product/cache/1/small_image/200x/17f82f742ffe127f42dca9de82fb58b1/_/1/_11225.jpg,,,424
1773,Weetabix Original Cereal Biscuit Wheat (Pack of 12) - 215gm,,950,,Bakery & Snacks,https://cdn.mycart.pk/media/catalog/product/cache/1/small_image/200x/17f82f742ffe127f42dca9de82fb58b1/_/0/_05669.jpg,,,427
1774,Twix Chocolate Top - 21gm,,300,,Bakery & Snacks,https://cdn.mycart.pk/media/catalog/product/cache/1/small_image/200x/17f82f742ffe127f42dca9de82fb58b1/_/0/_06721.jpg,,,430
1775,Twix Chocolate - 50gm,,270,,Bakery & Snacks,https://cdn.mycart.pk/media/catalog/product/cache/1/small_image/200x/17f82f742ffe127f42dca9de82fb58b1/_/0/_06719.jpg,,,433
1776,Twix Chocolate - 25gm,,250,,Bakery & Snacks,https://cdn.mycart.pk/media/catalog/product/cache/1/small_image/200x/17f82f742ffe127f42dca9de82fb58b1/d/s/dsc_0555.jpg,,,436
1777,Twix Chocolate (Pack of 5) - 50gm,,2000,,Bakery & Snacks,https://cdn.mycart.pk/media/catalog/product/cache/1/small_image/200x/17f82f742ffe127f42dca9de82fb58b1/_/0/_05195_1.jpg,,,439
1778,Tiffany Nutty Bites Pistachio - 90gm,,450,,Bakery & Snacks,https://cdn.mycart.pk/media/catalog/product/cache/1/small_image/200x/17f82f742ffe127f42dca9de82fb58b1/i/f/iffco-tiffany_0043_bites_pistachio_90g.jpg,,,442
1779,Tiffany Nutty Bites Cashew - 90gm,,450,,Bakery & Snacks,https://cdn.mycart.pk/media/catalog/product/cache/1/small_image/200x/17f82f742ffe127f42dca9de82fb58b1/i/f/iffco-tiffany_0045_bites_cashew_90g.jpg,,,445
1780,Tiffany Nutty Bites Almond - 90gm,,450,,Bakery & Snacks,https://cdn.mycart.pk/media/catalog/product/cache/1/small_image/200x/17f82f742ffe127f42dca9de82fb58b1/i/f/iffco-tiffany_0046_bites_almond_90g.jpg,,,448
1781,Tiffany Digestive Natural Sugar Free - 225gm,,890,,Bakery & Snacks,https://cdn.mycart.pk/media/catalog/product/cache/1/small_image/200x/17f82f742ffe127f42dca9de82fb58b1/d/s/dsc_0834.png,,,451
1782,Tiffany Digestive Natural - 225gm,,890,,Bakery & Snacks,https://cdn.mycart.pk/media/catalog/product/cache/1/small_image/200x/17f82f742ffe127f42dca9de82fb58b1/i/f/iffco-tiffany_0017_digestive_reg_250g.jpg,,,454
1783,Tiffany Digestive Light Biscuits - 225gm,,890,,Bakery & Snacks,https://cdn.mycart.pk/media/catalog/product/cache/1/small_image/200x/17f82f742ffe127f42dca9de82fb58b1/i/f/iffco-tiffany_0019_digestive_light_250g_1.jpg,,,457
1784,Tiffany Delight Biscuits Bourbon Cream - 100gm,,500,,Bakery & Snacks,https://cdn.mycart.pk/media/catalog/product/cache/1/small_image/200x/17f82f742ffe127f42dca9de82fb58b1/i/f/iffco-tiffany_0042_bourbon_creams.jpg,,,460
1785,Suree Rice Vermicelli - 400gm,,800,,Bakery & Snacks,https://cdn.mycart.pk/media/catalog/product/cache/1/small_image/200x/17f82f742ffe127f42dca9de82fb58b1/8/8/8850344321666_-_1_5.JPG,,,463
1786,Snickers Chocolate Miniatures - 220gm,,1985,,Bakery & Snacks,https://cdn.mycart.pk/media/catalog/product/cache/1/small_image/200x/17f82f742ffe127f42dca9de82fb58b1/s/n/snickers_miniature.jpg,,,466
1787,Snickers Chocolate Miniatures - 150gm,,1740,,Bakery & Snacks,https://cdn.mycart.pk/media/catalog/product/cache/1/small_image/200x/17f82f742ffe127f42dca9de82fb58b1/_/0/_05171_1.jpg,,,469
1788,Snickers Chocolate - 50gm,,260,,Bakery & Snacks,https://cdn.mycart.pk/media/catalog/product/cache/1/small_image/200x/17f82f742ffe127f42dca9de82fb58b1/s/n/snickers_chocolate_51g.jpg,,,472
1789,Shan Vermicelli - 150gm,,75,,Bakery & Snacks,https://cdn.mycart.pk/media/catalog/product/cache/1/small_image/200x/17f82f742ffe127f42dca9de82fb58b1/7/8/788821003584.jpg,,,475
1790,Shan Special Sheer Khurma Mix - 150gm,,185,,Bakery & Snacks,https://cdn.mycart.pk/media/catalog/product/cache/1/small_image/200x/17f82f742ffe127f42dca9de82fb58b1/7/8/788821068149.jpg,,,478
1791,Shan Special Rasmalai Mix - 100gm,,160,,Bakery & Snacks,https://cdn.mycart.pk/media/catalog/product/cache/1/small_image/200x/17f82f742ffe127f42dca9de82fb58b1/7/8/788821127099.png,,,481
1792,Shan Special Badam Kheer Mix - 150gm,,185,,Bakery & Snacks,https://cdn.mycart.pk/media/catalog/product/cache/1/small_image/200x/17f82f742ffe127f42dca9de82fb58b1/7/8/788821129024.png,,,484
1793,Shan Gulab Jaman Mix - 100gm,,180,,Bakery & Snacks,https://cdn.mycart.pk/media/catalog/product/cache/1/small_image/200x/17f82f742ffe127f42dca9de82fb58b1/7/8/788821128096.jpg,,,487
1794,Shan Gajar Halwa - 100gm,,185,,Bakery & Snacks,https://cdn.mycart.pk/media/catalog/product/cache/1/small_image/200x/17f82f742ffe127f42dca9de82fb58b1/7/8/788821126054.jpg,,,490
1795,Rossmoor Gelatine Powder - 50gm,,280,,Bakery & Snacks,https://cdn.mycart.pk/media/catalog/product/cache/1/small_image/200x/17f82f742ffe127f42dca9de82fb58b1/_/0/_019433.jpg,,,493
1796,Rossmoor Dessert Mix Chocolate - 90gm,,235,,Bakery & Snacks,https://cdn.mycart.pk/media/catalog/product/cache/1/small_image/200x/17f82f742ffe127f42dca9de82fb58b1/_/0/_06115.jpg,,,496
1797,Raisin (Kishmish) - 100gm,,170,,Bakery & Snacks,https://cdn.mycart.pk/media/catalog/product/cache/1/small_image/200x/17f82f742ffe127f42dca9de82fb58b1/_/1/_10222.jpg,,,499
1798,Rafhan Strawberry Jelly Powder - 80gm,,170,,Bakery & Snacks,https://cdn.mycart.pk/media/catalog/product/cache/1/small_image/200x/17f82f742ffe127f42dca9de82fb58b1/r/a/rafhan_jelly_powder_strawberry_80g.jpg,,,502
1799,Rafhan Mango Jelly Powder - 80gm,,170,,Bakery & Snacks,https://cdn.mycart.pk/media/catalog/product/cache/1/small_image/200x/17f82f742ffe127f42dca9de82fb58b1/_/0/_03535.jpg,,,505
1800,Rafhan Custard Vanilla - 275gm,,215,,Bakery & Snacks,https://cdn.mycart.pk/media/catalog/product/cache/1/small_image/200x/17f82f742ffe127f42dca9de82fb58b1/8/9/8961014015928.jpg,,,508
1801,Rafhan Custard Strawberry - 275gm,,205,,Bakery & Snacks,https://cdn.mycart.pk/media/catalog/product/cache/1/small_image/200x/17f82f742ffe127f42dca9de82fb58b1/2/0/20190225_102013.jpg,,,511
1802,Rafhan Custard Mango - 275gm,,205,,Bakery & Snacks,https://cdn.mycart.pk/media/catalog/product/cache/1/small_image/200x/17f82f742ffe127f42dca9de82fb58b1/8/9/8961014015911.jpg,,,514
1803,Rafhan Custard Banana - 275gm,,205,,Bakery & Snacks,https://cdn.mycart.pk/media/catalog/product/cache/1/small_image/200x/17f82f742ffe127f42dca9de82fb58b1/2/0/2019-02-26.jpg,,,517
1804,Rafhan Banana Jelly Powder - 80gm,,170,,Bakery & Snacks,https://cdn.mycart.pk/media/catalog/product/cache/1/small_image/200x/17f82f742ffe127f42dca9de82fb58b1/r/a/rafhan_jelly_powder_banana_80g.jpg,,,520
1805,Qarshi Johar Joshanda Sugar Free Sachet 5's,,120,,Bakery & Snacks,https://cdn.mycart.pk/media/catalog/product/cache/1/small_image/200x/17f82f742ffe127f42dca9de82fb58b1/_/0/_07557.jpg,,,523
1806,Pringles Sour Cream and Onion - 42gm,,520,,Bakery & Snacks,https://cdn.mycart.pk/media/catalog/product/cache/1/small_image/200x/17f82f742ffe127f42dca9de82fb58b1/2/0/20190624_103925.jpg,,,526
1807,Pringles Sour Cream and Onion - 165gm,,1110,,Bakery & Snacks,https://cdn.mycart.pk/media/catalog/product/cache/1/small_image/200x/17f82f742ffe127f42dca9de82fb58b1/2/0/20190528_110824.jpg,,,529
1808,Pringles Original Sour - 165gm,,1100,,Bakery & Snacks,https://cdn.mycart.pk/media/catalog/product/cache/1/small_image/200x/17f82f742ffe127f42dca9de82fb58b1/p/r/pringles_sour_original_150g.jpg,,,532
1809,Peek Freans Whole Wheat Slices Classic - Snack Pack (Pack of 12),,360,,Bakery & Snacks,https://cdn.mycart.pk/media/catalog/product/cache/1/small_image/200x/17f82f742ffe127f42dca9de82fb58b1/5/e/5eb5552535ef7a94492cca5456cac383.jpg,,,535
1810,Peek Freans Whole Wheat (Sugarfree) - Snack Pack (Pack of 12),,360,,Bakery & Snacks,https://cdn.mycart.pk/media/catalog/product/cache/1/small_image/200x/17f82f742ffe127f42dca9de82fb58b1/p/e/peek-freans-whole-wheat-slice-sugar-free-1.jpg,,,538
1811,Peek Freans Sweet Golden Caramel Cake Up (Pack of 12),,330,,Bakery & Snacks,https://cdn.mycart.pk/media/catalog/product/cache/1/small_image/200x/17f82f742ffe127f42dca9de82fb58b1/8/9/8964000681930.png,,,541
1812,Peek Freans Sooper Ticky Pack (Pack of 24),,280,,Bakery & Snacks,https://cdn.mycart.pk/media/catalog/product/cache/1/small_image/200x/17f82f742ffe127f42dca9de82fb58b1/p/k/pk1257475-1.jpg,,,544
1813,Peek Freans Sooper Munch Pack (Pack of 12),,360,,Bakery & Snacks,https://cdn.mycart.pk/media/catalog/product/cache/1/small_image/200x/17f82f742ffe127f42dca9de82fb58b1/p/k/pk1236677-1.jpg,,,547
1814,Peek Freans Sooper Classic Snack Pack (Pack of 16),,380,,Bakery & Snacks,https://cdn.mycart.pk/media/catalog/product/cache/1/small_image/200x/17f82f742ffe127f42dca9de82fb58b1/placeholder/default/265x265.jpg,,,550
1815,Peek Freans Sooper Classic Chocolate - Ticky Pack (Pack of 24),,260,,Bakery & Snacks,https://cdn.mycart.pk/media/catalog/product/cache/1/small_image/200x/17f82f742ffe127f42dca9de82fb58b1/p/k/pk1187945-1.jpg,,,553
1816,Peek Freans Sooper Classic Chocolate - Munch Pack (Pack of 12),,360,,Bakery & Snacks,https://cdn.mycart.pk/media/catalog/product/cache/1/small_image/200x/17f82f742ffe127f42dca9de82fb58b1/p/k/pk1236678-1.jpg,,,556
1817,Peek Freans Saltish - Snack Pack (Pack of 12),,250,,Bakery & Snacks,https://cdn.mycart.pk/media/catalog/product/cache/1/small_image/200x/17f82f742ffe127f42dca9de82fb58b1/d/9/d9419aec0718571797bda99e3b8cf25f.jpg,,,559
1818,Peek Freans Rio Strawberry Vanilla Munch Pack (Pack of 12),,360,,Bakery & Snacks,https://cdn.mycart.pk/media/catalog/product/cache/1/small_image/200x/17f82f742ffe127f42dca9de82fb58b1/p/k/pk1236676-1.jpg,,,562
1819,Peek Freans Rio Strawberry Vanilla Biscuits Half Roll (Pack of 8),,320,,Bakery & Snacks,https://cdn.mycart.pk/media/catalog/product/cache/1/small_image/200x/17f82f742ffe127f42dca9de82fb58b1/p/e/peek-freans-rio-strawberry-vanilla-8-half-roll-pack.jpg,,,565
1820,Peek Freans Rio Double Chocolate Ticky Pack (Pack of 24),,240,,Bakery & Snacks,https://cdn.mycart.pk/media/catalog/product/cache/1/small_image/200x/17f82f742ffe127f42dca9de82fb58b1/p/k/pk1261405-1.jpg,,,568
1821,Peek Freans Rio Double Chocolate Snack Pack (Pack of 16),,320,,Bakery & Snacks,https://cdn.mycart.pk/media/catalog/product/cache/1/small_image/200x/17f82f742ffe127f42dca9de82fb58b1/p/k/pk1225580-1.jpg,,,571
1822,Peek Freans Rio Double Chocolate Half Roll (Pack of 8),,320,,Bakery & Snacks,https://cdn.mycart.pk/media/catalog/product/cache/1/small_image/200x/17f82f742ffe127f42dca9de82fb58b1/p/k/pk1117359-1.jpg,,,574
1823,Peek Freans Pista Pik Half Roll (Pack of 8),,320,,Bakery & Snacks,https://cdn.mycart.pk/media/catalog/product/cache/1/small_image/200x/17f82f742ffe127f42dca9de82fb58b1/p/k/pk1015696-1.jpg,,,577
1824,Peek Freans Peanut Pik Snack Pack (Pack of 16),,320,,Bakery & Snacks,https://cdn.mycart.pk/media/catalog/product/cache/1/small_image/200x/17f82f742ffe127f42dca9de82fb58b1/p/k/pk1117368-1.jpg,,,580
1825,Peek Freans Peanut Pik Munch Pack (Pack of 12),,360,,Bakery & Snacks,https://cdn.mycart.pk/media/catalog/product/cache/1/small_image/200x/17f82f742ffe127f42dca9de82fb58b1/p/k/pk1236674-1.jpg,,,583
1826,Peek Freans Peanut Pik Half Roll (Pack of 8),,320,,Bakery & Snacks,https://cdn.mycart.pk/media/catalog/product/cache/1/small_image/200x/17f82f742ffe127f42dca9de82fb58b1/p/k/pk1018540-1.jpg,,,586
1827,Peek Freans Party Pik Snack Pack (Pack of 16),,320,,Bakery & Snacks,https://cdn.mycart.pk/media/catalog/product/cache/1/small_image/200x/17f82f742ffe127f42dca9de82fb58b1/p/k/pk1117369-1.jpg,,,589
1828,Peek Freans Party Pik Munch Pack (Pack of 12),,360,,Bakery & Snacks,https://cdn.mycart.pk/media/catalog/product/cache/1/small_image/200x/17f82f742ffe127f42dca9de82fb58b1/p/k/pk1236673-1.jpg,,,592
1829,Peek Freans Party Pik Half Roll (Pack of 8),,320,,Bakery & Snacks,https://cdn.mycart.pk/media/catalog/product/cache/1/small_image/200x/17f82f742ffe127f42dca9de82fb58b1/p/k/pk1031253-1.jpg,,,595
1830,Peek Freans Marie Ticky Pack (Pack of 24),,240,,Bakery & Snacks,https://cdn.mycart.pk/media/catalog/product/cache/1/small_image/200x/17f82f742ffe127f42dca9de82fb58b1/_/0/_05802_1.jpg,,,598
1831,Peek Freans Marie Munch Pack (Pack of 12),,360,,Bakery & Snacks,https://cdn.mycart.pk/media/catalog/product/cache/1/small_image/200x/17f82f742ffe127f42dca9de82fb58b1/p/k/pk1236672-1.jpg,,,601
1832,Peek Freans Marie Half Roll (Pack of 8),,320,,Bakery & Snacks,https://cdn.mycart.pk/media/catalog/product/cache/1/small_image/200x/17f82f742ffe127f42dca9de82fb58b1/p/k/pk1117355-1.jpg,,,604
1833,Peek Freans Lemon Sandwich Ticky Pack (Pack of 24),,240,,Bakery & Snacks,https://cdn.mycart.pk/media/catalog/product/cache/1/small_image/200x/17f82f742ffe127f42dca9de82fb58b1/p/k/pk1117348-1.jpg,,,607
1834,Peek Freans Lemon Sandwich Munch Pack (Pack of 12),,360,,Bakery & Snacks,https://cdn.mycart.pk/media/catalog/product/cache/1/small_image/200x/17f82f742ffe127f42dca9de82fb58b1/p/k/pk1236670-1.jpg,,,610
1835,Peek Freans Lemon Sandwich Half Roll (Pack of 8),,320,,Bakery & Snacks,https://cdn.mycart.pk/media/catalog/product/cache/1/small_image/200x/17f82f742ffe127f42dca9de82fb58b1/p/k/pk1088364-1.jpg,,,613
1836,Peek Freans Gluco Ticky Pack (Pack of 24),,240,,Bakery & Snacks,https://cdn.mycart.pk/media/catalog/product/cache/1/small_image/200x/17f82f742ffe127f42dca9de82fb58b1/p/k/pk1016632-1.jpg,,,616
1837,Peek Freans Gluco Snack Pack (Pack of 16),,320,,Bakery & Snacks,https://cdn.mycart.pk/media/catalog/product/cache/1/small_image/200x/17f82f742ffe127f42dca9de82fb58b1/p/k/pk1117372-1.jpg,,,619
1838,Peek Freans Gluco Munch Pack (Pack of 12),,360,,Bakery & Snacks,https://cdn.mycart.pk/media/catalog/product/cache/1/small_image/200x/17f82f742ffe127f42dca9de82fb58b1/p/k/pk1236671-1.jpg,,,622
1839,Peek Freans Gluco Half Roll (Pack of 8),,320,,Bakery & Snacks,https://cdn.mycart.pk/media/catalog/product/cache/1/small_image/200x/17f82f742ffe127f42dca9de82fb58b1/p/k/pk1015690-1.jpg,,,625
1840,Peek Freans Farm House Cookies Shortbread Family Pack,,145,,Bakery & Snacks,https://cdn.mycart.pk/media/catalog/product/cache/1/small_image/200x/17f82f742ffe127f42dca9de82fb58b1/2/0/20190823_133806.jpg,,,628
1841,Peek Freans Farm House Cookies Coconut Crunch - Family Pack,,150,,Bakery & Snacks,https://cdn.mycart.pk/media/catalog/product/cache/1/small_image/200x/17f82f742ffe127f42dca9de82fb58b1/9/1/91ae71d0d8f1e0fa5817288bde52e7a9.jpg,,,631
1842,Peek Freans Cup Cake Strawberry (Pack Of 12),,360,,Bakery & Snacks,https://cdn.mycart.pk/media/catalog/product/cache/1/small_image/200x/17f82f742ffe127f42dca9de82fb58b1/8/9/8964000681916.jpg,,,634
1843,Peek Freans Click Snack Pack (Pack of 16),,320,,Bakery & Snacks,https://cdn.mycart.pk/media/catalog/product/cache/1/small_image/200x/17f82f742ffe127f42dca9de82fb58b1/p/k/pk1117373-1.jpg,,,637
1844,Peek Freans Click Munch Pack (Pack of 12),,360,,Bakery & Snacks,https://cdn.mycart.pk/media/catalog/product/cache/1/small_image/200x/17f82f742ffe127f42dca9de82fb58b1/p/k/pk1236669-1.jpg,,,640
1845,Peek Freans Click Half Roll (Pack of 8),,320,,Bakery & Snacks,https://cdn.mycart.pk/media/catalog/product/cache/1/small_image/200x/17f82f742ffe127f42dca9de82fb58b1/p/k/pk1117358-1.jpg,,,643
1846,Peek Freans Chocolicious Vanilla Chocolate Chips Snack Pack (Pack of 16),,260,,Bakery & Snacks,https://cdn.mycart.pk/media/catalog/product/cache/1/small_image/200x/17f82f742ffe127f42dca9de82fb58b1/p/k/pk1125250-1.jpg,,,646
1847,Peek Freans Chocolicious Vanilla Chocolate Chips Munch Pack (Pack of 8),,260,,Bakery & Snacks,https://cdn.mycart.pk/media/catalog/product/cache/1/small_image/200x/17f82f742ffe127f42dca9de82fb58b1/p/k/pk1245235-1.jpg,,,649
1848,Peek Freans Chocolicious Double Chocolate Chips Snack Pack (Pack of 16),,260,,Bakery & Snacks,https://cdn.mycart.pk/media/catalog/product/cache/1/small_image/200x/17f82f742ffe127f42dca9de82fb58b1/p/k/pk1125253-1.jpg,,,652
1849,Peek Freans Chocolicious Chocolate Chips Munch Pack (Pack of 8),,260,,Bakery & Snacks,https://cdn.mycart.pk/media/catalog/product/cache/1/small_image/200x/17f82f742ffe127f42dca9de82fb58b1/p/k/pk1245898-1_1.png,,,655
1850,Peek Freans Chocolate Sandwich Ticky Pack (Pack of 24),,240,,Bakery & Snacks,https://cdn.mycart.pk/media/catalog/product/cache/1/small_image/200x/17f82f742ffe127f42dca9de82fb58b1/p/k/pk1117349-1.jpg,,,658
1851,Peek Freans Chocolate Sandwich Munch Pack - (Pack of 12),,360,,Bakery & Snacks,https://cdn.mycart.pk/media/catalog/product/cache/1/small_image/200x/17f82f742ffe127f42dca9de82fb58b1/1/p/1pk1236668-1.jpg,,,661
1852,Peek Freans Chocolate Sandwich Half Roll (Pack of 8),,320,,Bakery & Snacks,https://cdn.mycart.pk/media/catalog/product/cache/1/small_image/200x/17f82f742ffe127f42dca9de82fb58b1/p/k/pk1097085-1.jpg,,,664
1853,Peek Freans Choco Bites Vanilla Chocolate Snack Pack (Pack of 16),,260,,Bakery & Snacks,https://cdn.mycart.pk/media/catalog/product/cache/1/small_image/200x/17f82f742ffe127f42dca9de82fb58b1/p/k/pk1205062-1.jpg,,,667
1854,Peek Freans Choco Bites Double Chocolate Munch Pack (Pack of 8),,260,,Bakery & Snacks,https://cdn.mycart.pk/media/catalog/product/cache/1/small_image/200x/17f82f742ffe127f42dca9de82fb58b1/placeholder/default/265x265.jpg,,,670
1855,Peek Freans Choco Bites Double Chocolate - Snack Pack (Pack of 16),,260,,Bakery & Snacks,https://cdn.mycart.pk/media/catalog/product/cache/1/small_image/200x/17f82f742ffe127f42dca9de82fb58b1/p/k/pk1184342-1.jpg,,,673
1856,Peek Freans Cake Up Milky Chocolate (Pack of 12),,330,,Bakery & Snacks,https://cdn.mycart.pk/media/catalog/product/cache/1/small_image/200x/17f82f742ffe127f42dca9de82fb58b1/8/9/8964000681893.jpg,,,676
1857,Peek Freans Cake Up Double Chocolate (Pack of 12),,330,,Bakery & Snacks,https://cdn.mycart.pk/media/catalog/product/cache/1/small_image/200x/17f82f742ffe127f42dca9de82fb58b1/p/k/pk1150178-1.jpg,,,679
1858,Peek Freans Butter Puff Munch Pack (Pack of 12),,360,,Bakery & Snacks,https://cdn.mycart.pk/media/catalog/product/cache/1/small_image/200x/17f82f742ffe127f42dca9de82fb58b1/p/k/pk1236667-1.jpg,,,682
1859,Peek Freans Butter Puff Half Roll (Pack of 8),,320,,Bakery & Snacks,https://cdn.mycart.pk/media/catalog/product/cache/1/small_image/200x/17f82f742ffe127f42dca9de82fb58b1/p/k/pk1117357-1.png,,,685
1860,Nutro Vanilla Creamy Layers Wafers - 75gm,,525,,Bakery & Snacks,https://cdn.mycart.pk/media/catalog/product/cache/1/small_image/200x/17f82f742ffe127f42dca9de82fb58b1/_/1/_15011.png,,,688
1861,Nutro Strawberry Creamy Layers Wafers - 75gm,,525,,Bakery & Snacks,https://cdn.mycart.pk/media/catalog/product/cache/1/small_image/200x/17f82f742ffe127f42dca9de82fb58b1/_/1/_15013.png,,,691
1862,Nutro Orange Creamy Layers Wafers - 75gm,,525,,Bakery & Snacks,https://cdn.mycart.pk/media/catalog/product/cache/1/small_image/200x/17f82f742ffe127f42dca9de82fb58b1/_/1/_15009.png,,,694
1863,Nutro Hazelnut Creamy Layers Wafers - 75gm,,525,,Bakery & Snacks,https://cdn.mycart.pk/media/catalog/product/cache/1/small_image/200x/17f82f742ffe127f42dca9de82fb58b1/u/n/untitled-1_2_10.jpg,,,697
1864,Nutro Chocolate Creamy Layers Wafers - 75gm,,525,,Bakery & Snacks,https://cdn.mycart.pk/media/catalog/product/cache/1/small_image/200x/17f82f742ffe127f42dca9de82fb58b1/_/1/_15007.png,,,700
1865,Nestle Fruita Vitals Pineapple - 1Ltr,,370,,Bakery & Snacks,https://cdn.mycart.pk/media/catalog/product/cache/1/small_image/200x/17f82f742ffe127f42dca9de82fb58b1/8/9/8961008203751.png,,,703
1866,National Vermicelli - 120gm,,80,,Bakery & Snacks,https://cdn.mycart.pk/media/catalog/product/cache/1/small_image/200x/17f82f742ffe127f42dca9de82fb58b1/n/f/nf_vermicelli_120gm.jpg,,,706
1867,National Vanilla Custard Powder - 275gm,,190,,Bakery & Snacks,https://cdn.mycart.pk/media/catalog/product/cache/1/small_image/200x/17f82f742ffe127f42dca9de82fb58b1/n/f/nf_vanilla_custard_275gm.jpg,,,709
1868,Mother Choice Baking Soda - 100gm,,95,,Bakery & Snacks,https://cdn.mycart.pk/media/catalog/product/cache/1/small_image/200x/17f82f742ffe127f42dca9de82fb58b1/_/0/_09171_1.jpg,,,712
1869,Mehran Sheer Khurma MIx - 160gm,,210,,Bakery & Snacks,https://cdn.mycart.pk/media/catalog/product/cache/1/small_image/200x/17f82f742ffe127f42dca9de82fb58b1/d/s/dsc_0553_1.png,,,715
1870,Mars Chocolate Miniatures - 150gm,,1740,,Bakery & Snacks,https://cdn.mycart.pk/media/catalog/product/cache/1/small_image/200x/17f82f742ffe127f42dca9de82fb58b1/_/0/_05930_1.jpg,,,718
1871,Mars Chocolate - 51gm,,280,,Bakery & Snacks,https://cdn.mycart.pk/media/catalog/product/cache/1/small_image/200x/17f82f742ffe127f42dca9de82fb58b1/_/0/_05211_1.jpg,,,721
1872,Mars Caramel Milk - 350ml,,1500,,Bakery & Snacks,https://cdn.mycart.pk/media/catalog/product/cache/1/small_image/200x/17f82f742ffe127f42dca9de82fb58b1/d/s/dsc_0994.png,,,724
1873,Marbles Chocolate Coated Biscuit balls - 12 pcs,,1200,,Bakery & Snacks,https://cdn.mycart.pk/media/catalog/product/cache/1/small_image/200x/17f82f742ffe127f42dca9de82fb58b1/8/7/8705720001321_3.png,,,727
1874,LU Zeera Plus Ticky Pack (Pack of 24),,260,,Bakery & Snacks,https://cdn.mycart.pk/media/catalog/product/cache/1/small_image/200x/17f82f742ffe127f42dca9de82fb58b1/d/s/dsc_0085.jpg,,,730
1875,LU Zeera Plus Half Roll (Pack of 8),,240,,Bakery & Snacks,https://cdn.mycart.pk/media/catalog/product/cache/1/small_image/200x/17f82f742ffe127f42dca9de82fb58b1/d/s/dsc_0073.jpg,,,733
1876,LU Zeera Plus Biscuits Bar Pack - (Pack of 12),,235,,Bakery & Snacks,https://cdn.mycart.pk/media/catalog/product/cache/1/small_image/200x/17f82f742ffe127f42dca9de82fb58b1/_/0/_04609.jpg,,,736
1877,LU Zeera Plus (Family Pack),,95,,Bakery & Snacks,https://cdn.mycart.pk/media/catalog/product/cache/1/small_image/200x/17f82f742ffe127f42dca9de82fb58b1/_/0/_03404.jpg,,,739
1878,LU Wheatable Sugar Free Ticky Pack - (Pack of 15),,310,,Bakery & Snacks,https://cdn.mycart.pk/media/catalog/product/cache/1/small_image/200x/17f82f742ffe127f42dca9de82fb58b1/8/9/8961003583032.jpg,,,742
1879,LU Wheatable Sugar Free Family Pack,,95,,Bakery & Snacks,https://cdn.mycart.pk/media/catalog/product/cache/1/small_image/200x/17f82f742ffe127f42dca9de82fb58b1/8/9/8961003011849.jpg,,,745
1880,LU Wheatable High Fiber Digestives Ticky Pack - (Pack of 15),,310,,Bakery & Snacks,https://cdn.mycart.pk/media/catalog/product/cache/1/small_image/200x/17f82f742ffe127f42dca9de82fb58b1/8/9/8961003583001_2.jpg,,,748
1881,LU Wheatable (Family Pack),,95,,Bakery & Snacks,https://cdn.mycart.pk/media/catalog/product/cache/1/small_image/200x/17f82f742ffe127f42dca9de82fb58b1/_/0/_03402.jpg,,,751
1882,LU Tuc Ticky Pack (Pack of 24),,260,,Bakery & Snacks,https://cdn.mycart.pk/media/catalog/product/cache/1/small_image/200x/17f82f742ffe127f42dca9de82fb58b1/_/0/_04625.jpg,,,754
1883,LU Tuc Snack Pack (Pack of 8),,280,,Bakery & Snacks,https://cdn.mycart.pk/media/catalog/product/cache/1/small_image/200x/17f82f742ffe127f42dca9de82fb58b1/_/1/_11115.jpg,,,757
1884,LU Tuc (Family Pack),,95,,Bakery & Snacks,https://cdn.mycart.pk/media/catalog/product/cache/1/small_image/200x/17f82f742ffe127f42dca9de82fb58b1/_/0/_03412.jpg,,,760
1885,LU Tiger Snack Pack (Pack of 15),,300,,Bakery & Snacks,https://cdn.mycart.pk/media/catalog/product/cache/1/small_image/200x/17f82f742ffe127f42dca9de82fb58b1/d/s/dsc_0126.jpg,,,763
1886,LU Prince Chocolate Ticky Pack (Pack of 24),,260,,Bakery & Snacks,https://cdn.mycart.pk/media/catalog/product/cache/1/small_image/200x/17f82f742ffe127f42dca9de82fb58b1/_/0/_06414.jpg,,,766
1887,LU Prince Chocolate Snack Pack (Pack of 6),,280,,Bakery & Snacks,https://cdn.mycart.pk/media/catalog/product/cache/1/small_image/200x/17f82f742ffe127f42dca9de82fb58b1/d/s/dsc_0063.jpg,,,769
1888,LU Prince Chocolate (Family Pack),,95,,Bakery & Snacks,https://cdn.mycart.pk/media/catalog/product/cache/1/small_image/200x/17f82f742ffe127f42dca9de82fb58b1/d/s/dsc_0081.jpg,,,772
1889,LU Oreo Original Half Roll (Pack Of 6),,310,,Bakery & Snacks,https://cdn.mycart.pk/media/catalog/product/cache/1/small_image/200x/17f82f742ffe127f42dca9de82fb58b1/d/s/dsc_0075.jpg,,,775
1890,LU Gala Egg Ticky pack (Pack of 24),,260,,Bakery & Snacks,https://cdn.mycart.pk/media/catalog/product/cache/1/small_image/200x/17f82f742ffe127f42dca9de82fb58b1/_/0/_06382.jpg,,,778
1891,LU Gala Egg Snack Pack (Pack of 6),,285,,Bakery & Snacks,https://cdn.mycart.pk/media/catalog/product/cache/1/small_image/200x/17f82f742ffe127f42dca9de82fb58b1/d/s/dsc_0079.jpg,,,781
1892,LU Gala Egg Family Pack,,95,,Bakery & Snacks,https://cdn.mycart.pk/media/catalog/product/cache/1/small_image/200x/17f82f742ffe127f42dca9de82fb58b1/d/s/dsc_0083.jpg,,,784
1893,LU Candi Ticky Pack (Pack of 24),,260,,Bakery & Snacks,https://cdn.mycart.pk/media/catalog/product/cache/1/small_image/200x/17f82f742ffe127f42dca9de82fb58b1/_/0/_06416.jpg,,,787
1894,LU Candi Snack Pack (Pack of 6),,320,,Bakery & Snacks,https://cdn.mycart.pk/media/catalog/product/cache/1/small_image/200x/17f82f742ffe127f42dca9de82fb58b1/d/s/dsc_0849.png,,,790
1895,LU Candi Orignal Mini Half roll (Pack of 12),,260,,Bakery & Snacks,https://cdn.mycart.pk/media/catalog/product/cache/1/small_image/200x/17f82f742ffe127f42dca9de82fb58b1/d/s/dsc_0130.jpg,,,793
1896,LU Candi (Family Pack),,95,,Bakery & Snacks,https://cdn.mycart.pk/media/catalog/product/cache/1/small_image/200x/17f82f742ffe127f42dca9de82fb58b1/_/0/_04631.jpg,,,796
1897,LU Bistiks Snack Pack (Pack of 6),,290,,Bakery & Snacks,https://cdn.mycart.pk/media/catalog/product/cache/1/small_image/200x/17f82f742ffe127f42dca9de82fb58b1/d/s/dsc_0128.jpg,,,799
1898,LU Bistiks (Family Pack),,85,,Bakery & Snacks,https://cdn.mycart.pk/media/catalog/product/cache/1/small_image/200x/17f82f742ffe127f42dca9de82fb58b1/_/0/_03421.jpg,,,802
1899,LU Bakeri Nan Khatai Ticky Pack (Pack of 24),,260,,Bakery & Snacks,https://cdn.mycart.pk/media/catalog/product/cache/1/small_image/200x/17f82f742ffe127f42dca9de82fb58b1/_/0/_06412.jpg,,,805
1900,LU Bakeri Nan Khatai Snack Pack (Pack of 6),,320,,Bakery & Snacks,https://cdn.mycart.pk/media/catalog/product/cache/1/small_image/200x/17f82f742ffe127f42dca9de82fb58b1/d/s/dsc_0071.jpg,,,808
1901,LU Bakeri Nan Khatai Bar Pack (Pack of 12),,290,,Bakery & Snacks,https://cdn.mycart.pk/media/catalog/product/cache/1/small_image/200x/17f82f742ffe127f42dca9de82fb58b1/d/s/dsc_0069.jpg,,,811
1902,LU Bakeri Nan Khatai (Family Pack),,95,,Bakery & Snacks,https://cdn.mycart.pk/media/catalog/product/cache/1/small_image/200x/17f82f742ffe127f42dca9de82fb58b1/_/0/_03416.jpg,,,814
1903,LU Bakeri Coconut Snack Pack (Pack of 6),,320,,Bakery & Snacks,https://cdn.mycart.pk/media/catalog/product/cache/1/small_image/200x/17f82f742ffe127f42dca9de82fb58b1/d/s/dsc_0065.jpg,,,817
1904,LU Bakeri Coconut (Family Pack),,95,,Bakery & Snacks,https://cdn.mycart.pk/media/catalog/product/cache/1/small_image/200x/17f82f742ffe127f42dca9de82fb58b1/_/1/_12390.jpg,,,820
1905,LU Bakeri Butter Cookies Bar Pack (Pack of 12),,260,,Bakery & Snacks,https://cdn.mycart.pk/media/catalog/product/cache/1/small_image/200x/17f82f742ffe127f42dca9de82fb58b1/8/9/8961003564123_2_.jpg,,,823
1906,LU Bakeri Butter (Family Pack),,95,,Bakery & Snacks,https://cdn.mycart.pk/media/catalog/product/cache/1/small_image/200x/17f82f742ffe127f42dca9de82fb58b1/_/0/_03408.jpg,,,826
1907,LU Bakeri Bistiks Bar Pack (Pack of 12),,300,,Bakery & Snacks,https://cdn.mycart.pk/media/catalog/product/cache/1/small_image/200x/17f82f742ffe127f42dca9de82fb58b1/_/1/_11117.jpg,,,829
1908,Loacker Vanilla Wafers - 45gm,,330,,Bakery & Snacks,https://cdn.mycart.pk/media/catalog/product/cache/1/small_image/200x/17f82f742ffe127f42dca9de82fb58b1/l/o/loacker_vanilla_wafers_45g.jpg,,,832
1909,Loacker Quadratini Vanilla Wafers - 125gm,,900,,Bakery & Snacks,https://cdn.mycart.pk/media/catalog/product/cache/1/small_image/200x/17f82f742ffe127f42dca9de82fb58b1/l/o/loacker_quadratini_vanilla_wafers_125g.jpg,,,835
1910,Loacker Quadratini Napolitaner Wafers - 125gm,,900,,Bakery & Snacks,https://cdn.mycart.pk/media/catalog/product/cache/1/small_image/200x/17f82f742ffe127f42dca9de82fb58b1/l/o/loacker_quadratini_napolitaner_wafers_125g.jpg,,,838
1911,Loacker Quadratini Chocolate Wafers - 125gm,,900,,Bakery & Snacks,https://cdn.mycart.pk/media/catalog/product/cache/1/small_image/200x/17f82f742ffe127f42dca9de82fb58b1/l/o/loacker.jpg,,,841
1912,Loacker Cremkakao Cocoa and Chocolate Wafers - 45gm,,330,,Bakery & Snacks,https://cdn.mycart.pk/media/catalog/product/cache/1/small_image/200x/17f82f742ffe127f42dca9de82fb58b1/l/o/loacker_cremkakao_cocoa_chocolate_wafers_45g.jpg,,,844
1913,Laziza Vermicelli Kheer Mix - 155gm,,180,,Bakery & Snacks,https://cdn.mycart.pk/media/catalog/product/cache/1/small_image/200x/17f82f742ffe127f42dca9de82fb58b1/_/0/_03989_1.jpg,,,847
1914,Laziza Strawberry Falooda Mix - 195gm,,230,,Bakery & Snacks,https://cdn.mycart.pk/media/catalog/product/cache/1/small_image/200x/17f82f742ffe127f42dca9de82fb58b1/_/0/_00931_1.jpg,,,850
1915,Laziza Shahi Tukra Dessert Mix - 180gm,,230,,Bakery & Snacks,https://cdn.mycart.pk/media/catalog/product/cache/1/small_image/200x/17f82f742ffe127f42dca9de82fb58b1/_/0/_00935_1.jpg,,,853
1916,Laziza Saffron Sheer Khurma Mix - 160gm,,230,,Bakery & Snacks,https://cdn.mycart.pk/media/catalog/product/cache/1/small_image/200x/17f82f742ffe127f42dca9de82fb58b1/_/0/_04599_1.jpg,,,856
1917,Laziza Saffron Firni Khas - 150gm,,165,,Bakery & Snacks,https://cdn.mycart.pk/media/catalog/product/cache/1/small_image/200x/17f82f742ffe127f42dca9de82fb58b1/_/0/_00929_1.jpg,,,859
1918,Laziza Rasmalai Mix Standard - 75gm,,230,,Bakery & Snacks,https://cdn.mycart.pk/media/catalog/product/cache/1/small_image/200x/17f82f742ffe127f42dca9de82fb58b1/_/0/_00927_1.jpg,,,862
1919,Laziza Pistachio Rasmalai Mix - 75gm,,230,,Bakery & Snacks,https://cdn.mycart.pk/media/catalog/product/cache/1/small_image/200x/17f82f742ffe127f42dca9de82fb58b1/_/0/_00925_1.jpg,,,865
1920,Laziza Kulfa Khoya Standard - 152gm,,230,,Bakery & Snacks,https://cdn.mycart.pk/media/catalog/product/cache/1/small_image/200x/17f82f742ffe127f42dca9de82fb58b1/_/1/_15698.png,,,868
1921,Laziza Kheer Mix Economy Pack - 310gm,,310,,Bakery & Snacks,https://cdn.mycart.pk/media/catalog/product/cache/1/small_image/200x/17f82f742ffe127f42dca9de82fb58b1/_/0/_00937_1.jpg,,,871
1922,Laziza Jelly Falooda Mix - 235gm,,230,,Bakery & Snacks,https://cdn.mycart.pk/media/catalog/product/cache/1/small_image/200x/17f82f742ffe127f42dca9de82fb58b1/_/0/_04593_1.jpg,,,874
1923,Laziza Gulab Jamun Mix - 85gm,,230,,Bakery & Snacks,https://cdn.mycart.pk/media/catalog/product/cache/1/small_image/200x/17f82f742ffe127f42dca9de82fb58b1/_/0/_00917_1.jpg,,,877
1924,Laziza Gajar Kheer Mix - 150gm,,165,,Bakery & Snacks,https://cdn.mycart.pk/media/catalog/product/cache/1/small_image/200x/17f82f742ffe127f42dca9de82fb58b1/_/0/_00921_1.jpg,,,880
1925,Laziza Firni Khas Kewra - 150gm,,165,,Bakery & Snacks,https://cdn.mycart.pk/media/catalog/product/cache/1/small_image/200x/17f82f742ffe127f42dca9de82fb58b1/_/0/_00923_1.jpg,,,883
1926,Laziza Dry Fruit Kheer Mix - 160gm,,180,,Bakery & Snacks,https://cdn.mycart.pk/media/catalog/product/cache/1/small_image/200x/17f82f742ffe127f42dca9de82fb58b1/_/0/_03985_1.jpg,,,886
1927,Laziza Doodh Dullari Dessert Mix - 225gm,,230,,Bakery & Snacks,https://cdn.mycart.pk/media/catalog/product/cache/1/small_image/200x/17f82f742ffe127f42dca9de82fb58b1/_/0/_00939_1.jpg,,,889
1928,Laziza Almond Rasmalai Mix - 75gm,,230,,Bakery & Snacks,https://cdn.mycart.pk/media/catalog/product/cache/1/small_image/200x/17f82f742ffe127f42dca9de82fb58b1/_/0/_04589_1.jpg,,,892
1929,Laziza Almond and Saffron Kheer Mix - 155gm,,165,,Bakery & Snacks,https://cdn.mycart.pk/media/catalog/product/cache/1/small_image/200x/17f82f742ffe127f42dca9de82fb58b1/_/0/_05356_1.jpg,,,895
1930,Kit Kat Chocolate Chunky Mini - 250gm,,3200,,Bakery & Snacks,https://cdn.mycart.pk/media/catalog/product/cache/1/small_image/200x/17f82f742ffe127f42dca9de82fb58b1/k/i/kit_kat_chocolate_chunky_mini_250g.jpg,,,898
1931,Kit Kat Chocolate Chunky Hazelnut Cream - 42gm,,160,,Bakery & Snacks,https://cdn.mycart.pk/media/catalog/product/cache/1/small_image/200x/17f82f742ffe127f42dca9de82fb58b1/_/1/_14489.jpg,,,901
1932,Kit Kat Chocolate Chunky - 40gm,,250,,Bakery & Snacks,https://cdn.mycart.pk/media/catalog/product/cache/1/small_image/200x/17f82f742ffe127f42dca9de82fb58b1/k/i/kit_kat_chocolate_chunky_40g.jpg,,,904
1933,Kit Kat Chocolate 4 Finger - 41.5gm,,240,,Bakery & Snacks,https://cdn.mycart.pk/media/catalog/product/cache/1/small_image/200x/17f82f742ffe127f42dca9de82fb58b1/_/0/_05213.jpg,,,907
1934,Kit Kat Chocolate 4 Finger - 35gm,,260,,Bakery & Snacks,https://cdn.mycart.pk/media/catalog/product/cache/1/small_image/200x/17f82f742ffe127f42dca9de82fb58b1/2/0/20190827_115610.jpg,,,910
1935,Kit Kat Chocolate 2 Finger - 20.5gm,,140,,Bakery & Snacks,https://cdn.mycart.pk/media/catalog/product/cache/1/small_image/200x/17f82f742ffe127f42dca9de82fb58b1/k/i/kit_kat_chocolate_2_finger_20.5g.jpg,,,913
1936,Kit Kat Chocolate 2 Finger (Pack of 12) - 20.5gm,,725,,Bakery & Snacks,https://cdn.mycart.pk/media/catalog/product/cache/1/small_image/200x/17f82f742ffe127f42dca9de82fb58b1/d/s/dsc_0004_1.jpg,,,916
1937,Kernel Pop Popcorn Salt and Pepper (Pack of 3) - 270gm,,555,,Bakery & Snacks,https://cdn.mycart.pk/media/catalog/product/cache/1/small_image/200x/17f82f742ffe127f42dca9de82fb58b1/_/1/_15318_1.png,,,919
1938,Kernel Pop Popcorn Natural - 90gm,,220,,Bakery & Snacks,https://cdn.mycart.pk/media/catalog/product/cache/1/small_image/200x/17f82f742ffe127f42dca9de82fb58b1/1/0/1001669-1.png,,,922
1939,Kernel Pop Popcorn Natural (Pack of 3) - 270gm,,520,,Bakery & Snacks,https://cdn.mycart.pk/media/catalog/product/cache/1/small_image/200x/17f82f742ffe127f42dca9de82fb58b1/_/0/_04569_2.jpg,,,925
1940,Kernel Pop Popcorn Cheese - 90gm,,220,,Bakery & Snacks,https://cdn.mycart.pk/media/catalog/product/cache/1/small_image/200x/17f82f742ffe127f42dca9de82fb58b1/1/0/1002969-1.png,,,928
1941,Kernel Pop Popcorn Cheese (Pack of 3) - 270gm,,520,,Bakery & Snacks,https://cdn.mycart.pk/media/catalog/product/cache/1/small_image/200x/17f82f742ffe127f42dca9de82fb58b1/_/0/_04571_6.jpg,,,931
1942,Kernel Pop Popcorn Butter Blas (Pack of 3) - 270gm,,520,,Bakery & Snacks,https://cdn.mycart.pk/media/catalog/product/cache/1/small_image/200x/17f82f742ffe127f42dca9de82fb58b1/_/0/_04567_2.jpg,,,934
1943,Kernel Pop Popcorn Butter - 90gm,,220,,Bakery & Snacks,https://cdn.mycart.pk/media/catalog/product/cache/1/small_image/200x/17f82f742ffe127f42dca9de82fb58b1/4/5/45489b04f3937ea70e00218314ca6c05.jpg_720x720q80.png,,,937
1944,Jazaa Vermicelli - 150gm,,100,,Bakery & Snacks,https://cdn.mycart.pk/media/catalog/product/cache/1/small_image/200x/17f82f742ffe127f42dca9de82fb58b1/m/c/mcpbdld10058.jpg,,,940
1945,Hilal Super Sour Candy (Pack of 35),,100,,Bakery & Snacks,https://cdn.mycart.pk/media/catalog/product/cache/1/small_image/200x/17f82f742ffe127f42dca9de82fb58b1/_/0/_03915.jpg,,,943
1946,Hilal Peach Jelly (Pack of 24),,240,,Bakery & Snacks,https://cdn.mycart.pk/media/catalog/product/cache/1/small_image/200x/17f82f742ffe127f42dca9de82fb58b1/_/0/_09148_1.jpg,,,946
1947,Hilal Pan Pasand Candy (Pack of 35),,100,,Bakery & Snacks,https://cdn.mycart.pk/media/catalog/product/cache/1/small_image/200x/17f82f742ffe127f42dca9de82fb58b1/_/1/_10631.jpg,,,949
1948,Hilal Khopra Candy (Pack of 35),,100,,Bakery & Snacks,https://cdn.mycart.pk/media/catalog/product/cache/1/small_image/200x/17f82f742ffe127f42dca9de82fb58b1/_/1/_10628.jpg,,,952
1949,Hilal Jiggles - Pizza - (Pack of 24),,245,,Bakery & Snacks,https://cdn.mycart.pk/media/catalog/product/cache/1/small_image/200x/17f82f742ffe127f42dca9de82fb58b1/8/9/8961101780081_2.jpg,,,955
1950,Hilal Funny Teeth Jelly (Pack of 24),,240,,Bakery & Snacks,https://cdn.mycart.pk/media/catalog/product/cache/1/small_image/200x/17f82f742ffe127f42dca9de82fb58b1/_/0/_09150_1.jpg,,,958
1951,Hilal Fruits Jelly (Pack of 24),,240,,Bakery & Snacks,https://cdn.mycart.pk/media/catalog/product/cache/1/small_image/200x/17f82f742ffe127f42dca9de82fb58b1/_/0/_08851.gif,,,961
1952,Hilal Fruit Cup Kake (Pack of 12),,240,,Bakery & Snacks,https://cdn.mycart.pk/media/catalog/product/cache/1/small_image/200x/17f82f742ffe127f42dca9de82fb58b1/_/0/_09001.gif,,,964
1953,Hilal Fish Jelly (Pack of 24),,240,,Bakery & Snacks,https://cdn.mycart.pk/media/catalog/product/cache/1/small_image/200x/17f82f742ffe127f42dca9de82fb58b1/_/0/_08731.gif,,,967
1954,Hilal Egg Jelly (Pack of 24),,240,,Bakery & Snacks,https://cdn.mycart.pk/media/catalog/product/cache/1/small_image/200x/17f82f742ffe127f42dca9de82fb58b1/_/0/_08729.gif,,,970
1955,Hilal Cup Kake Plain (Pack of 6),,240,,Bakery & Snacks,https://cdn.mycart.pk/media/catalog/product/cache/1/small_image/200x/17f82f742ffe127f42dca9de82fb58b1/_/0/_0335466.jpg,,,973
1956,Hilal Choran Chatni Candy (Pack of 35),,100,,Bakery & Snacks,https://cdn.mycart.pk/media/catalog/product/cache/1/small_image/200x/17f82f742ffe127f42dca9de82fb58b1/_/1/_10626.jpg,,,976
1957,Hilal Candy Hajmola Imli (Pack of 35),,100,,Bakery & Snacks,https://cdn.mycart.pk/media/catalog/product/cache/1/small_image/200x/17f82f742ffe127f42dca9de82fb58b1/_/1/_10633.jpg,,,979
1958,Hilal Bake Time Slices Fruit - (Pack of 6),,240,,Bakery & Snacks,https://cdn.mycart.pk/media/catalog/product/cache/1/small_image/200x/17f82f742ffe127f42dca9de82fb58b1/8/9/8961100282784_2.jpg,,,982
1959,Hilal Aamrus Candy (Pack of 35),,100,,Bakery & Snacks,https://cdn.mycart.pk/media/catalog/product/cache/1/small_image/200x/17f82f742ffe127f42dca9de82fb58b1/_/0/_09111.gif,,,985
1960,Glaxose-D Instant Drink Powder - 100gm,,95,,Bakery & Snacks,https://cdn.mycart.pk/media/catalog/product/cache/1/small_image/200x/17f82f742ffe127f42dca9de82fb58b1/g/l/glaxose-d_instant_drink_100g_powder_1.jpg,,,988
1961,Fox's Mint Candy Pouch - 90gm,,380,,Bakery & Snacks,https://cdn.mycart.pk/media/catalog/product/cache/1/small_image/200x/17f82f742ffe127f42dca9de82fb58b1/_/0/_05247.jpg,,,991
1962,Fox's Fruits Candy Pouch - 90gm,,380,,Bakery & Snacks,https://cdn.mycart.pk/media/catalog/product/cache/1/small_image/200x/17f82f742ffe127f42dca9de82fb58b1/_/0/_05926.jpg,,,994
1963,Fox's Berries Candy Pouch - 90gm,,380,,Bakery & Snacks,https://cdn.mycart.pk/media/catalog/product/cache/1/small_image/200x/17f82f742ffe127f42dca9de82fb58b1/_/0/_05924.jpg,,,997
1964,Fennel (Saunf) - 250gm,,230,,Bakery & Snacks,https://cdn.mycart.pk/media/catalog/product/cache/1/small_image/200x/17f82f742ffe127f42dca9de82fb58b1/1/0/1016550-1.png,,,1000
1965,Energile Instant Drink Powder - 100gm,,95,,Bakery & Snacks,https://cdn.mycart.pk/media/catalog/product/cache/1/small_image/200x/17f82f742ffe127f42dca9de82fb58b1/e/n/energile-instant-glucose-energy.jpg,,,1003
1966,Dry Figs (Anjeer) - 250gm,,1050,,Bakery & Snacks,https://cdn.mycart.pk/media/catalog/product/cache/1/small_image/200x/17f82f742ffe127f42dca9de82fb58b1/a/n/anjeer-a-1.jpg,,,1006
1967,Dairy Milk Bubbly Milk Chocolate - 13.5gm,,30,,Bakery & Snacks,https://cdn.mycart.pk/media/catalog/product/cache/1/small_image/200x/17f82f742ffe127f42dca9de82fb58b1/_/0/_09055_1.gif,,,1009
1968,Comelle Condensed Milk - 397gm,,460,,Bakery & Snacks,https://cdn.mycart.pk/media/catalog/product/cache/1/small_image/200x/17f82f742ffe127f42dca9de82fb58b1/_/0/_07893.jpg,,,1012
1969,Coconut Whole (Khopra) - 100gm,,160,,Bakery & Snacks,https://cdn.mycart.pk/media/catalog/product/cache/1/small_image/200x/17f82f742ffe127f42dca9de82fb58b1/_/0/_09131_1.jpg,,,1015
1970,Coconut Powder - 250gm,,370,,Bakery & Snacks,https://cdn.mycart.pk/media/catalog/product/cache/1/small_image/200x/17f82f742ffe127f42dca9de82fb58b1/M/a/Mayv-CoconutPowder200GM.png,,,1018
1971,Coca Cola Can - 250ml,,120,,Bakery & Snacks,https://cdn.mycart.pk/media/catalog/product/cache/1/small_image/200x/17f82f742ffe127f42dca9de82fb58b1/c/o/coca_cola_drink_can_250ml.jpg,,,1021
1972,Candyland Mello Bar Strawberry Box - (Pack of 12),,240,,Bakery & Snacks,https://cdn.mycart.pk/media/catalog/product/cache/1/small_image/200x/17f82f742ffe127f42dca9de82fb58b1/8/9/8964001435563_1.jpg,,,1024
1973,Candyland Crown Mango Truffle Box - (Pack of 18),,350,,Bakery & Snacks,https://cdn.mycart.pk/media/catalog/product/cache/1/small_image/200x/17f82f742ffe127f42dca9de82fb58b1/8/9/8964001435716_1.jpg,,,1027
1974,Candyland Crown Hazelnut Truffle Box - (Pack of 18),,350,,Bakery & Snacks,https://cdn.mycart.pk/media/catalog/product/cache/1/small_image/200x/17f82f742ffe127f42dca9de82fb58b1/8/9/8964001435686_1.jpg,,,1030
1975,Candyland Crown Coconut Truffle Box - (Pack of 18),,350,,Bakery & Snacks,https://cdn.mycart.pk/media/catalog/product/cache/1/small_image/200x/17f82f742ffe127f42dca9de82fb58b1/8/9/8964001435730_1.jpg,,,1033
1976,Candyland Chili Mili Jelly Pouch (Pack of 18),,270,,Bakery & Snacks,https://cdn.mycart.pk/media/catalog/product/cache/1/small_image/200x/17f82f742ffe127f42dca9de82fb58b1/0/8/0870572004986_1.jpg,,,1036
1977,Candyland Chili Mili Jelly Party Pack,,50,,Bakery & Snacks,https://cdn.mycart.pk/media/catalog/product/cache/1/small_image/200x/17f82f742ffe127f42dca9de82fb58b1/8/9/8964001435372_1_1_1.jpg,,,1039
1978,Candyland Chili Mili Jelly Box (Pack of 24),,375,,Bakery & Snacks,https://cdn.mycart.pk/media/catalog/product/cache/1/small_image/200x/17f82f742ffe127f42dca9de82fb58b1/_/0/_09985.jpg,,,1042
1979,Cadbury Perk Chocolate (Pack of 24) - 12.5gm,,1200,,Bakery & Snacks,https://cdn.mycart.pk/media/catalog/product/cache/1/small_image/200x/17f82f742ffe127f42dca9de82fb58b1/c/a/cadbury_perk_chocolate_5.9g__pack_of_24_.jpg,,,1045
1980,Cadbury Dairy Milk Roasted Almond - 38gm,,160,,Bakery & Snacks,https://cdn.mycart.pk/media/catalog/product/cache/1/small_image/200x/17f82f742ffe127f42dca9de82fb58b1/2/0/20190212_111513.jpg,,,1048
1981,Cadbury Dairy Milk Mini Chocolate Bars - 160gm,,699,,Bakery & Snacks,https://cdn.mycart.pk/media/catalog/product/cache/1/small_image/200x/17f82f742ffe127f42dca9de82fb58b1/_/0/_08737.gif,,,1051
1982,Cadbury Dairy Milk Chocolate (Pack of 24) - 12.5gm,,1200,,Bakery & Snacks,https://cdn.mycart.pk/media/catalog/product/cache/1/small_image/200x/17f82f742ffe127f42dca9de82fb58b1/_/0/_08834.gif,,,1054
1983,Cadbury Dairy Milk Bubbly - 87gm,,245,,Bakery & Snacks,https://cdn.mycart.pk/media/catalog/product/cache/1/small_image/200x/17f82f742ffe127f42dca9de82fb58b1/_/0/_09059.gif,,,1057
1984,Cadbury Dairy Milk Bubbly - 40gm,,180,,Bakery & Snacks,https://cdn.mycart.pk/media/catalog/product/cache/1/small_image/200x/17f82f742ffe127f42dca9de82fb58b1/_/1/_10624.jpg,,,1060
1985,Cadbury Dairy Milk Bubbly - 20gm,,55,,Bakery & Snacks,https://cdn.mycart.pk/media/catalog/product/cache/1/small_image/200x/17f82f742ffe127f42dca9de82fb58b1/_/0/_09055.gif,,,1063
1986,Cadbury Dairy Milk - 38gm,,160,,Bakery & Snacks,https://cdn.mycart.pk/media/catalog/product/cache/1/small_image/200x/17f82f742ffe127f42dca9de82fb58b1/c/a/cadbury_dairy_milk_38g.jpg,,,1066
1987,Cadbury Dairy Milk - 37gm,,145,,Bakery & Snacks,https://cdn.mycart.pk/media/catalog/product/cache/1/small_image/200x/17f82f742ffe127f42dca9de82fb58b1/_/0/_09051.gif,,,1069
1988,Cadbury Dairy Milk - 10gm,,30,,Bakery & Snacks,https://cdn.mycart.pk/media/catalog/product/cache/1/small_image/200x/17f82f742ffe127f42dca9de82fb58b1/2/0/20190130_162612.jpg,,,1072
1989,Cadbury Cocoa Powder - 125gm,,965,,Bakery & Snacks,https://cdn.mycart.pk/media/catalog/product/cache/1/small_image/200x/17f82f742ffe127f42dca9de82fb58b1/_/1/_14756.png,,,1075
1990,Cadbury Chocolate Dairy Milk Mini Bars - 160gm,,695,,Bakery & Snacks,https://cdn.mycart.pk/media/catalog/product/cache/1/small_image/200x/17f82f742ffe127f42dca9de82fb58b1/7/6/7622210844323.jpg,,,1078
1991,Bisconni Rite Ticky Pack (Pack of 30),,175,,Bakery & Snacks,https://cdn.mycart.pk/media/catalog/product/cache/1/small_image/200x/17f82f742ffe127f42dca9de82fb58b1/_/0/_07788.jpg,,,1081
1992,Bisconni Rite Biscuits Half Roll (Pack of 6),,180,,Bakery & Snacks,https://cdn.mycart.pk/media/catalog/product/cache/1/small_image/200x/17f82f742ffe127f42dca9de82fb58b1/_/0/_07806.jpg,,,1084
1993,Bisconni Rite Biscuits (Pack of 12),,300,,Bakery & Snacks,https://cdn.mycart.pk/media/catalog/product/cache/1/small_image/200x/17f82f742ffe127f42dca9de82fb58b1/8/7/870572009622.jpg,,,1087
1994,Bisconni Novita Wafers Orange (Pack of 6),,180,,Bakery & Snacks,https://cdn.mycart.pk/media/catalog/product/cache/1/small_image/200x/17f82f742ffe127f42dca9de82fb58b1/_/0/_07800_1.jpg,,,1090
1995,Bisconni Novita Wafers Chocolate (Pack of 10),,260,,Bakery & Snacks,https://cdn.mycart.pk/media/catalog/product/cache/1/small_image/200x/17f82f742ffe127f42dca9de82fb58b1/_/0/_07790.jpg,,,1093
1996,Bisconni FLO Chocolate Coated Chocolate Cake (Pack of 12),,300,,Bakery & Snacks,https://cdn.mycart.pk/media/catalog/product/cache/1/small_image/200x/17f82f742ffe127f42dca9de82fb58b1/8/9/8964001072676.jpg,,,1096
1997,Bisconni Cocomo Pouch - 90gm,,50,,Bakery & Snacks,https://cdn.mycart.pk/media/catalog/product/cache/1/small_image/200x/17f82f742ffe127f42dca9de82fb58b1/8/7/870572001954.jpg,,,1099
1998,Bisconni Cocomo Pouch (Pack of 18) - 32gm,,160,,Bakery & Snacks,https://cdn.mycart.pk/media/catalog/product/cache/1/small_image/200x/17f82f742ffe127f42dca9de82fb58b1/_/0/_07786.jpg,,,1102
1999,Bisconni Chocolatto Half Roll (Pack of 8),,235,,Bakery & Snacks,https://cdn.mycart.pk/media/catalog/product/cache/1/small_image/200x/17f82f742ffe127f42dca9de82fb58b1/_/0/_07778_1.jpg,,,1105
2000,Baking Powder (Mitha Soda) - 100gm,,40,,Bakery & Snacks,https://cdn.mycart.pk/media/catalog/product/cache/1/small_image/200x/17f82f742ffe127f42dca9de82fb58b1/_/1/_10226.jpg,,,1108
2001,Bake Time Slices Plain (Pack of 6),,240,,Bakery & Snacks,https://cdn.mycart.pk/media/catalog/product/cache/1/small_image/200x/17f82f742ffe127f42dca9de82fb58b1/8/9/8961100282272_2.jpg,,,1111
2002,Bake Time Slices Marble (Pack of 6),,240,,Bakery & Snacks,https://cdn.mycart.pk/media/catalog/product/cache/1/small_image/200x/17f82f742ffe127f42dca9de82fb58b1/8/9/8961100287826_2.jpg,,,1114
2003,Bake Time Slices Chocolate (Pack of 12),,240,,Bakery & Snacks,https://cdn.mycart.pk/media/catalog/product/cache/1/small_image/200x/17f82f742ffe127f42dca9de82fb58b1/8/9/8961101780982_2.jpg,,,1117
2004,Bake Parlor Vermicelli U Shape - 200gm,,90,,Bakery & Snacks,https://cdn.mycart.pk/media/catalog/product/cache/1/small_image/200x/17f82f742ffe127f42dca9de82fb58b1/3/5/3570004726437.jpg,,,1120
2005,Bake Parlor Cut Vermicelli - 425gm,,175,,Bakery & Snacks,https://cdn.mycart.pk/media/catalog/product/cache/1/small_image/200x/17f82f742ffe127f42dca9de82fb58b1/_/0/_03637_2.jpg,,,1123
2006,Bake Parlor Color Vermicelli - 200gm,,80,,Bakery & Snacks,https://cdn.mycart.pk/media/catalog/product/cache/1/small_image/200x/17f82f742ffe127f42dca9de82fb58b1/_/0/_03649_2.jpg,,,1126
2007,Aseel Dates - 500gm,,320,,Bakery & Snacks,https://cdn.mycart.pk/media/catalog/product/cache/1/small_image/200x/17f82f742ffe127f42dca9de82fb58b1/g/r/grocerapp-aseel-dates-5ea3d63c2b0d8.jpg,,,1129
2008,Aseel Dates - 400gm,,250,,Bakery & Snacks,https://cdn.mycart.pk/media/catalog/product/cache/1/small_image/200x/17f82f742ffe127f42dca9de82fb58b1/a/s/aseeldates400gm.jpg,,,1132
2009,Aseel Dates - 200gm,,150,,Bakery & Snacks,https://cdn.mycart.pk/media/catalog/product/cache/1/small_image/200x/17f82f742ffe127f42dca9de82fb58b1/a/s/aseeldates200gm.jpg,,,1135
2010,Nuby Manual Breast Pump Set Softflex (2 in 1),,3847,,Baby & Kids,https://cdn.mycart.pk/media/catalog/product/cache/1/small_image/200x/17f82f742ffe127f42dca9de82fb58b1/0/4/048526720354.jpg,,,1138
2011,Nuby Bottle Drying Rack,,1702,,Baby & Kids,https://cdn.mycart.pk/media/catalog/product/cache/1/small_image/200x/17f82f742ffe127f42dca9de82fb58b1/6/1/61oak8zcefs._sl1000_.jpg,,,1141
2012,Nuby Crab Teether (3+m),,488,,Baby & Kids,https://cdn.mycart.pk/media/catalog/product/cache/1/small_image/200x/17f82f742ffe127f42dca9de82fb58b1/0/4/048526006748.jpg,,,1144
2013,Nuby Hot Safe Spoons (4+m),,389,,Baby & Kids,https://cdn.mycart.pk/media/catalog/product/cache/1/small_image/200x/17f82f742ffe127f42dca9de82fb58b1/0/4/048526052356.jpg,,,1147
2014,Nuby 4+ Years Insulated Sainless Steel Thermos - 360ml,,1968,,Baby & Kids,https://cdn.mycart.pk/media/catalog/product/cache/1/small_image/200x/17f82f742ffe127f42dca9de82fb58b1/4/3/43db9b985adb36b4e4dcd2cd8d1743e2.jpeg,,,1150
2015,Nuby 12+Months Insulated Sainless Steel Thermos - 280ml,,1968,,Baby & Kids,https://cdn.mycart.pk/media/catalog/product/cache/1/small_image/200x/17f82f742ffe127f42dca9de82fb58b1/4/3/430a4447b0217451b4f64d7f49d39b3f.jpeg,,,1153
2016,Nuby Long Handle Spoons (6+m),,513,,Baby & Kids,https://cdn.mycart.pk/media/catalog/product/cache/1/small_image/200x/17f82f742ffe127f42dca9de82fb58b1/5/1/519hqy_n6ml._sl1004_.jpg,,,1156
2017,O Life Letter Tray,,427,,Baby & Kids,https://cdn.mycart.pk/media/catalog/product/cache/1/small_image/200x/17f82f742ffe127f42dca9de82fb58b1/_/1/_15241.png,,,1159
2018,Nuby Lunch Set (6+m),,1474,,Baby & Kids,https://cdn.mycart.pk/media/catalog/product/cache/1/small_image/200x/17f82f742ffe127f42dca9de82fb58b1/0/4/048526054985.jpg,,,1162
2019,Telephone Index,,182,,Baby & Kids,https://cdn.mycart.pk/media/catalog/product/cache/1/small_image/200x/17f82f742ffe127f42dca9de82fb58b1/_/1/_13633.png,,,1165
2020,Nuby Silicone Teether (3+m),,419,,Baby & Kids,https://cdn.mycart.pk/media/catalog/product/cache/1/small_image/200x/17f82f742ffe127f42dca9de82fb58b1/0/4/048526006205_2.jpg,,,1168
2021,Nuby Replacement Nipple (3+m),,432,,Baby & Kids,https://cdn.mycart.pk/media/catalog/product/cache/1/small_image/200x/17f82f742ffe127f42dca9de82fb58b1/n/u/nuby_replacement_nipple_3_m_id-0016_.jpg,,,1171
2022,Nuby 18+Months No Spill Sport Sipper Bottle - 300ml,,439,,Baby & Kids,https://cdn.mycart.pk/media/catalog/product/cache/1/small_image/200x/17f82f742ffe127f42dca9de82fb58b1/0/4/048526012145.jpg,,,1174
2023,Nuby Garden Fresh Grinding Mill,,1277,,Baby & Kids,https://cdn.mycart.pk/media/catalog/product/cache/1/small_image/200x/17f82f742ffe127f42dca9de82fb58b1/0/4/048526054374.jpg,,,1177
2024,Nuby Bottle Drying Rack Holds 6 Bottles and 6 Nipples,,1208,,Baby & Kids,https://cdn.mycart.pk/media/catalog/product/cache/1/small_image/200x/17f82f742ffe127f42dca9de82fb58b1/7/1/71sybcnf7cl._sl1500_.jpg,,,1180
2025,Ibico Spiral Binding Ring 25mm (Pack of 25),,234,,Baby & Kids,https://cdn.mycart.pk/media/catalog/product/cache/1/small_image/200x/17f82f742ffe127f42dca9de82fb58b1/_/0/_08052_2.jpg,,,1183
2026,Nuby Bamboo and Maize Eco-Friendly (Pack of 2),,981,,Baby & Kids,https://cdn.mycart.pk/media/catalog/product/cache/1/small_image/200x/17f82f742ffe127f42dca9de82fb58b1/0/5/055005.jpg,,,1186
2027,Nuby Silicone Nipple (0+m) (Pack of 2),,207,,Baby & Kids,https://cdn.mycart.pk/media/catalog/product/cache/1/small_image/200x/17f82f742ffe127f42dca9de82fb58b1/0/4/048526009213.jpeg,,,1189
2028,Nuby Garden Fresh Fruits and Veggie Press,,932,,Baby & Kids,https://cdn.mycart.pk/media/catalog/product/cache/1/small_image/200x/17f82f742ffe127f42dca9de82fb58b1/n/u/nuby_garden_fresh_fruits_and_veggie_press_id-5436__1.jpg,,,1192
2029,Nuby Warming Plate (3+m),,833,,Baby & Kids,https://cdn.mycart.pk/media/catalog/product/cache/1/small_image/200x/17f82f742ffe127f42dca9de82fb58b1/7/1/71djz-4ad6l._sl1500_.jpg,,,1195
2030,Nuby Splash n Catch (18+m),,784,,Baby & Kids,https://cdn.mycart.pk/media/catalog/product/cache/1/small_image/200x/17f82f742ffe127f42dca9de82fb58b1/9/1/91wtdiyg1ql._sl1500_.jpg,,,1198
2031,Nuby Garden Fresh Ice Lollies,,784,,Baby & Kids,https://cdn.mycart.pk/media/catalog/product/cache/1/small_image/200x/17f82f742ffe127f42dca9de82fb58b1/0/4/048526054381.jpg,,,1201
2032,Nuby 2 Bowl (6+M),,735,,Baby & Kids,https://cdn.mycart.pk/media/catalog/product/cache/1/small_image/200x/17f82f742ffe127f42dca9de82fb58b1/0/4/048526055012.jpg,,,1204
2033,Nuby Velcro Pecifinder (0+m),,291,,Baby & Kids,https://cdn.mycart.pk/media/catalog/product/cache/1/small_image/200x/17f82f742ffe127f42dca9de82fb58b1/0/4/048526057993.jpg,,,1207
2034,Nuby 4+Months 3 in 1 Feeding Bowl With Masher - 300ml,,685,,Baby & Kids,https://cdn.mycart.pk/media/catalog/product/cache/1/small_image/200x/17f82f742ffe127f42dca9de82fb58b1/n/u/nuby_garden_fresh_fruits_and_veggie_press_id-5436_.jpg,,,1210
2035,Dany HDMI To DVI Computer Cable 1.5m,,208,,Baby & Kids,https://cdn.mycart.pk/media/catalog/product/cache/1/small_image/200x/17f82f742ffe127f42dca9de82fb58b1/d/a/dany-hdmi-to-dvi-computer-cable-1.png,,,1213
2036,Shield Wide Neck Silicone Nipple - (Pack of 2),,120,,Baby & Kids,https://cdn.mycart.pk/media/catalog/product/cache/1/small_image/200x/17f82f742ffe127f42dca9de82fb58b1/d/s/dsc_0701.jpg,,,1216
2037,Ibico Spiral Binding Ring 15mm (Pack of 50),,286,,Baby & Kids,https://cdn.mycart.pk/media/catalog/product/cache/1/small_image/200x/17f82f742ffe127f42dca9de82fb58b1/_/0/_08052.jpg,,,1219
2038,Anchor Carbonless Book (Bill Book) 100pages,,105,,Baby & Kids,https://cdn.mycart.pk/media/catalog/product/cache/1/small_image/200x/17f82f742ffe127f42dca9de82fb58b1/c/a/carbonless-triplicate-book-1x08-side_1.jpg,,,1222
2039,Nuby Bath Squirters Toys (4+m),,616,,Baby & Kids,https://cdn.mycart.pk/media/catalog/product/cache/1/small_image/200x/17f82f742ffe127f42dca9de82fb58b1/0/4/048526060221.jpeg,,,1225
2040,Ibico Spiral Binding Ring 8mm (Pack of 100),,263,,Baby & Kids,https://cdn.mycart.pk/media/catalog/product/cache/1/small_image/200x/17f82f742ffe127f42dca9de82fb58b1/s/p/spiral_16_mm_black-800x800.jpg,,,1228
2041,Nuby Dribblr Bip (0+m),,537,,Baby & Kids,https://cdn.mycart.pk/media/catalog/product/cache/1/small_image/200x/17f82f742ffe127f42dca9de82fb58b1/n/u/nuby_dribblr_bip_0_m_id4275_.jpg,,,1231
2042,Plastic Pocket A3 Sheet File,,319,,Baby & Kids,https://cdn.mycart.pk/media/catalog/product/cache/1/small_image/200x/17f82f742ffe127f42dca9de82fb58b1/m/c/mcp000001908.jpg,,,1234
2043,Separator File - (A to Z),,100,,Baby & Kids,https://cdn.mycart.pk/media/catalog/product/cache/1/small_image/200x/17f82f742ffe127f42dca9de82fb58b1/_/1/_12875.png,,,1237
2044,Nuby Suction Bowl and Spoon (3+m),,488,,Baby & Kids,https://cdn.mycart.pk/media/catalog/product/cache/1/small_image/200x/17f82f742ffe127f42dca9de82fb58b1/0/0/0006000_easy-go-suction-bowl-spoon_550.jpeg,,,1240
2045,Nuby Pacifinder (0+m),,488,,Baby & Kids,https://cdn.mycart.pk/media/catalog/product/cache/1/small_image/200x/17f82f742ffe127f42dca9de82fb58b1/p/t/ptru1-24328718enh-z6.jpg,,,1243
2046,Nuby 0+m Glass Nurser Bottle - 60ml,,478,,Baby & Kids,https://cdn.mycart.pk/media/catalog/product/cache/1/small_image/200x/17f82f742ffe127f42dca9de82fb58b1/i/t/item_xl_6734112_4352846.jpg,,,1246
2047,Nuby Spin N Teethe PlayFul Teether (3+m),,468,,Baby & Kids,https://cdn.mycart.pk/media/catalog/product/cache/1/small_image/200x/17f82f742ffe127f42dca9de82fb58b1/7/1/71_ilkbstkl._sl1500_.jpg,,,1249
2048,Nuby 0+Months Wide Neck Bottle - 180ml,,468,,Baby & Kids,https://cdn.mycart.pk/media/catalog/product/cache/1/small_image/200x/17f82f742ffe127f42dca9de82fb58b1/0/0/0006458_wide-neck-bottle-to-cup.jpeg,,,1252
2049,Nuby Replacement Nipple (0+m),,432,,Baby & Kids,https://cdn.mycart.pk/media/catalog/product/cache/1/small_image/200x/17f82f742ffe127f42dca9de82fb58b1/5/4/5414959029640.jpg,,,1255
2050,Nuby Soft Spout Sipping Bottle - 240ml,,419,,Baby & Kids,https://cdn.mycart.pk/media/catalog/product/cache/1/small_image/200x/17f82f742ffe127f42dca9de82fb58b1/0/4/048526100521.jpg,,,1258
2051,Nuby Dribblr Bip With Teether (3+m),,419,,Baby & Kids,https://cdn.mycart.pk/media/catalog/product/cache/1/small_image/200x/17f82f742ffe127f42dca9de82fb58b1/0/4/048526042906.jpg,,,1261
2052,Nuby Cutlery 2 Spoons and Forks (9+m),,419,,Baby & Kids,https://cdn.mycart.pk/media/catalog/product/cache/1/small_image/200x/17f82f742ffe127f42dca9de82fb58b1/0/4/048526054992.jpg,,,43
2053,Dany USB Cable (USB A Male to B Male Printer Cable) 5m,,125,,Baby & Kids,https://cdn.mycart.pk/media/catalog/product/cache/1/small_image/200x/17f82f742ffe127f42dca9de82fb58b1/d/a/dany_usb_cable_usb_a-male_to_b-male_printer_cable_5m_.jpg,,,46
2054,Nuby Bite Proof Cups Set (9+m),,389,,Baby & Kids,https://cdn.mycart.pk/media/catalog/product/cache/1/small_image/200x/17f82f742ffe127f42dca9de82fb58b1/9/1/911219.jpg,,,49
2055,Nuby Baby Nail Clipper,,389,,Baby & Kids,https://cdn.mycart.pk/media/catalog/product/cache/1/small_image/200x/17f82f742ffe127f42dca9de82fb58b1/_/s/_se_2228373135.jpg,,,52
2056,Dany USB Cable (USB A Male to B Male Printer Cable) 3m,,89,,Baby & Kids,https://cdn.mycart.pk/media/catalog/product/cache/1/small_image/200x/17f82f742ffe127f42dca9de82fb58b1/d/a/dany_usb_cable_usb_a-male_to_b-male_printer_cable_3m_.jpg,,,55
2057,Nuby Cup Set Wash Or Toss (9+m),,370,,Baby & Kids,https://cdn.mycart.pk/media/catalog/product/cache/1/small_image/200x/17f82f742ffe127f42dca9de82fb58b1/0/4/048526926091.jpg,,,58
2058,Nuby Milk Powder Dispenser (0+m),,340,,Baby & Kids,https://cdn.mycart.pk/media/catalog/product/cache/1/small_image/200x/17f82f742ffe127f42dca9de82fb58b1/n/u/nuby_milk_powder_dispenser_0_m_id-5305_.jpeg,,,61
2059,Nuby Breast Aid Nipple Shields,,340,,Baby & Kids,https://cdn.mycart.pk/media/catalog/product/cache/1/small_image/200x/17f82f742ffe127f42dca9de82fb58b1/0/4/048526677207.jpg,,,64
2060,Haoxiang Report Cover File A4 (Pack Of 10),,214,,Baby & Kids,https://cdn.mycart.pk/media/catalog/product/cache/1/small_image/200x/17f82f742ffe127f42dca9de82fb58b1/_/1/_10735.jpg,,,67
2061,Nuby First Teether (0+m),,320,,Baby & Kids,https://cdn.mycart.pk/media/catalog/product/cache/1/small_image/200x/17f82f742ffe127f42dca9de82fb58b1/0/4/048526006182.jpeg,,,70
2062,Ibico Spiral Binding Ring 10mm (Pack of 100),,263,,Baby & Kids,https://cdn.mycart.pk/media/catalog/product/cache/1/small_image/200x/17f82f742ffe127f42dca9de82fb58b1/_/0/_08052_1.jpg,,,73
2063,Nuby Paci Cradle for 2 Pacifiers (0+m),,291,,Baby & Kids,https://cdn.mycart.pk/media/catalog/product/cache/1/small_image/200x/17f82f742ffe127f42dca9de82fb58b1/6/1/61tave6tonl._sl1500_.jpg,,,76
2064,Nuby Medi-Nurser (0+m),,291,,Baby & Kids,https://cdn.mycart.pk/media/catalog/product/cache/1/small_image/200x/17f82f742ffe127f42dca9de82fb58b1/n/u/nuby_medi-nurser_0_m_id24172_.jpg,,,79
2065,Dany Fire-Wire 1394 (6/6 Pin) Computer Cable 1.5m,,286,,Baby & Kids,https://cdn.mycart.pk/media/catalog/product/cache/1/small_image/200x/17f82f742ffe127f42dca9de82fb58b1/d/a/dany_-_dany_fire-wire_1394_6.6_pin_computer_cable_1.5m.jpg,,,82
2066,Dany Stereo Cable (3.5mm Stereo Male-Female Cable) 1.5m,,38,,Baby & Kids,https://cdn.mycart.pk/media/catalog/product/cache/1/small_image/200x/17f82f742ffe127f42dca9de82fb58b1/d/a/dany_usb_cable_usb_a-male_to_b-male_printer_cable_5m__1_1_1.jpg,,,85
2067,Dany Audio Cable (2RCA to 2RCA) 1m,,38,,Baby & Kids,https://cdn.mycart.pk/media/catalog/product/cache/1/small_image/200x/17f82f742ffe127f42dca9de82fb58b1/d/a/dany_-_dany_audio_cable_2rca_to_2rca_1.5m_.jpg,,,88
2068,Nuby Nipple Cherry (6-18m),,241,,Baby & Kids,https://cdn.mycart.pk/media/catalog/product/cache/1/small_image/200x/17f82f742ffe127f42dca9de82fb58b1/0/4/048526988112.jpg,,,91
2069,Nuby Nipple Cherry (0-6m),,241,,Baby & Kids,https://cdn.mycart.pk/media/catalog/product/cache/1/small_image/200x/17f82f742ffe127f42dca9de82fb58b1/n/u/nuby_nipple_cherry_0-6m_id_5790_.jpg,,,94
2070,Nuby Bamboo and Maize Eco-Friendly Training Cup,,241,,Baby & Kids,https://cdn.mycart.pk/media/catalog/product/cache/1/small_image/200x/17f82f742ffe127f42dca9de82fb58b1/0/4/048526055029.jpg,,,97
2071,Nuby Oval Pacifier Teething Nubs (6-12m),,222,,Baby & Kids,https://cdn.mycart.pk/media/catalog/product/cache/1/small_image/200x/17f82f742ffe127f42dca9de82fb58b1/2/c/2c2c7f6ca8b89259589c040cbc58a663_1.jpeg,,,100
2072,Nuby Oval Pacifier Teething Nubs (0-6m),,222,,Baby & Kids,https://cdn.mycart.pk/media/catalog/product/cache/1/small_image/200x/17f82f742ffe127f42dca9de82fb58b1/2/c/2c2c7f6ca8b89259589c040cbc58a663.jpeg,,,103
2073,Envelope Brown 9x4 (Pack of 50),,122,,Baby & Kids,https://cdn.mycart.pk/media/catalog/product/cache/1/small_image/200x/17f82f742ffe127f42dca9de82fb58b1/_/0/_09200_1.jpg,,,106
2074,Haoxiang Hanging File FC Without Clip,,33,,Baby & Kids,https://cdn.mycart.pk/media/catalog/product/cache/1/small_image/200x/17f82f742ffe127f42dca9de82fb58b1/6/9/6940607902243.jpg,,,109
2075,Post-It Pad With Holder (Assorted Colour),,164,,Baby & Kids,https://cdn.mycart.pk/media/catalog/product/cache/1/small_image/200x/17f82f742ffe127f42dca9de82fb58b1/d/s/dsc_0882.png,,,112
2076,Lancer Stamp Pad 7x11cm (Red),,42.59,,Baby & Kids,https://cdn.mycart.pk/media/catalog/product/cache/1/small_image/200x/17f82f742ffe127f42dca9de82fb58b1/_/0/_07269.jpg,,,115
2077,Lancer Stamp Pad 7x11cm (Blue),,43,,Baby & Kids,https://cdn.mycart.pk/media/catalog/product/cache/1/small_image/200x/17f82f742ffe127f42dca9de82fb58b1/_/0/_07271.jpg,,,118
2078,Dany USB Cable (USB A Male to Mini B 4Pin D Type Cable) 1.5m,,83,,Baby & Kids,https://cdn.mycart.pk/media/catalog/product/cache/1/small_image/200x/17f82f742ffe127f42dca9de82fb58b1/d/a/dany_usb_cable_usb_a-male_to_mini-b_4-pin_d-type_cable_1.5m_.jpg,,,121
2079,File Divider Brown (Pack Of 100),,106,,Baby & Kids,https://cdn.mycart.pk/media/catalog/product/cache/1/small_image/200x/17f82f742ffe127f42dca9de82fb58b1/_/1/_11169.jpg,,,124
2080,Dany Fire-Wire 1394 (6/4 Pin) Computer Cable 1.5m,,74,,Baby & Kids,https://cdn.mycart.pk/media/catalog/product/cache/1/small_image/200x/17f82f742ffe127f42dca9de82fb58b1/d/a/dany_fire-wire_1394_64_pin_computer_cable_1.5m.jpg,,,127
2081,Three Flower Gem Clips (Pack of 50) - 52mm,,100,,Baby & Kids,https://cdn.mycart.pk/media/catalog/product/cache/1/small_image/200x/17f82f742ffe127f42dca9de82fb58b1/_/1/_10724.jpg,,,130
2082,Dollar Ink Green - 30ml,,9,,Baby & Kids,https://cdn.mycart.pk/media/catalog/product/cache/1/small_image/200x/17f82f742ffe127f42dca9de82fb58b1/_/0/_07311.jpg,,,133
2083,Dollar Ink Green - 60ml,,16,,Baby & Kids,https://cdn.mycart.pk/media/catalog/product/cache/1/small_image/200x/17f82f742ffe127f42dca9de82fb58b1/_/0/_07124.jpg,,,136
2084,Dany Fire-Wire 1394 (6/6 Pin) Computer Cable 1.5m,,74,,Baby & Kids,https://cdn.mycart.pk/media/catalog/product/cache/1/small_image/200x/17f82f742ffe127f42dca9de82fb58b1/d/a/dany_-_dany_fire-wire_1394_6.6_pin_computer_cable_1.5m_1.jpg,,,139
2085,Crystal Stamp Pad Red Ink,,20,,Baby & Kids,https://cdn.mycart.pk/media/catalog/product/cache/1/small_image/200x/17f82f742ffe127f42dca9de82fb58b1/_/0/_019502.jpg,,,142
2086,Vehicle Log Book - 100 pages,,123,,Baby & Kids,https://cdn.mycart.pk/media/catalog/product/cache/1/small_image/200x/17f82f742ffe127f42dca9de82fb58b1/d/s/dsc_0886_1.png,,,145
2087,White Double Side Tape 1inch,,110,,Baby & Kids,https://cdn.mycart.pk/media/catalog/product/cache/1/small_image/200x/17f82f742ffe127f42dca9de82fb58b1/_/1/_13860.png,,,148
2088,Uni-ball Signo Red Gel Ink Pen - 0.7mm,,140,,Baby & Kids,https://cdn.mycart.pk/media/catalog/product/cache/1/small_image/200x/17f82f742ffe127f42dca9de82fb58b1/4/0/4012700050793.jpg,,,151
2089,Uni-ball Signo Green Gel Ink Pen - 0.7mm,,140,,Baby & Kids,https://cdn.mycart.pk/media/catalog/product/cache/1/small_image/200x/17f82f742ffe127f42dca9de82fb58b1/4/9/4902778781272.jpg,,,154
2090,Uni-ball Signo Blue Gel Ink Pen - 0.7mm,,140,,Baby & Kids,https://cdn.mycart.pk/media/catalog/product/cache/1/small_image/200x/17f82f742ffe127f42dca9de82fb58b1/4/9/4902778781265.jpg,,,157
2091,UHU Glue Stic - 8.2gm,,360,,Baby & Kids,https://cdn.mycart.pk/media/catalog/product/cache/1/small_image/200x/17f82f742ffe127f42dca9de82fb58b1/_/0/_019578.jpg,,,160
2092,UHU Glue Stic - 40gm,,630,,Baby & Kids,https://cdn.mycart.pk/media/catalog/product/cache/1/small_image/200x/17f82f742ffe127f42dca9de82fb58b1/_/0/_019573.jpg,,,163
2093,UHU Glue Stic - 21gm,,435,,Baby & Kids,https://cdn.mycart.pk/media/catalog/product/cache/1/small_image/200x/17f82f742ffe127f42dca9de82fb58b1/_/0/_019575.jpg,,,166
2094,UHU All Purpose Adhesive Tube No.6 - 60ml,,485,,Baby & Kids,https://cdn.mycart.pk/media/catalog/product/cache/1/small_image/200x/17f82f742ffe127f42dca9de82fb58b1/_/0/_09210_1.jpg,,,169
2095,UHU All Purpose Adhesive Tube No.14 - 125ml,,790,,Baby & Kids,https://cdn.mycart.pk/media/catalog/product/cache/1/small_image/200x/17f82f742ffe127f42dca9de82fb58b1/_/0/_09206_1.jpg,,,172
2096,UHU Adhesive No.13 - 35ml,,320,,Baby & Kids,https://cdn.mycart.pk/media/catalog/product/cache/1/small_image/200x/17f82f742ffe127f42dca9de82fb58b1/_/0/_09208_1.jpg,,,175
2097,UHU Adhesive No.12 - 20ml,,220,,Baby & Kids,https://cdn.mycart.pk/media/catalog/product/cache/1/small_image/200x/17f82f742ffe127f42dca9de82fb58b1/_/0/_09212_1.jpg,,,178
2098,Transparent Scotch Tape - 1inch,,80,,Baby & Kids,https://cdn.mycart.pk/media/catalog/product/cache/1/small_image/200x/17f82f742ffe127f42dca9de82fb58b1/_/1/_12830.png,,,181
2099,Steel Scale -12 inch,,110,,Baby & Kids,https://cdn.mycart.pk/media/catalog/product/cache/1/small_image/200x/17f82f742ffe127f42dca9de82fb58b1/_/0/_08495.jpg,,,184
2100,Small Writing Pad,,50,,Baby & Kids,https://cdn.mycart.pk/media/catalog/product/cache/1/small_image/200x/17f82f742ffe127f42dca9de82fb58b1/_/0/_09610.jpg,,,187
2101,Similac Total Comfort-3 (1-3 years) - 360gm,,3350,,Baby & Kids,https://cdn.mycart.pk/media/catalog/product/cache/1/small_image/200x/17f82f742ffe127f42dca9de82fb58b1/8/4/8427030005454.jpg,,,190
2102,Similac Total Comfort-2 (6-12 Months) - 360gm,,2945,,Baby & Kids,https://cdn.mycart.pk/media/catalog/product/cache/1/small_image/200x/17f82f742ffe127f42dca9de82fb58b1/8/4/8427030005447.jpg,,,193
2103,Similac Total Comfort-1 (0-6 Months) - 360gm,,2945,,Baby & Kids,https://cdn.mycart.pk/media/catalog/product/cache/1/small_image/200x/17f82f742ffe127f42dca9de82fb58b1/8/4/8427030005430.jpg,,,196
2104,Similac NeoSure (0-12 Months) - 370gm,,3600,,Baby & Kids,https://cdn.mycart.pk/media/catalog/product/cache/1/small_image/200x/17f82f742ffe127f42dca9de82fb58b1/8/4/8427030005676.jpg,,,199
2105,Similac 2 follow-up formula (6 months onward) - 400gm,,2865,,Baby & Kids,https://cdn.mycart.pk/media/catalog/product/cache/1/small_image/200x/17f82f742ffe127f42dca9de82fb58b1/5/3/5391523052528.jpg,,,202
2106,Similac 1 Infant Formula (0-6 Months) - 400gm,,2945,,Baby & Kids,https://cdn.mycart.pk/media/catalog/product/cache/1/small_image/200x/17f82f742ffe127f42dca9de82fb58b1/5/3/5391523052511.jpg,,,205
2107,Shield Wide Neck Feeding Bottle - 260ml,,860,,Baby & Kids,https://cdn.mycart.pk/media/catalog/product/cache/1/small_image/200x/17f82f742ffe127f42dca9de82fb58b1/8/9/8964001492269.jpg,,,208
2108,Shield Wide Neck Feeding Bottle - 180ml,,690,,Baby & Kids,https://cdn.mycart.pk/media/catalog/product/cache/1/small_image/200x/17f82f742ffe127f42dca9de82fb58b1/s/h/shield_-_shield_wide_neck_feeding_bottle_-_180ml.jpg,,,211
2109,Shield Teether,,115,,Baby & Kids,https://cdn.mycart.pk/media/catalog/product/cache/1/small_image/200x/17f82f742ffe127f42dca9de82fb58b1/5/1/5110001600095.jpg,,,214
2110,Shield Non-Spill Training Cup,,270,,Baby & Kids,https://cdn.mycart.pk/media/catalog/product/cache/1/small_image/200x/17f82f742ffe127f42dca9de82fb58b1/s/h/shield_-_shield_non-spill_training_cup.jpg,,,217
2111,Shield Feeding Bottle - 130ml,,280,,Baby & Kids,https://cdn.mycart.pk/media/catalog/product/cache/1/small_image/200x/17f82f742ffe127f42dca9de82fb58b1/s/h/shield_-_shield_feeding_bottle_-_130ml.jpg,,,220
2112,"Searle Prep-Up Wheat, Milk and Honey Baby Cereal (6+months) - 175gm",,550,,Baby & Kids,https://cdn.mycart.pk/media/catalog/product/cache/1/small_image/200x/17f82f742ffe127f42dca9de82fb58b1/s/e/searle_prep-up_wheat_milk___honey_baby_cereal_6_months_-_175g_-_copy.jpg,,,223
2113,"Searle Prep-Up Wheat, Milk and Fruits Baby Cereal (6+ Months) - 175gm",,550,,Baby & Kids,https://cdn.mycart.pk/media/catalog/product/cache/1/small_image/200x/17f82f742ffe127f42dca9de82fb58b1/s/e/searle_prep-up_wheat_-_milk___fruits_baby_cereal_175g.jpg,,,226
2114,Searle Prep-Up Wheat and Milk Baby Cereal (6+months) - 175gm,,550,,Baby & Kids,https://cdn.mycart.pk/media/catalog/product/cache/1/small_image/200x/17f82f742ffe127f42dca9de82fb58b1/s/e/searle_prep-up_wheat___milk_baby_cereal_6_months_-_175g.jpg,,,229
2115,Searle Prep-Up Rice Baby Cereal (6 Months) - 175gm,,550,,Baby & Kids,https://cdn.mycart.pk/media/catalog/product/cache/1/small_image/200x/17f82f742ffe127f42dca9de82fb58b1/s/e/searle_prep-up_rice_baby_cereal_6_months_-_175g.jpg,,,232
2116,Searle Prep-Up Rice and Milk Baby Cereal (6+ Months) - 175gm,,550,,Baby & Kids,https://cdn.mycart.pk/media/catalog/product/cache/1/small_image/200x/17f82f742ffe127f42dca9de82fb58b1/s/e/searle_prep-up_rice___milk_baby_cereal_6_months_-_175g.jpg,,,235
2117,Register (500 Pages),,445,,Baby & Kids,https://cdn.mycart.pk/media/catalog/product/cache/1/small_image/200x/17f82f742ffe127f42dca9de82fb58b1/_/1/_13610.png,,,238
2118,Register (300 Pages),,370,,Baby & Kids,https://cdn.mycart.pk/media/catalog/product/cache/1/small_image/200x/17f82f742ffe127f42dca9de82fb58b1/_/1/_13608.png,,,241
2119,Register (120 Pages),,180,,Baby & Kids,https://cdn.mycart.pk/media/catalog/product/cache/1/small_image/200x/17f82f742ffe127f42dca9de82fb58b1/_/1/_13519.png,,,244
2120,Push Pin (Thumb Pin),,85,,Baby & Kids,https://cdn.mycart.pk/media/catalog/product/cache/1/small_image/200x/17f82f742ffe127f42dca9de82fb58b1/_/0/_08049_1.jpg,,,247
2121,Polo Two Hole Punch Machine A-60,,360,,Baby & Kids,https://cdn.mycart.pk/media/catalog/product/cache/1/small_image/200x/17f82f742ffe127f42dca9de82fb58b1/2/0/20190211_135528_1_1.jpg,,,250
2122,Polo Stapler Pin 24/6 No.3-1M,,80,,Baby & Kids,https://cdn.mycart.pk/media/catalog/product/cache/1/small_image/200x/17f82f742ffe127f42dca9de82fb58b1/m/c/mcp000001045.jpg,,,253
2123,Polo Rubber Band - 0.75 inch,,285,,Baby & Kids,https://cdn.mycart.pk/media/catalog/product/cache/1/small_image/200x/17f82f742ffe127f42dca9de82fb58b1/_/1/_15592.png,,,256
2124,Polo Paper Clip (Pack Of 100) - 36mm,,80,,Baby & Kids,https://cdn.mycart.pk/media/catalog/product/cache/1/small_image/200x/17f82f742ffe127f42dca9de82fb58b1/_/1/_13859.jpg,,,259
2125,Polo Knife Cutter Small,,95,,Baby & Kids,https://cdn.mycart.pk/media/catalog/product/cache/1/small_image/200x/17f82f742ffe127f42dca9de82fb58b1/8/7/8711197422248.JPG,,,262
2126,Polo Gem Clip (Pack of 100) - 50mm,,46,,Baby & Kids,https://cdn.mycart.pk/media/catalog/product/cache/1/small_image/200x/17f82f742ffe127f42dca9de82fb58b1/_/0/_08077.jpg,,,265
2127,Polo Gem Clip (Pack of 100) - 36mm,,80,,Baby & Kids,https://cdn.mycart.pk/media/catalog/product/cache/1/small_image/200x/17f82f742ffe127f42dca9de82fb58b1/_/0/_08075.jpg,,,268
2128,Polo Gem Clip (Pack Of 100) - 26mm,,70,,Baby & Kids,https://cdn.mycart.pk/media/catalog/product/cache/1/small_image/200x/17f82f742ffe127f42dca9de82fb58b1/_/0/_08076.jpg,,,271
2129,Plastic Thick Slide Bar File,,60,,Baby & Kids,https://cdn.mycart.pk/media/catalog/product/cache/1/small_image/200x/17f82f742ffe127f42dca9de82fb58b1/_/1/_14434.png,,,274
2130,Plastic Assorted Colour Slide Bar File,,50,,Baby & Kids,https://cdn.mycart.pk/media/catalog/product/cache/1/small_image/200x/17f82f742ffe127f42dca9de82fb58b1/_/0/_08251.jpg,,,277
2131,Plastic Assorted Color TT File A4 (A-320),,75,,Baby & Kids,https://cdn.mycart.pk/media/catalog/product/cache/1/small_image/200x/17f82f742ffe127f42dca9de82fb58b1/_/0/_08054.jpg,,,280
2132,Pigeon Weaning Bottle With Spoon D-329,,890,,Baby & Kids,https://cdn.mycart.pk/media/catalog/product/cache/1/small_image/200x/17f82f742ffe127f42dca9de82fb58b1/d/s/dsc_0943.png,,,283
2133,Pigeon Weaning Bottle With Spoon D-328,,810,,Baby & Kids,https://cdn.mycart.pk/media/catalog/product/cache/1/small_image/200x/17f82f742ffe127f42dca9de82fb58b1/d/s/dsc_0945.png,,,286
2134,Pigeon Soft Touch Feeding Bottle 3+ Months (Pack of 2) - 240ml,,4400,,Baby & Kids,https://cdn.mycart.pk/media/catalog/product/cache/1/small_image/200x/17f82f742ffe127f42dca9de82fb58b1/_/1/_13305.png,,,289
2135,Pigeon Soft touch Feeding Bottle (3+ Months) - 240ml,,2840,,Baby & Kids,https://cdn.mycart.pk/media/catalog/product/cache/1/small_image/200x/17f82f742ffe127f42dca9de82fb58b1/_/1/_13104.png,,,292
2136,Pigeon Soft Touch Feeding Bottle (3+ Months) - 240ml,,2840,,Baby & Kids,https://cdn.mycart.pk/media/catalog/product/cache/1/small_image/200x/17f82f742ffe127f42dca9de82fb58b1/_/1/_13108.png,,,295
2137,Pigeon Silicone Nipple Standard Neck,,1000,,Baby & Kids,https://cdn.mycart.pk/media/catalog/product/cache/1/small_image/200x/17f82f742ffe127f42dca9de82fb58b1/_/1/_13214.png,,,298
2138,Pigeon Silicone Nipple B-831 (Pack of 2),,1100,,Baby & Kids,https://cdn.mycart.pk/media/catalog/product/cache/1/small_image/200x/17f82f742ffe127f42dca9de82fb58b1/_/1/_13232.png,,,301
2139,Pigeon Silicone Nipple B-830 (Pack Of 2),,1100,,Baby & Kids,https://cdn.mycart.pk/media/catalog/product/cache/1/small_image/200x/17f82f742ffe127f42dca9de82fb58b1/_/1/_13208.png,,,304
2140,Pigeon Peristaltic Plus Nursing Feeding Bottle 0+ Month - 160ml,,3260,,Baby & Kids,https://cdn.mycart.pk/media/catalog/product/cache/1/small_image/200x/17f82f742ffe127f42dca9de82fb58b1/_/1/_13337.png,,,307
2141,Pigeon Peristaltic Plus Nursing Bottle 0+ Month - 160ml,,32,,Baby & Kids,https://cdn.mycart.pk/media/catalog/product/cache/1/small_image/200x/17f82f742ffe127f42dca9de82fb58b1/_/1/_13335.png,,,310
2142,Pigeon Peristaltic Nipple Feeding Bottle 4.5+ Months - 240ml,,3100,,Baby & Kids,https://cdn.mycart.pk/media/catalog/product/cache/1/small_image/200x/17f82f742ffe127f42dca9de82fb58b1/_/1/_13345.png,,,313
2143,Pigeon Peristaltic Nipple Bottle 4.5+ Months - 240ml,,3200,,Baby & Kids,https://cdn.mycart.pk/media/catalog/product/cache/1/small_image/200x/17f82f742ffe127f42dca9de82fb58b1/_/1/_13358.png,,,316
2144,Pigeon Juice Feeder - 50ml,,1200,,Baby & Kids,https://cdn.mycart.pk/media/catalog/product/cache/1/small_image/200x/17f82f742ffe127f42dca9de82fb58b1/_/1/_13160.png,,,319
2145,Pigeon Feeding Bottle 3 Months - 240ml,,3300,,Baby & Kids,https://cdn.mycart.pk/media/catalog/product/cache/1/small_image/200x/17f82f742ffe127f42dca9de82fb58b1/_/1/_13162.png,,,322
2146,Pigeon Feeding Bottle - 160ml,,2500,,Baby & Kids,https://cdn.mycart.pk/media/catalog/product/cache/1/small_image/200x/17f82f742ffe127f42dca9de82fb58b1/_/1/_13172.png,,,325
2147,Pigeon Cotton Swabs (Pack of 200),,880,,Baby & Kids,https://cdn.mycart.pk/media/catalog/product/cache/1/small_image/200x/17f82f742ffe127f42dca9de82fb58b1/_/1/_13148.png,,,328
2148,Pigeon Cooling Teether,,800,,Baby & Kids,https://cdn.mycart.pk/media/catalog/product/cache/1/small_image/200x/17f82f742ffe127f42dca9de82fb58b1/_/1/_13194.png,,,331
2149,Pigeon Calming Medium Soother,,610,,Baby & Kids,https://cdn.mycart.pk/media/catalog/product/cache/1/small_image/200x/17f82f742ffe127f42dca9de82fb58b1/_/1/_13212.png,,,334
2150,Pigeon Bottle and Nipple Brush 2 Effective way,,1070,,Baby & Kids,https://cdn.mycart.pk/media/catalog/product/cache/1/small_image/200x/17f82f742ffe127f42dca9de82fb58b1/d/s/dsc_0746.png,,,337
2151,Pigeon Bottle and Nipple Brush (Rotary Clean),,1020,,Baby & Kids,https://cdn.mycart.pk/media/catalog/product/cache/1/small_image/200x/17f82f742ffe127f42dca9de82fb58b1/p/i/pigeon_bottle___nipple_brush_rotary_clean_.jpg,,,340
2152,Pigeon Baby Spoon and Fork Set (Pack of 3),,940,,Baby & Kids,https://cdn.mycart.pk/media/catalog/product/cache/1/small_image/200x/17f82f742ffe127f42dca9de82fb58b1/_/1/_13218.png,,,343
2153,Piano Red Ball Pen Point (Pack of 10) - 0.8mm,,220,,Baby & Kids,https://cdn.mycart.pk/media/catalog/product/cache/1/small_image/200x/17f82f742ffe127f42dca9de82fb58b1/_/0/_08201.jpg,,,346
2154,Piano Hi-lite Yellow (Pack of 12),,750,,Baby & Kids,https://cdn.mycart.pk/media/catalog/product/cache/1/small_image/200x/17f82f742ffe127f42dca9de82fb58b1/_/0/_07912.jpg,,,349
2155,Piano Blue Ball Pen Point (Pack of 10) - 0.8mm,,220,,Baby & Kids,https://cdn.mycart.pk/media/catalog/product/cache/1/small_image/200x/17f82f742ffe127f42dca9de82fb58b1/_/1/_12855.png,,,352
2156,Piano Black Ball Pen Point (Pack of 10) - 0.8mm,,220,,Baby & Kids,https://cdn.mycart.pk/media/catalog/product/cache/1/small_image/200x/17f82f742ffe127f42dca9de82fb58b1/_/0/_08202.jpg,,,355
2157,Pen Holder Metal,,250,,Baby & Kids,https://cdn.mycart.pk/media/catalog/product/cache/1/small_image/200x/17f82f742ffe127f42dca9de82fb58b1/_/0/_08036.jpg,,,358
2158,Pediasure Vanilla Complete Milk Powder - 400gm,,3600,,Baby & Kids,https://cdn.mycart.pk/media/catalog/product/cache/1/small_image/200x/17f82f742ffe127f42dca9de82fb58b1/p/e/pediasure_-_pediasure_vanilla_complete_milk_powder_400g.jpg,,,361
2159,Pediasure Strawberry Complete Milk (2-10 Years) - 400gm,,3600,,Baby & Kids,https://cdn.mycart.pk/media/catalog/product/cache/1/small_image/200x/17f82f742ffe127f42dca9de82fb58b1/p/e/pediasure_complete_strawberry_2-10_years_-_400g.jpg,,,364
2160,Pediasure Complete Vanilla Milk Powder - 850gm,,7190,,Baby & Kids,https://cdn.mycart.pk/media/catalog/product/cache/1/small_image/200x/17f82f742ffe127f42dca9de82fb58b1/p/e/pediasure_-_pediasure_classic_vanilla_complete_powder_milk_850g.jpg,,,367
2161,Pediasure Chocolate Complete Milk (2-10 Years) - 400gm,,3600,,Baby & Kids,https://cdn.mycart.pk/media/catalog/product/cache/1/small_image/200x/17f82f742ffe127f42dca9de82fb58b1/p/e/pediasure_complete_milk_chocolate_2-10_years_-_400g.jpg,,,370
2162,Papia 3 Ply Box Facial Tissue (300 Sheets),,500,,Baby & Kids,https://cdn.mycart.pk/media/catalog/product/cache/1/small_image/200x/17f82f742ffe127f42dca9de82fb58b1/6/2/6224007974995_1.jpg,,,373
2163,Papia 2 Ply Polythene Perfumed Facial Tissues (550 Sheets),,675,,Baby & Kids,https://cdn.mycart.pk/media/catalog/product/cache/1/small_image/200x/17f82f742ffe127f42dca9de82fb58b1/6/2/6224007974698_1.jpg,,,376
2164,Papia 2 Ply Polythene Facial Tissue 550 Sheets,,675,,Baby & Kids,https://cdn.mycart.pk/media/catalog/product/cache/1/small_image/200x/17f82f742ffe127f42dca9de82fb58b1/6/2/6224007974681_1.jpg,,,379
2165,Paper Tray Metal Net 3 Storey,,2200,,Baby & Kids,https://cdn.mycart.pk/media/catalog/product/cache/1/small_image/200x/17f82f742ffe127f42dca9de82fb58b1/_/0/_08029.jpg,,,382
2166,Pampers Baby Dry Junior 11 To 25kg - 15Pcs,,2300,,Baby & Kids,https://cdn.mycart.pk/media/catalog/product/cache/1/small_image/200x/17f82f742ffe127f42dca9de82fb58b1/8/0/8001090251442_1.jpg,,,385
2167,Nestle PreNan (for Premature Infants) - 400gm,,2640,,Baby & Kids,https://cdn.mycart.pk/media/catalog/product/cache/1/small_image/200x/17f82f742ffe127f42dca9de82fb58b1/7/6/7613031932368_2_.png,,,388
2168,Nestle NIDO Fortigrow (For School Children) - 900gm,,2550,,Baby & Kids,https://cdn.mycart.pk/media/catalog/product/cache/1/small_image/200x/17f82f742ffe127f42dca9de82fb58b1/8/9/8961008210810_1.jpg,,,391
2169,Nestle NIDO Fortified Pouch - 390gm,,1195,,Baby & Kids,https://cdn.mycart.pk/media/catalog/product/cache/1/small_image/200x/17f82f742ffe127f42dca9de82fb58b1/n/e/nestl_nido_fortified_390g_pouch_.png,,,394
2170,Nestle Nido 3+ Tin - 1.8kg,,9900,,Baby & Kids,https://cdn.mycart.pk/media/catalog/product/cache/1/small_image/200x/17f82f742ffe127f42dca9de82fb58b1/9/5/9556001013835.jpg,,,397
2171,Nestle Nido 3+ Growing Up Formula - 800gm,,2610,,Baby & Kids,https://cdn.mycart.pk/media/catalog/product/cache/1/small_image/200x/17f82f742ffe127f42dca9de82fb58b1/8/9/8961008211923.jpg,,,400
2172,Nestle Nido 3+ Box - 375gm,,1150,,Baby & Kids,https://cdn.mycart.pk/media/catalog/product/cache/1/small_image/200x/17f82f742ffe127f42dca9de82fb58b1/8/9/8961008211916_2.jpg,,,403
2173,Nestle Nido 1+ Tin - 1.8kg,,9900,,Baby & Kids,https://cdn.mycart.pk/media/catalog/product/cache/1/small_image/200x/17f82f742ffe127f42dca9de82fb58b1/7/6/7616100759330.jpg,,,406
2174,Nestle Nido 1+ Box - 800gm,,2800,,Baby & Kids,https://cdn.mycart.pk/media/catalog/product/cache/1/small_image/200x/17f82f742ffe127f42dca9de82fb58b1/8/9/8961008211893.jpg,,,409
2175,Nestle Nido 1+ Box - 375gm,,1150,,Baby & Kids,https://cdn.mycart.pk/media/catalog/product/cache/1/small_image/200x/17f82f742ffe127f42dca9de82fb58b1/8/9/8961008211909_1.jpg,,,412
2176,Nestle NanGrow Optipro 3 Growing-up Formula (1 Year Onwards) - 400gm,,2780,,Baby & Kids,https://cdn.mycart.pk/media/catalog/product/cache/1/small_image/200x/17f82f742ffe127f42dca9de82fb58b1/4/8/4800361397629.png,,,415
2177,Nestle NAN Optipro 2 (6months+) - 900gm,,5890,,Baby & Kids,https://cdn.mycart.pk/media/catalog/product/cache/1/small_image/200x/17f82f742ffe127f42dca9de82fb58b1/4/8/4800361398589.png,,,418
2178,Nestle NAN Optipro 1 (0+ Months) - 900gm,,5890,,Baby & Kids,https://cdn.mycart.pk/media/catalog/product/cache/1/small_image/200x/17f82f742ffe127f42dca9de82fb58b1/7/6/7613035589209.png,,,421
2179,Nestle NAN Grow Optipro 3 (1Years+) - 900gm,,5950,,Baby & Kids,https://cdn.mycart.pk/media/catalog/product/cache/1/small_image/200x/17f82f742ffe127f42dca9de82fb58b1/4/8/4800361398565.png,,,424
2180,Nestle NAN AL 110 Lactose Free (0+ Months) - 400gm,,2100,,Baby & Kids,https://cdn.mycart.pk/media/catalog/product/cache/1/small_image/200x/17f82f742ffe127f42dca9de82fb58b1/7/6/7613035598126_1_.png,,,427
2181,Nestle NAN 2 (6months+) - 400gm,,2760,,Baby & Kids,https://cdn.mycart.pk/media/catalog/product/cache/1/small_image/200x/17f82f742ffe127f42dca9de82fb58b1/n/a/nan_-_nestle_nan_2_premium_follow-up_formula_-_400gm.jpg,,,430
2182,Nestle Nan 1 Premium infant Formula (0 month) - 400gm,,2720,,Baby & Kids,https://cdn.mycart.pk/media/catalog/product/cache/1/small_image/200x/17f82f742ffe127f42dca9de82fb58b1/n/a/nan_-_nestle_nan_1_premium_infant_formula_0_month_-_400gm.jpg,,,433
2183,Nestle Lactogrow 3 (1Years+) - 800gm,,2930,,Baby & Kids,https://cdn.mycart.pk/media/catalog/product/cache/1/small_image/200x/17f82f742ffe127f42dca9de82fb58b1/8/9/8961008210285_1.png,,,436
2184,Nestle Lactogrow 3 (1Year+) - 400gm,,1510,,Baby & Kids,https://cdn.mycart.pk/media/catalog/product/cache/1/small_image/200x/17f82f742ffe127f42dca9de82fb58b1/8/9/8961008210278_1.png,,,439
2185,Nestle Lactogrow 3 (1Year+) - 200gm,,780,,Baby & Kids,https://cdn.mycart.pk/media/catalog/product/cache/1/small_image/200x/17f82f742ffe127f42dca9de82fb58b1/8/9/8961008210261_1.png,,,442
2186,Nestle Lactogen 2 Gentle Plus (6months) - 400gm,,1510,,Baby & Kids,https://cdn.mycart.pk/media/catalog/product/cache/1/small_image/200x/17f82f742ffe127f42dca9de82fb58b1/8/9/8961008210216_1.png,,,445
2187,Nestle Lactogen 2 - 800gm,,2930,,Baby & Kids,https://cdn.mycart.pk/media/catalog/product/cache/1/small_image/200x/17f82f742ffe127f42dca9de82fb58b1/l/a/lactogen_2_800g.png,,,448
2188,Nestle Lactogen 2 - 400gm,,1510,,Baby & Kids,https://cdn.mycart.pk/media/catalog/product/cache/1/small_image/200x/17f82f742ffe127f42dca9de82fb58b1/_/1/_13404.png,,,451
2189,Nestle Lactogen 2 (6month+) - 800gm,,2930,,Baby & Kids,https://cdn.mycart.pk/media/catalog/product/cache/1/small_image/200x/17f82f742ffe127f42dca9de82fb58b1/8/9/8961008210223_1.png,,,454
2190,Nestle Lactogen 2 (6month+) - 200gm,,780,,Baby & Kids,https://cdn.mycart.pk/media/catalog/product/cache/1/small_image/200x/17f82f742ffe127f42dca9de82fb58b1/8/9/8961008210209_1.png,,,457
2191,Nestle Lactogen 1 Gentle Start (For New Borns) - 400gm,,1510,,Baby & Kids,https://cdn.mycart.pk/media/catalog/product/cache/1/small_image/200x/17f82f742ffe127f42dca9de82fb58b1/8/9/8961008210155_1.png,,,460
2192,Nestle Lactogen 1 - 400gm,,1510,,Baby & Kids,https://cdn.mycart.pk/media/catalog/product/cache/1/small_image/200x/17f82f742ffe127f42dca9de82fb58b1/f/r/front_shot_400g_1.jpg,,,463
2193,Nestle Lactogen 1 (0+ Months) - 800gm,,2930,,Baby & Kids,https://cdn.mycart.pk/media/catalog/product/cache/1/small_image/200x/17f82f742ffe127f42dca9de82fb58b1/8/9/8961008210162_1.png,,,466
2194,Nestle Lactogen 1 (0+ Months) - 200gm,,780,,Baby & Kids,https://cdn.mycart.pk/media/catalog/product/cache/1/small_image/200x/17f82f742ffe127f42dca9de82fb58b1/8/9/8961008210148.png,,,469
2195,Nestle Cerelac Yellow Fruits (1+ Years) - 175gm,,560,,Baby & Kids,https://cdn.mycart.pk/media/catalog/product/cache/1/small_image/200x/17f82f742ffe127f42dca9de82fb58b1/8/9/8961008207100_1.png,,,472
2196,Nestle Cerelac Wheat (6Months) - 175gm,,490,,Baby & Kids,https://cdn.mycart.pk/media/catalog/product/cache/1/small_image/200x/17f82f742ffe127f42dca9de82fb58b1/8/9/8961008210490.png,,,475
2197,Nestle Cerelac Wheat (6+ months) - 350gm,,890,,Baby & Kids,https://cdn.mycart.pk/media/catalog/product/cache/1/small_image/200x/17f82f742ffe127f42dca9de82fb58b1/8/9/8961008210506.png,,,478
2198,Nestle Cerelac Rice (6+ Months) - 175gm,,490,,Baby & Kids,https://cdn.mycart.pk/media/catalog/product/cache/1/small_image/200x/17f82f742ffe127f42dca9de82fb58b1/8/9/8961008207056.png,,,481
2199,Nestle Cerelac Red Fruits (1+ Years) - 175gm,,560,,Baby & Kids,https://cdn.mycart.pk/media/catalog/product/cache/1/small_image/200x/17f82f742ffe127f42dca9de82fb58b1/8/9/8961008207117.png,,,484
2200,Nestle Cerelac 3 Fruits and Wheat (6+ Months) - 350gm,,890,,Baby & Kids,https://cdn.mycart.pk/media/catalog/product/cache/1/small_image/200x/17f82f742ffe127f42dca9de82fb58b1/8/9/8961008210537.png,,,487
2201,Nestle Cerelac 3 Fruits and Wheat (6+ Months) - 175gm,,490,,Baby & Kids,https://cdn.mycart.pk/media/catalog/product/cache/1/small_image/200x/17f82f742ffe127f42dca9de82fb58b1/8/9/8961008210520.png,,,490
2202,Nestle Bunyad - 900gm,,1680,,Baby & Kids,https://cdn.mycart.pk/media/catalog/product/cache/1/small_image/200x/17f82f742ffe127f42dca9de82fb58b1/9/1/910gm_copy.png,,,493
2203,Nestle Bunyad - 250gm,,495,,Baby & Kids,https://cdn.mycart.pk/media/catalog/product/cache/1/small_image/200x/17f82f742ffe127f42dca9de82fb58b1/2/6/260gm_copy.png,,,496
2204,Morinaga Powder Milk NL 33 - 350gm,,2810,,Baby & Kids,https://cdn.mycart.pk/media/catalog/product/cache/1/small_image/200x/17f82f742ffe127f42dca9de82fb58b1/4/9/4902720125260.jpg,,,499
2205,Morinaga Powder Milk BF1 - 400gm,,2810,,Baby & Kids,https://cdn.mycart.pk/media/catalog/product/cache/1/small_image/200x/17f82f742ffe127f42dca9de82fb58b1/4/9/4902720124539.jpg,,,502
2206,Morinaga Powder Milk BF Mama Vanilla - 200gm,,1090,,Baby & Kids,https://cdn.mycart.pk/media/catalog/product/cache/1/small_image/200x/17f82f742ffe127f42dca9de82fb58b1/4/9/4902720106122.jpg,,,505
2207,Morinaga Chil School Growing up milk (stage 4) - 300gm,,1350,,Baby & Kids,https://cdn.mycart.pk/media/catalog/product/cache/1/small_image/200x/17f82f742ffe127f42dca9de82fb58b1/4/9/4902720127462.jpg,,,508
2208,Morinaga BFP Special formula (for low birth weight infants) - 400gm,,3000,,Baby & Kids,https://cdn.mycart.pk/media/catalog/product/cache/1/small_image/200x/17f82f742ffe127f42dca9de82fb58b1/m/o/morinaga_bf-p_special_formula_for_low_birth_weight_infants_-_400g.jpg,,,511
2209,Morinaga BF3 Vanilla (1 Year+) - 400gm,,2680,,Baby & Kids,https://cdn.mycart.pk/media/catalog/product/cache/1/small_image/200x/17f82f742ffe127f42dca9de82fb58b1/m/o/morinaga_bf-3_vanilla_1_year_onward_-_400g.jpg,,,514
2210,Morinaga BF3 (1 Year+) - 900gm,,5840,,Baby & Kids,https://cdn.mycart.pk/media/catalog/product/cache/1/small_image/200x/17f82f742ffe127f42dca9de82fb58b1/m/o/morinaga_bf-3_1_year_onwards_-_900g.jpg,,,517
2211,Morinaga BF2 (6months+) - 400gm,,2810,,Baby & Kids,https://cdn.mycart.pk/media/catalog/product/cache/1/small_image/200x/17f82f742ffe127f42dca9de82fb58b1/m/o/morinaga_bf-2_6_months_onward_-_400g.jpg,,,520
2212,Morinaga BF2 (6 months+) - 900gm,,5840,,Baby & Kids,https://cdn.mycart.pk/media/catalog/product/cache/1/small_image/200x/17f82f742ffe127f42dca9de82fb58b1/m/o/morinaga_bf-2_6_months_onward_-_900g.jpg,,,523
2213,Morinaga BF1 Infant formula (0month) - 900gm,,5840,,Baby & Kids,https://cdn.mycart.pk/media/catalog/product/cache/1/small_image/200x/17f82f742ffe127f42dca9de82fb58b1/4/9/4902720124546.jpg,,,526
2214,Molfix Taped 7 To 14kg - 54Pcs,,2700,,Baby & Kids,https://cdn.mycart.pk/media/catalog/product/cache/1/small_image/200x/17f82f742ffe127f42dca9de82fb58b1/m/o/molfix_-_molfix_3d_maxi_68_pcs_jumbo_7-14kgs.jpg,,,529
2215,Molfix Taped 2 To 5kg - 50Pcs,,2680,,Baby & Kids,https://cdn.mycart.pk/media/catalog/product/cache/1/small_image/200x/17f82f742ffe127f42dca9de82fb58b1/m/o/molfix_-_molfix_3d_newborn_50_pcs_twin_pack_2-5kgs_1.jpg,,,532
2216,Molfix Taped 15kg - 42Pcs,,1682,,Baby & Kids,https://cdn.mycart.pk/media/catalog/product/cache/1/small_image/200x/17f82f742ffe127f42dca9de82fb58b1/m/o/molfix_-_molfix_3d_e.large_54_pcs_jumbo_15kgs.jpg,,,535
2217,Molfix Taped 11 To 18kg - 48Pcs,,2600,,Baby & Kids,https://cdn.mycart.pk/media/catalog/product/cache/1/small_image/200x/17f82f742ffe127f42dca9de82fb58b1/m/o/molfix_-_molfix_3d_junior_64_pcs_jumbo_11-18kgs.jpg,,,538
2218,Meow Super Feeder Nano For Cat - 60ml,,100,,Baby & Kids,https://cdn.mycart.pk/media/catalog/product/cache/1/small_image/200x/17f82f742ffe127f42dca9de82fb58b1/s/u/super-nano_1.jpg,,,541
2219,Meow Soother,,44,,Baby & Kids,https://cdn.mycart.pk/media/catalog/product/cache/1/small_image/200x/17f82f742ffe127f42dca9de82fb58b1/s/o/soother-3.jpg,,,544
2220,Meiji PRE Powder Milk - 400gm,,2130,,Baby & Kids,https://cdn.mycart.pk/media/catalog/product/cache/1/small_image/200x/17f82f742ffe127f42dca9de82fb58b1/4/9/4902705127142.jpg,,,547
2221,Meiji Mamilac Powder Milk - 350gm,,2360,,Baby & Kids,https://cdn.mycart.pk/media/catalog/product/cache/1/small_image/200x/17f82f742ffe127f42dca9de82fb58b1/4/9/4902705127104.jpg,,,550
2222,Meiji Lactoless Powder Milk - 350gm,,2400,,Baby & Kids,https://cdn.mycart.pk/media/catalog/product/cache/1/small_image/200x/17f82f742ffe127f42dca9de82fb58b1/4/9/4902705127135.jpg,,,553
2223,Meiji FU Powder Milk (6 months onward) - 900gm,,5100,,Baby & Kids,https://cdn.mycart.pk/media/catalog/product/cache/1/small_image/200x/17f82f742ffe127f42dca9de82fb58b1/m/e/meiji_-_meiji_powder_milk_fu_900g_1.jpg,,,556
2224,Meiji FU Powder Milk (6 months onward) - 400gm,,2400,,Baby & Kids,https://cdn.mycart.pk/media/catalog/product/cache/1/small_image/200x/17f82f742ffe127f42dca9de82fb58b1/m/e/meiji_-_meiji_powder_milk_fu_400g.jpg,,,559
2225,Meiji FM-T Powder Milk (from Birth) - 900gm,,5100,,Baby & Kids,https://cdn.mycart.pk/media/catalog/product/cache/1/small_image/200x/17f82f742ffe127f42dca9de82fb58b1/4/9/4902705126961.jpg,,,562
2226,Meiji FM-T Powder Milk (from Birth) - 400gm,,2400,,Baby & Kids,https://cdn.mycart.pk/media/catalog/product/cache/1/small_image/200x/17f82f742ffe127f42dca9de82fb58b1/m/e/meiji_-_meiji_powder_milk_fm-t__from_birth__-_400g.jpg,,,565
2227,Meiji BIG Vanilla (1+years) - 900gm,,5100,,Baby & Kids,https://cdn.mycart.pk/media/catalog/product/cache/1/small_image/200x/17f82f742ffe127f42dca9de82fb58b1/m/e/meiji_big_vanilla_1_years_-_900g.jpg,,,568
2228,Meiji BIG Vanilla (1+years) - 400gm,,2400,,Baby & Kids,https://cdn.mycart.pk/media/catalog/product/cache/1/small_image/200x/17f82f742ffe127f42dca9de82fb58b1/m/e/meiji_-_meiji_big_vanilla__1_years__-_400g.jpg,,,571
2229,Large Writing Pad,,85,,Baby & Kids,https://cdn.mycart.pk/media/catalog/product/cache/1/small_image/200x/17f82f742ffe127f42dca9de82fb58b1/_/0/_09608.jpg,,,574
2230,Knife Large Cutter,,105,,Baby & Kids,https://cdn.mycart.pk/media/catalog/product/cache/1/small_image/200x/17f82f742ffe127f42dca9de82fb58b1/_/0/_08078.jpg,,,577
2231,Johnson's White Soap - 100gm,,260,,Baby & Kids,https://cdn.mycart.pk/media/catalog/product/cache/1/small_image/200x/17f82f742ffe127f42dca9de82fb58b1/w/h/white_soap_-_100g_2.jpg,,,580
2232,Johnson's Milk Soap - 100gm,,260,,Baby & Kids,https://cdn.mycart.pk/media/catalog/product/cache/1/small_image/200x/17f82f742ffe127f42dca9de82fb58b1/m/i/milk_soap_-_100g_1.jpg,,,583
2233,Johnson's Gold Baby Shampoo - 200ml,,540,,Baby & Kids,https://cdn.mycart.pk/media/catalog/product/cache/1/small_image/200x/17f82f742ffe127f42dca9de82fb58b1/5/2/5201089011955_1.jpg,,,586
2234,Johnson's Cotton Buds (200 Buds),,520,,Baby & Kids,https://cdn.mycart.pk/media/catalog/product/cache/1/small_image/200x/17f82f742ffe127f42dca9de82fb58b1/5/0/5000207584506_2.jpg,,,589
2235,Johnson's Classic Baby Powder - 200gm,,650,,Baby & Kids,https://cdn.mycart.pk/media/catalog/product/cache/1/small_image/200x/17f82f742ffe127f42dca9de82fb58b1/c/l/classic_baby_powder_-_200g.jpg,,,592
2236,Johnson's Classic Baby Powder - 100gm,,455,,Baby & Kids,https://cdn.mycart.pk/media/catalog/product/cache/1/small_image/200x/17f82f742ffe127f42dca9de82fb58b1/c/l/classic_baby_powder_-_100g_1.jpg,,,595
2237,Johnson's Blossoms Soap - 100gm,,260,,Baby & Kids,https://cdn.mycart.pk/media/catalog/product/cache/1/small_image/200x/17f82f742ffe127f42dca9de82fb58b1/b/l/blossoms_soap_-_100g_1.jpg,,,598
2238,Johnson's Baby Unscented Jelly - 250ml,,920,,Baby & Kids,https://cdn.mycart.pk/media/catalog/product/cache/1/small_image/200x/17f82f742ffe127f42dca9de82fb58b1/j/o/johnson_s_-_baby_jelly_unscented_-_250ml.jpg,,,601
2239,Johnson's Baby Soap - 125gm,,265,,Baby & Kids,https://cdn.mycart.pk/media/catalog/product/cache/1/small_image/200x/17f82f742ffe127f42dca9de82fb58b1/i/m/image_1.jpg,,,604
2240,Johnson's Baby Shampoo - 100ml,,480,,Baby & Kids,https://cdn.mycart.pk/media/catalog/product/cache/1/small_image/200x/17f82f742ffe127f42dca9de82fb58b1/b/a/baby_shampoo_-_100ml_1.jpg,,,607
2241,Johnson's Baby Shampoo - 100ml,,450,,Baby & Kids,https://cdn.mycart.pk/media/catalog/product/cache/1/small_image/200x/17f82f742ffe127f42dca9de82fb58b1/6/2/6223000650103_1.jpg,,,610
2242,Johnson's Baby Scented Jelly - 250ml,,920,,Baby & Kids,https://cdn.mycart.pk/media/catalog/product/cache/1/small_image/200x/17f82f742ffe127f42dca9de82fb58b1/j/o/johnson_s_-_baby_jelly_scented_-_250ml.jpg,,,613
2243,Johnson's Baby Scented Jelly - 100ml,,550,,Baby & Kids,https://cdn.mycart.pk/media/catalog/product/cache/1/small_image/200x/17f82f742ffe127f42dca9de82fb58b1/j/o/johnson_s_-_baby_jelly_scented_100ml.jpg,,,616
2244,Johnson's Baby Powder - 500gm,,990,,Baby & Kids,https://cdn.mycart.pk/media/catalog/product/cache/1/small_image/200x/17f82f742ffe127f42dca9de82fb58b1/b/a/baby_powder_-_500gm.jpg,,,619
2245,Johnson's Baby Oil - 100ml,,750,,Baby & Kids,https://cdn.mycart.pk/media/catalog/product/cache/1/small_image/200x/17f82f742ffe127f42dca9de82fb58b1/j/o/johnson_s_-_baby_oil_100ml.jpg,,,622
2246,Johnson's Baby Lotion - 100ml,,670,,Baby & Kids,https://cdn.mycart.pk/media/catalog/product/cache/1/small_image/200x/17f82f742ffe127f42dca9de82fb58b1/j/o/johnson_s_-_johnson_s_baby_lotion_100ml.jpg,,,625
2247,Jinxin Stick Notes 76x76mm 3x3inch,,110,,Baby & Kids,https://cdn.mycart.pk/media/catalog/product/cache/1/small_image/200x/17f82f742ffe127f42dca9de82fb58b1/_/0/_09621.jpg,,,628
2248,Jinxin Signature Flyer Arrow Shape P01 2 (Pack of 5),,110,,Baby & Kids,https://cdn.mycart.pk/media/catalog/product/cache/1/small_image/200x/17f82f742ffe127f42dca9de82fb58b1/2/2/22610cf5f9787e2b191929a8a8aa9681.png,,,631
2249,Isomil Soy Milk Infant Formula - 400gm,,2999,,Baby & Kids,https://cdn.mycart.pk/media/catalog/product/cache/1/small_image/200x/17f82f742ffe127f42dca9de82fb58b1/_/0/_08789.gif,,,634
2250,Haoxiang Staple Remover,,105,,Baby & Kids,https://cdn.mycart.pk/media/catalog/product/cache/1/small_image/200x/17f82f742ffe127f42dca9de82fb58b1/_/0/_08132.jpg,,,637
2251,Glucerna SR Vanilla Meal Replacement - 400gm,,4890,,Baby & Kids,https://cdn.mycart.pk/media/catalog/product/cache/1/small_image/200x/17f82f742ffe127f42dca9de82fb58b1/_/0/_08797.gif,,,640
2252,Glucerna Chocolate Meal Replacement - 400gm,,4250,,Baby & Kids,https://cdn.mycart.pk/media/catalog/product/cache/1/small_image/200x/17f82f742ffe127f42dca9de82fb58b1/8/7/8710428022073.jpg,,,643
2253,Farlin Wide-Neck Feeding Bottle (0Month+) - 200ml,,1350,,Baby & Kids,https://cdn.mycart.pk/media/catalog/product/cache/1/small_image/200x/17f82f742ffe127f42dca9de82fb58b1/f/a/farlin_-_farlin_wide-neck_feeding_bottle_0_month_-_200ml.jpg,,,646
2254,Farlin Nasal Aspirator BF-138,,1165,,Baby & Kids,https://cdn.mycart.pk/media/catalog/product/cache/1/small_image/200x/17f82f742ffe127f42dca9de82fb58b1/_/1/_13977.png,,,649
2255,Farlin Gum Cooling Soother (0Month+) BF-147,,760,,Baby & Kids,https://cdn.mycart.pk/media/catalog/product/cache/1/small_image/200x/17f82f742ffe127f42dca9de82fb58b1/d/s/dsc_0686.png,,,652
2256,Farlin Glass Feeding Bottles (0Month+) - 60ml,,1620,,Baby & Kids,https://cdn.mycart.pk/media/catalog/product/cache/1/small_image/200x/17f82f742ffe127f42dca9de82fb58b1/f/a/farlin_-_farlin_glass_feeding_bottles_0_month_-_60ml.jpg,,,655
2257,Farlin Glass Feeding Bottle (3Months+) - 240ml,,2899,,Baby & Kids,https://cdn.mycart.pk/media/catalog/product/cache/1/small_image/200x/17f82f742ffe127f42dca9de82fb58b1/f/a/farlin_-_farlin_glass_feeding_bottle_3_months_-_240ml_1.jpg,,,658
2258,Farlin Glass Feeding Bottle (0Month+) - 120ml TOP-808G,,2860,,Baby & Kids,https://cdn.mycart.pk/media/catalog/product/cache/1/small_image/200x/17f82f742ffe127f42dca9de82fb58b1/f/a/farlin_-_farlin_glass_feeding_bottle_0_month_-_120ml.jpg,,,661
2259,Farlin Finger Type Tooth Brush (0Month+),,700,,Baby & Kids,https://cdn.mycart.pk/media/catalog/product/cache/1/small_image/200x/17f82f742ffe127f42dca9de82fb58b1/_/1/_13995.png,,,664
2260,Farlin Feeding Bottle - 250ml Per-757,,2280,,Baby & Kids,https://cdn.mycart.pk/media/catalog/product/cache/1/small_image/200x/17f82f742ffe127f42dca9de82fb58b1/f/a/farlin_-_farlin_anti-colic_air_system_feeding_bottle_-_120ml.jpg,,,667
2261,Farlin Feeding Bottle (3months+) - 300ml,,1500,,Baby & Kids,https://cdn.mycart.pk/media/catalog/product/cache/1/small_image/200x/17f82f742ffe127f42dca9de82fb58b1/f/a/farlin_-_farlin_glass_feeding_bottle__3__months__-_300ml.jpg,,,670
2262,Farlin Feeding Bottle (3month+) - 250ml TOP-747,,1200,,Baby & Kids,https://cdn.mycart.pk/media/catalog/product/cache/1/small_image/200x/17f82f742ffe127f42dca9de82fb58b1/_/1/_13935.png,,,673
2263,Farlin Feeding Bottle (0month+) - 60ml NF-205,,1400,,Baby & Kids,https://cdn.mycart.pk/media/catalog/product/cache/1/small_image/200x/17f82f742ffe127f42dca9de82fb58b1/_/1/_13949.png,,,676
2264,Farlin Feeding Bottle (0month+) - 200ml,,1350,,Baby & Kids,https://cdn.mycart.pk/media/catalog/product/cache/1/small_image/200x/17f82f742ffe127f42dca9de82fb58b1/f/a/farlin_-_farlin_feeding_bottle_0_month_-_200ml.jpg,,,679
2265,Farlin Feeding Bottle (0month+) - 125ml NF-868,,1460,,Baby & Kids,https://cdn.mycart.pk/media/catalog/product/cache/1/small_image/200x/17f82f742ffe127f42dca9de82fb58b1/_/1/_13959.png,,,682
2266,Farlin Feeder Brush BF-263,,1565,,Baby & Kids,https://cdn.mycart.pk/media/catalog/product/cache/1/small_image/200x/17f82f742ffe127f42dca9de82fb58b1/_/1/_14001_1.png,,,685
2267,Farlin Easy Feeding Bottle BF-193-A,,1200,,Baby & Kids,https://cdn.mycart.pk/media/catalog/product/cache/1/small_image/200x/17f82f742ffe127f42dca9de82fb58b1/_/1/_13963.png,,,688
2268,Farlin Doctor J. Baby Oral Set BBC-003,,2200,,Baby & Kids,https://cdn.mycart.pk/media/catalog/product/cache/1/small_image/200x/17f82f742ffe127f42dca9de82fb58b1/d/s/dsc_0690.png,,,691
2269,Farlin Digital Thermometer BF-169A,,2350,,Baby & Kids,https://cdn.mycart.pk/media/catalog/product/cache/1/small_image/200x/17f82f742ffe127f42dca9de82fb58b1/d/s/dsc_0678.png,,,694
2270,Farlin Baby Silicone Spoon (4+ Months),,1100,,Baby & Kids,https://cdn.mycart.pk/media/catalog/product/cache/1/small_image/200x/17f82f742ffe127f42dca9de82fb58b1/f/a/farlin_-_farlin_silicone_spoon_4_months_.jpg,,,697
2271,Farlin Baby Silicone Nipple Wide Neck - (Pack of 2),,1845,,Baby & Kids,https://cdn.mycart.pk/media/catalog/product/cache/1/small_image/200x/17f82f742ffe127f42dca9de82fb58b1/_/1/_13975.png,,,700
2272,Farlin Baby Silicone Nipple (3Months+) (Pack of 2),,1490,,Baby & Kids,https://cdn.mycart.pk/media/catalog/product/cache/1/small_image/200x/17f82f742ffe127f42dca9de82fb58b1/_/1/_13967_1.png,,,703
2273,Farlin Baby Silicone Nipple (3Months+),,780,,Baby & Kids,https://cdn.mycart.pk/media/catalog/product/cache/1/small_image/200x/17f82f742ffe127f42dca9de82fb58b1/d/s/dsc_0618.png,,,706
2274,Farlin Baby Safety Scissors BF-160A-1,,1410,,Baby & Kids,https://cdn.mycart.pk/media/catalog/product/cache/1/small_image/200x/17f82f742ffe127f42dca9de82fb58b1/_/1/_13999.png,,,709
2275,Farlin Baby Safety Scissors BF-160-B,,1260,,Baby & Kids,https://cdn.mycart.pk/media/catalog/product/cache/1/small_image/200x/17f82f742ffe127f42dca9de82fb58b1/_/1/_13983.png,,,712
2276,Farlin Baby Safety Pins BF121-6,,530,,Baby & Kids,https://cdn.mycart.pk/media/catalog/product/cache/1/small_image/200x/17f82f742ffe127f42dca9de82fb58b1/_/1/_13997.png,,,715
2277,Farlin Baby Safety Hand Strap BF-501,,1300,,Baby & Kids,https://cdn.mycart.pk/media/catalog/product/cache/1/small_image/200x/17f82f742ffe127f42dca9de82fb58b1/_/1/_13989.png,,,718
2278,Farlin Baby Pacifier Holder BF-127,,860,,Baby & Kids,https://cdn.mycart.pk/media/catalog/product/cache/1/small_image/200x/17f82f742ffe127f42dca9de82fb58b1/_/1/_13991.png,,,721
2279,Farlin Baby Nail Clipper Fish Shape BF-160D,,1170,,Baby & Kids,https://cdn.mycart.pk/media/catalog/product/cache/1/small_image/200x/17f82f742ffe127f42dca9de82fb58b1/_/1/_14005.png,,,724
2280,Farlin Baby Nail Clipper BF-160C,,1170,,Baby & Kids,https://cdn.mycart.pk/media/catalog/product/cache/1/small_image/200x/17f82f742ffe127f42dca9de82fb58b1/_/1/_13985.png,,,727
2281,Farlin Baby Knee Pads BF-305,,1485,,Baby & Kids,https://cdn.mycart.pk/media/catalog/product/cache/1/small_image/200x/17f82f742ffe127f42dca9de82fb58b1/_/1/_13993.png,,,730
2282,Farlin Baby Harness BF-500A,,2625,,Baby & Kids,https://cdn.mycart.pk/media/catalog/product/cache/1/small_image/200x/17f82f742ffe127f42dca9de82fb58b1/_/1/_13973.png,,,733
2283,Farlin Baby Cotton Buds BF-113-2 (Pack of 200),,700,,Baby & Kids,https://cdn.mycart.pk/media/catalog/product/cache/1/small_image/200x/17f82f742ffe127f42dca9de82fb58b1/_/1/_13961.png,,,736
2284,Farlin Baby Cotton Buds BF-113 (Pack of 100),,400,,Baby & Kids,https://cdn.mycart.pk/media/catalog/product/cache/1/small_image/200x/17f82f742ffe127f42dca9de82fb58b1/_/1/_13965.png,,,739
2285,Farlin Baby Comb and Brush Set BF-150,,1485,,Baby & Kids,https://cdn.mycart.pk/media/catalog/product/cache/1/small_image/200x/17f82f742ffe127f42dca9de82fb58b1/_/1/_13951.png,,,742
2286,Farlin Baby Comb and Brush Set,,1500,,Baby & Kids,https://cdn.mycart.pk/media/catalog/product/cache/1/small_image/200x/17f82f742ffe127f42dca9de82fb58b1/_/1/_13110.png,,,745
2287,Farlin Baby Bottle Safety Bag TOP- 8088,,995,,Baby & Kids,https://cdn.mycart.pk/media/catalog/product/cache/1/small_image/200x/17f82f742ffe127f42dca9de82fb58b1/_/1/_13979.png,,,748
2288,Farlin Baby Bottle and Nipple Brush BF-252,,880,,Baby & Kids,https://cdn.mycart.pk/media/catalog/product/cache/1/small_image/200x/17f82f742ffe127f42dca9de82fb58b1/f/a/farlin_bottle___nipple_brush_bf-252.jpg,,,751
2289,Farlin Anti-colic air system Feeding Bottle - 120ml Per-858,,2280,,Baby & Kids,https://cdn.mycart.pk/media/catalog/product/cache/1/small_image/200x/17f82f742ffe127f42dca9de82fb58b1/_/1/_13957.png,,,754
2290,Fancy Medium Writing Pad,,70,,Baby & Kids,https://cdn.mycart.pk/media/catalog/product/cache/1/small_image/200x/17f82f742ffe127f42dca9de82fb58b1/m/c/mcp000001923.jpg,,,757
2291,Executive Blue Large Box File,,450,,Baby & Kids,https://cdn.mycart.pk/media/catalog/product/cache/1/small_image/200x/17f82f742ffe127f42dca9de82fb58b1/_/0/_08243.jpg,,,760
2292,Excellent Paper Tape 3inch (50 Yards),,180,,Baby & Kids,https://cdn.mycart.pk/media/catalog/product/cache/1/small_image/200x/17f82f742ffe127f42dca9de82fb58b1/_/0/_09599.jpg,,,763
2293,Excellent Paper Tape 2inch,,140,,Baby & Kids,https://cdn.mycart.pk/media/catalog/product/cache/1/small_image/200x/17f82f742ffe127f42dca9de82fb58b1/_/0/_08235.jpg,,,766
2294,Envelope White A4 (Pack of 50),,620,,Baby & Kids,https://cdn.mycart.pk/media/catalog/product/cache/1/small_image/200x/17f82f742ffe127f42dca9de82fb58b1/3/1/31zsontf70l_1.png,,,769
2295,Envelope White A3 (Pack of 50),,455,,Baby & Kids,https://cdn.mycart.pk/media/catalog/product/cache/1/small_image/200x/17f82f742ffe127f42dca9de82fb58b1/3/1/31zsontf70l.png,,,772
2296,Envelope White 9x4 (Pack of 50),,230,,Baby & Kids,https://cdn.mycart.pk/media/catalog/product/cache/1/small_image/200x/17f82f742ffe127f42dca9de82fb58b1/3/1/31oxj0mojqs.png,,,775
2297,Envelop White 4.5x11 Inch (Pack of 25),,150,,Baby & Kids,https://cdn.mycart.pk/media/catalog/product/cache/1/small_image/200x/17f82f742ffe127f42dca9de82fb58b1/_/0/_09612.jpg,,,778
2298,Ensure Vanilla Milk Powder - 400gm,,3200,,Baby & Kids,https://cdn.mycart.pk/media/catalog/product/cache/1/small_image/200x/17f82f742ffe127f42dca9de82fb58b1/_/0/_08795.gif,,,781
2299,Ensure Vanilla Drinking Powder - 850gm,,6400,,Baby & Kids,https://cdn.mycart.pk/media/catalog/product/cache/1/small_image/200x/17f82f742ffe127f42dca9de82fb58b1/_/0/_08997.gif,,,784
2300,Ensure Strawberry Powder Milk - 400gm,,3200,,Baby & Kids,https://cdn.mycart.pk/media/catalog/product/cache/1/small_image/200x/17f82f742ffe127f42dca9de82fb58b1/_/0/_08785.gif,,,787
2301,Ensure Chocolate Powder Milk - 850gm,,6400,,Baby & Kids,https://cdn.mycart.pk/media/catalog/product/cache/1/small_image/200x/17f82f742ffe127f42dca9de82fb58b1/_/0/_08807.gif,,,790
2302,Ensure Chocolate Powder Milk - 400gm,,3200,,Baby & Kids,https://cdn.mycart.pk/media/catalog/product/cache/1/small_image/200x/17f82f742ffe127f42dca9de82fb58b1/_/0/_08773.gif,,,793
2303,English Prickly Heat Regular Powder Medium,,275,,Baby & Kids,https://cdn.mycart.pk/media/catalog/product/cache/1/small_image/200x/17f82f742ffe127f42dca9de82fb58b1/e/n/englishpricklyheatpowderlarge_720x_1.jpg,,,796
2304,Enfamil A+ Stage 1 Powder Milk - 400gm,,5150,,Baby & Kids,https://cdn.mycart.pk/media/catalog/product/cache/1/small_image/200x/17f82f742ffe127f42dca9de82fb58b1/8/8/8850024103599.jpg,,,799
2305,Enfamil A+ Stage 1 Powder Milk (0-6months) - 760gm,,10140,,Baby & Kids,https://cdn.mycart.pk/media/catalog/product/cache/1/small_image/200x/17f82f742ffe127f42dca9de82fb58b1/8/8/8850024103612.jpg,,,802
2306,Enfamil A+ Follow-up formula (6-12months) - 760gm,,10140,,Baby & Kids,https://cdn.mycart.pk/media/catalog/product/cache/1/small_image/200x/17f82f742ffe127f42dca9de82fb58b1/8/7/8712045020517.jpg,,,805
2307,Enfamil A+ Follow-up formula (6-12months) - 400gm,,5150,,Baby & Kids,https://cdn.mycart.pk/media/catalog/product/cache/1/small_image/200x/17f82f742ffe127f42dca9de82fb58b1/8/7/8712045020494.jpg,,,808
2308,Enfagrow A+ Vanilla Stage 4 (3+yrs) - 760gm,,9050,,Baby & Kids,https://cdn.mycart.pk/media/catalog/product/cache/1/small_image/200x/17f82f742ffe127f42dca9de82fb58b1/e/n/enfagrow_a_vanilla_3_years_-_800g.jpg,,,811
2309,Enfagrow A+ Vanilla (3+yrs) - 380gm,,4500,,Baby & Kids,https://cdn.mycart.pk/media/catalog/product/cache/1/small_image/200x/17f82f742ffe127f42dca9de82fb58b1/e/n/enfagrow_-_enfagrow_a_vanilla_3_years_-_400g.jpg,,,814
2310,Enfagrow A+ Vanilla (1-3yrs) - 760gm,,9050,,Baby & Kids,https://cdn.mycart.pk/media/catalog/product/cache/1/small_image/200x/17f82f742ffe127f42dca9de82fb58b1/8/8/8850024105272.jpg,,,817
2311,Enfagrow A+ Vanilla (1-3yrs) - 380gm,,4500,,Baby & Kids,https://cdn.mycart.pk/media/catalog/product/cache/1/small_image/200x/17f82f742ffe127f42dca9de82fb58b1/8/8/8850024105265.jpg,,,820
2312,Enfa Mama A+ Vanilla Powder Milk - 400gm,,4300,,Baby & Kids,https://cdn.mycart.pk/media/catalog/product/cache/1/small_image/200x/17f82f742ffe127f42dca9de82fb58b1/8/8/8850024106033.jpg,,,823
2313,East Chi Index Sheet A4-10,,110,,Baby & Kids,https://cdn.mycart.pk/media/catalog/product/cache/1/small_image/200x/17f82f742ffe127f42dca9de82fb58b1/_/1/_13472.png,,,826
2314,Dollar Yellow Highlighter,,120,,Baby & Kids,https://cdn.mycart.pk/media/catalog/product/cache/1/small_image/200x/17f82f742ffe127f42dca9de82fb58b1/_/1/_11969.png,,,829
2315,Dollar Staple Pins #24/6,,120,,Baby & Kids,https://cdn.mycart.pk/media/catalog/product/cache/1/small_image/200x/17f82f742ffe127f42dca9de82fb58b1/_/0/_08024.jpg,,,832
2316,Dollar Red Ink - 30ml,,50,,Baby & Kids,https://cdn.mycart.pk/media/catalog/product/cache/1/small_image/200x/17f82f742ffe127f42dca9de82fb58b1/_/0/_07313.jpg,,,835
2317,Dollar On Board Marker 2.0 Black,,70,,Baby & Kids,https://cdn.mycart.pk/media/catalog/product/cache/1/small_image/200x/17f82f742ffe127f42dca9de82fb58b1/_/0/_08535.jpg,,,838
2318,Dollar On Board Dry Erase Blue Ink - 15ml,,120,,Baby & Kids,https://cdn.mycart.pk/media/catalog/product/cache/1/small_image/200x/17f82f742ffe127f42dca9de82fb58b1/_/0/_07104.jpg,,,841
2319,Dollar Glue Stic - 8gm,,82,,Baby & Kids,https://cdn.mycart.pk/media/catalog/product/cache/1/small_image/200x/17f82f742ffe127f42dca9de82fb58b1/_/0/_07086.jpg,,,844
2320,Dollar Glue Stic - 35gm,,180,,Baby & Kids,https://cdn.mycart.pk/media/catalog/product/cache/1/small_image/200x/17f82f742ffe127f42dca9de82fb58b1/_/0/_07083.jpg,,,847
2321,Dollar Gel Pen 0.7 Blue (Pack of 12),,780,,Baby & Kids,https://cdn.mycart.pk/media/catalog/product/cache/1/small_image/200x/17f82f742ffe127f42dca9de82fb58b1/_/0/_08012.jpg,,,850
2322,Dollar Gel Pen 0.7 Black (Pack of 12),,780,,Baby & Kids,https://cdn.mycart.pk/media/catalog/product/cache/1/small_image/200x/17f82f742ffe127f42dca9de82fb58b1/_/0/_08012_1.jpg,,,853
2323,Dollar Fluorescent HighLighter Orange 4.5mm,,80,,Baby & Kids,https://cdn.mycart.pk/media/catalog/product/cache/1/small_image/200x/17f82f742ffe127f42dca9de82fb58b1/_/1/_11967.png,,,856
2324,Dollar Dry Erase Marker Black (Pack Of 12),,800,,Baby & Kids,https://cdn.mycart.pk/media/catalog/product/cache/1/small_image/200x/17f82f742ffe127f42dca9de82fb58b1/_/0/_019557.jpg,,,859
2325,Dollar Blue On Board Marker 2.0,,85,,Baby & Kids,https://cdn.mycart.pk/media/catalog/product/cache/1/small_image/200x/17f82f742ffe127f42dca9de82fb58b1/_/1/_12847.png,,,862
2326,Dollar Black On Board Dry Erase Ink - 15ml,,100,,Baby & Kids,https://cdn.mycart.pk/media/catalog/product/cache/1/small_image/200x/17f82f742ffe127f42dca9de82fb58b1/d/s/dsc_0173.png,,,865
2327,Dollar Black Ink 30ml,,60,,Baby & Kids,https://cdn.mycart.pk/media/catalog/product/cache/1/small_image/200x/17f82f742ffe127f42dca9de82fb58b1/_/0/_071201_2__1.jpg,,,868
2328,Dollar Black Ink - 60ml,,50,,Baby & Kids,https://cdn.mycart.pk/media/catalog/product/cache/1/small_image/200x/17f82f742ffe127f42dca9de82fb58b1/_/0/_07120.jpg,,,871
2329,Dollar Allmark Permanent Red Ink - 15ml,,120,,Baby & Kids,https://cdn.mycart.pk/media/catalog/product/cache/1/small_image/200x/17f82f742ffe127f42dca9de82fb58b1/_/0/_07900.jpg,,,874
2330,Dollar Allmark Permanent Marker 2.0 Black,,85,,Baby & Kids,https://cdn.mycart.pk/media/catalog/product/cache/1/small_image/200x/17f82f742ffe127f42dca9de82fb58b1/_/1/_12851_1.png,,,877
2331,Dollar Allmark Permanent Green Ink - 15ml,,120,,Baby & Kids,https://cdn.mycart.pk/media/catalog/product/cache/1/small_image/200x/17f82f742ffe127f42dca9de82fb58b1/_/0/_07903.jpg,,,880
2332,Dollar Allmark Permanent Black Ink - 15ml,,120,,Baby & Kids,https://cdn.mycart.pk/media/catalog/product/cache/1/small_image/200x/17f82f742ffe127f42dca9de82fb58b1/_/0/_07094.jpg,,,883
2333,Dollar 2.0 Red On Board Marker,,85,,Baby & Kids,https://cdn.mycart.pk/media/catalog/product/cache/1/small_image/200x/17f82f742ffe127f42dca9de82fb58b1/_/1/_12849.png,,,886
2334,Dollar #10 Staple Pin,,60,,Baby & Kids,https://cdn.mycart.pk/media/catalog/product/cache/1/small_image/200x/17f82f742ffe127f42dca9de82fb58b1/_/0/_08449.jpg,,,889
2335,Diamond Binder Clip 1-1/4 Width 32mm (Pack of 12),,230,,Baby & Kids,https://cdn.mycart.pk/media/catalog/product/cache/1/small_image/200x/17f82f742ffe127f42dca9de82fb58b1/_/0/_07295.jpg,,,892
2336,Diamond Binder Clip 1 Width 25mm (Pack of 12),,138,,Baby & Kids,https://cdn.mycart.pk/media/catalog/product/cache/1/small_image/200x/17f82f742ffe127f42dca9de82fb58b1/_/0/_08008.jpg,,,895
2337,Crystal Stamp Pad Black Ink,,65,,Baby & Kids,https://cdn.mycart.pk/media/catalog/product/cache/1/small_image/200x/17f82f742ffe127f42dca9de82fb58b1/_/0/_08133_1.jpg,,,898
2338,Comet Plastic Clip File,,70,,Baby & Kids,https://cdn.mycart.pk/media/catalog/product/cache/1/small_image/200x/17f82f742ffe127f42dca9de82fb58b1/_/0/_08252.jpg,,,901
2339,Casio MJ-120T-w Calculator,,3500,,Baby & Kids,https://cdn.mycart.pk/media/catalog/product/cache/1/small_image/200x/17f82f742ffe127f42dca9de82fb58b1/_/1/_13845.png,,,904
2340,Carton Tape 3 inch - 50YDS,,280,,Baby & Kids,https://cdn.mycart.pk/media/catalog/product/cache/1/small_image/200x/17f82f742ffe127f42dca9de82fb58b1/_/0/_09598.jpg,,,907
2341,Card File (Blue),,70,,Baby & Kids,https://cdn.mycart.pk/media/catalog/product/cache/1/small_image/200x/17f82f742ffe127f42dca9de82fb58b1/d/s/dsc_0898.png,,,910
2342,Canbebe Jumbo Taped 7 To 18kg - 58Pcs,,2450,,Baby & Kids,https://cdn.mycart.pk/media/catalog/product/cache/1/small_image/200x/17f82f742ffe127f42dca9de82fb58b1/2/0/20190808_145112.jpg,,,913
2343,Brown Office Card File,,60,,Baby & Kids,https://cdn.mycart.pk/media/catalog/product/cache/1/small_image/200x/17f82f742ffe127f42dca9de82fb58b1/_/1/_13385_1.png,,,916
2344,Brilliant laser Copy A4 Paper Ream (500 Sheets) - 80gm,,1800,,Baby & Kids,https://cdn.mycart.pk/media/catalog/product/cache/1/small_image/200x/17f82f742ffe127f42dca9de82fb58b1/_/1/_13515.png,,,919
2345,Brilliant laser Copy A4 Paper Ream (500 Sheets) - 70gm,,1235,,Baby & Kids,https://cdn.mycart.pk/media/catalog/product/cache/1/small_image/200x/17f82f742ffe127f42dca9de82fb58b1/_/1/_13517.png,,,922
2346,Aptamil Follow On Milk Powder 2 (6-12 Months) - 900gm,,7800,,Baby & Kids,https://cdn.mycart.pk/media/catalog/product/cache/1/small_image/200x/17f82f742ffe127f42dca9de82fb58b1/_/1/_14193.png,,,925
2347,Aptamil First Infant Milk Powder 1 (From Birth) - 900gm,,7800,,Baby & Kids,https://cdn.mycart.pk/media/catalog/product/cache/1/small_image/200x/17f82f742ffe127f42dca9de82fb58b1/_/1/_14195.png,,,928
2348,Anchor Paper Reinforcement Ring,,80,,Baby & Kids,https://cdn.mycart.pk/media/catalog/product/cache/1/small_image/200x/17f82f742ffe127f42dca9de82fb58b1/_/1/_11693.png,,,931
2349,Abro Scotch Tape 50 YDS Noki IMP 1inch,,68,,Baby & Kids,https://cdn.mycart.pk/media/catalog/product/cache/1/small_image/200x/17f82f742ffe127f42dca9de82fb58b1/_/0/_07998.jpg,,,934
2350,Abro 3inch 70YDS Noki imp Scotch Tape,,290,,Baby & Kids,https://cdn.mycart.pk/media/catalog/product/cache/1/small_image/200x/17f82f742ffe127f42dca9de82fb58b1/_/0/_09600.jpg,,,937
2351,A4 Plastic L Shape File Folder (Pack of 12),,600,,Baby & Kids,https://cdn.mycart.pk/media/catalog/product/cache/1/small_image/200x/17f82f742ffe127f42dca9de82fb58b1/_/0/_08501.jpg,,,940
2352,Phillips Avent Baby Bottle Brush,,850,,Baby & Kids,https://cdn.mycart.pk/media/catalog/product/cache/1/small_image/200x/17f82f742ffe127f42dca9de82fb58b1/_/1/_13238.png,,,943
2353,Avent Straw Cup - 260ml,,1500,,Baby & Kids,https://cdn.mycart.pk/media/catalog/product/cache/1/small_image/200x/17f82f742ffe127f42dca9de82fb58b1/_/1/_13170.png,,,946
2354,Avent Straw Cup (18month+) - 340ml,,1515,,Baby & Kids,https://cdn.mycart.pk/media/catalog/product/cache/1/small_image/200x/17f82f742ffe127f42dca9de82fb58b1/a/v/avent_-_avent_straw_cup_18_month_-_340ml.jpg,,,949
2355,Avent Natural (1month+) - 240ml,,2090,,Baby & Kids,https://cdn.mycart.pk/media/catalog/product/cache/1/small_image/200x/17f82f742ffe127f42dca9de82fb58b1/a/v/avent_-_avent_natural_1_month_-_240ml.jpg,,,952
2356,Avent Insulated Cup (12Month+) - 260ml,,1931,,Baby & Kids,https://cdn.mycart.pk/media/catalog/product/cache/1/small_image/200x/17f82f742ffe127f42dca9de82fb58b1/_/1/_13152_1.png,,,955
2357,Avent Feeding Bottle - 330ml,,1300,,Baby & Kids,https://cdn.mycart.pk/media/catalog/product/cache/1/small_image/200x/17f82f742ffe127f42dca9de82fb58b1/_/1/_13321.png,,,958
2358,Avent Feeding Bottle - 330ml,,1300,,Baby & Kids,https://cdn.mycart.pk/media/catalog/product/cache/1/small_image/200x/17f82f742ffe127f42dca9de82fb58b1/_/1/_13326_1.png,,,961
2359,Avent Feeding Bottle - 260ml,,1220,,Baby & Kids,https://cdn.mycart.pk/media/catalog/product/cache/1/small_image/200x/17f82f742ffe127f42dca9de82fb58b1/_/1/_13317.png,,,964
2360,Avent Feeding Bottle - 260ml,,1620,,Baby & Kids,https://cdn.mycart.pk/media/catalog/product/cache/1/small_image/200x/17f82f742ffe127f42dca9de82fb58b1/_/1/_13360.png,,,967
2361,Avent Feeding Bottle - 260ml,,1210,,Baby & Kids,https://cdn.mycart.pk/media/catalog/product/cache/1/small_image/200x/17f82f742ffe127f42dca9de82fb58b1/_/1/_13293.png,,,970
2362,Avent Feeding Bottle - 125ml,,1130,,Baby & Kids,https://cdn.mycart.pk/media/catalog/product/cache/1/small_image/200x/17f82f742ffe127f42dca9de82fb58b1/_/1/_13307.png,,,973
2363,Avent Feeding Bottle - 120ml,,2185,,Baby & Kids,https://cdn.mycart.pk/media/catalog/product/cache/1/small_image/200x/17f82f742ffe127f42dca9de82fb58b1/_/1/_13339.png,,,976
2364,Avent Feeding Bottle (Pack of 2) - 125ml,,2230,,Baby & Kids,https://cdn.mycart.pk/media/catalog/product/cache/1/small_image/200x/17f82f742ffe127f42dca9de82fb58b1/_/1/_13313.png,,,979
2365,Avent Feeding Bottle (Pack of 2) - 125ml,,2925,,Baby & Kids,https://cdn.mycart.pk/media/catalog/product/cache/1/small_image/200x/17f82f742ffe127f42dca9de82fb58b1/_/1/_13288.png,,,982
2366,Avent Feeding Bottle (Pack of 2) - 125ml,,2240,,Baby & Kids,https://cdn.mycart.pk/media/catalog/product/cache/1/small_image/200x/17f82f742ffe127f42dca9de82fb58b1/_/1/_13325.png,,,985
2367,Avent Feeding Bottle (3 Month+) - 330ml,,1590,,Baby & Kids,https://cdn.mycart.pk/media/catalog/product/cache/1/small_image/200x/17f82f742ffe127f42dca9de82fb58b1/a/v/avent_-_avent_3_month_feeding_bottle_-_330ml_1.jpg,,,988
2368,Avent Feeding Bottle (0 Month+) - 125ml,,1366.56,,Baby & Kids,https://cdn.mycart.pk/media/catalog/product/cache/1/small_image/200x/17f82f742ffe127f42dca9de82fb58b1/a/v/avent_-_avent_0_month_feeding_bottle_-_125ml.jpg,,,991
2369,Avent Classic (0 Month+) - 125ml,,1230,,Baby & Kids,https://cdn.mycart.pk/media/catalog/product/cache/1/small_image/200x/17f82f742ffe127f42dca9de82fb58b1/a/v/avent_-_avent_classic_0_month_-_125ml.jpg,,,994
2370,Lux Purple Lotus Soap - 128gm,,172,,Personal Care,https://cdn.mycart.pk/media/catalog/product/cache/1/small_image/200x/17f82f742ffe127f42dca9de82fb58b1/8/9/8961014015348.jpg,,,997
2371,Head and Shoulders Classic Clean Shampoo - 185ml,,575,,Personal Care,https://cdn.mycart.pk/media/catalog/product/cache/1/small_image/200x/17f82f742ffe127f42dca9de82fb58b1/5/0/5011321390676.jpg,,,1000
2372,Colgate Maximum Cavity Protection ToothPaste - 100gm,,245,,Personal Care,https://cdn.mycart.pk/media/catalog/product/cache/1/small_image/200x/17f82f742ffe127f42dca9de82fb58b1/_/0/_00771.jpg,,,1003
2373,Colgate Extra Clean Tooth Brush With Cap,,110,,Personal Care,https://cdn.mycart.pk/media/catalog/product/cache/1/small_image/200x/17f82f742ffe127f42dca9de82fb58b1/_/0/_06136_2.jpg,,,1006
2374,Lux Purple Lotus Soap - 98gm,,132,,Personal Care,https://cdn.mycart.pk/media/catalog/product/cache/1/small_image/200x/17f82f742ffe127f42dca9de82fb58b1/2/0/20190611_111905.jpg,,,1009
2375,Yardley London Gentleman Legacy Deodorant Body Spray - 150ml,,960,,Personal Care,https://cdn.mycart.pk/media/catalog/product/cache/1/small_image/200x/17f82f742ffe127f42dca9de82fb58b1/1/1/1144345-1.jpg,,,1012
2376,Pantene Milky Extra Treatment Shampoo - 360ml,,792,,Personal Care,https://cdn.mycart.pk/media/catalog/product/cache/1/small_image/200x/17f82f742ffe127f42dca9de82fb58b1/_/0/_01565_1.jpg,,,1015
2377,Dove Care & Protect Hand Wash - 250ml,,799,,Personal Care,https://cdn.mycart.pk/media/catalog/product/cache/1/small_image/200x/17f82f742ffe127f42dca9de82fb58b1/d/o/dove_care_protect.jpg,,,1018
2378,Lifebuoy Herbal Shampoo - 175ml,,385,,Personal Care,https://cdn.mycart.pk/media/catalog/product/cache/1/small_image/200x/17f82f742ffe127f42dca9de82fb58b1/_/1/_12722.png,,,1021
2379,Colgate Maximum Cavity Protection ToothPaste - 200gm,,420,,Personal Care,https://cdn.mycart.pk/media/catalog/product/cache/1/small_image/200x/17f82f742ffe127f42dca9de82fb58b1/c/o/colgate_regular.png,,,1024
2380,Sensodyne Original ToothPaste - 100gm,,410,,Personal Care,https://cdn.mycart.pk/media/catalog/product/cache/1/small_image/200x/17f82f742ffe127f42dca9de82fb58b1/9/2/9200475761005.jpg,,,1027
2381,Lifebuoy Lemon Fresh Soap - 93gm,,120,,Personal Care,https://cdn.mycart.pk/media/catalog/product/cache/1/small_image/200x/17f82f742ffe127f42dca9de82fb58b1/1/0/1094lif_hero_bar_115g_lemonfresh_190916.jpg,,,1030
2382,Sensodyne Fluoride Tooth Paste - 70gm,,315,,Personal Care,https://cdn.mycart.pk/media/catalog/product/cache/1/small_image/200x/17f82f742ffe127f42dca9de82fb58b1/9/2/9200475730704.jpg,,,1033
2383,Wrigley's Extra Spearmint Sugar-Free Chewing Gum (Pack of 60) - 84gm,,1450,,Personal Care,https://cdn.mycart.pk/media/catalog/product/cache/1/small_image/200x/17f82f742ffe127f42dca9de82fb58b1/j/u/june0183_1024x1024.png,,,1036
2384,Wrigley's Extra Spearmint Sugar-Free Chewing Gum (Pack of 46) - 64gm,,1050,,Personal Care,https://cdn.mycart.pk/media/catalog/product/cache/1/small_image/200x/17f82f742ffe127f42dca9de82fb58b1/4/0/4009900497503.png,,,1039
2385,Veet SilkandFreshHair Removal Cream for Dry Skin - 100gm,,999,,Personal Care,https://cdn.mycart.pk/media/catalog/product/cache/1/small_image/200x/17f82f742ffe127f42dca9de82fb58b1/p/i/picture19.png,,,1042
2386,Veet Silk and Fresh for Sensitive Skin - 25gm,,280,,Personal Care,https://cdn.mycart.pk/media/catalog/product/cache/1/small_image/200x/17f82f742ffe127f42dca9de82fb58b1/p/i/picture23.png,,,1045
2387,Veet Silk and Fresh for Sensitive Skin - 100gm,,999,,Personal Care,https://cdn.mycart.pk/media/catalog/product/cache/1/small_image/200x/17f82f742ffe127f42dca9de82fb58b1/p/i/picture25.png,,,1048
2388,Veet Silk and Fresh for Normal Skin - 50gm,,480,,Personal Care,https://cdn.mycart.pk/media/catalog/product/cache/1/small_image/200x/17f82f742ffe127f42dca9de82fb58b1/p/i/picture21.png,,,1051
2389,Veet Silk and Fresh for Normal Skin - 25gm,,280,,Personal Care,https://cdn.mycart.pk/media/catalog/product/cache/1/small_image/200x/17f82f742ffe127f42dca9de82fb58b1/p/i/picture20.png,,,1054
2390,Veet Silk and Fresh for Dry Skin - 25gm,,280,,Personal Care,https://cdn.mycart.pk/media/catalog/product/cache/1/small_image/200x/17f82f742ffe127f42dca9de82fb58b1/p/i/picture17.png,,,1057
2391,Veet Normal Skin Hair Removal Lotion - 80gm,,520,,Personal Care,https://cdn.mycart.pk/media/catalog/product/cache/1/small_image/200x/17f82f742ffe127f42dca9de82fb58b1/p/i/picture37.png,,,1060
2392,Veet Normal Skin Hair Removal Lotion - 40gm,,290,,Personal Care,https://cdn.mycart.pk/media/catalog/product/cache/1/small_image/200x/17f82f742ffe127f42dca9de82fb58b1/p/i/picture36.png,,,1063
2393,Veet For Normal Skin Wax Strips - 12 Wax Strips,,780,,Personal Care,https://cdn.mycart.pk/media/catalog/product/cache/1/small_image/200x/17f82f742ffe127f42dca9de82fb58b1/v/e/veet_wax_stripsa_for_normal_skin_1.png,,,1066
2394,Veet For Dry Skin Wax Strips - 12 Wax Strips,,790,,Personal Care,https://cdn.mycart.pk/media/catalog/product/cache/1/small_image/200x/17f82f742ffe127f42dca9de82fb58b1/p/i/picture38.jpg,,,1069
2395,Veet Dry Skin Hair Removal Lotion - 80gm,,520,,Personal Care,https://cdn.mycart.pk/media/catalog/product/cache/1/small_image/200x/17f82f742ffe127f42dca9de82fb58b1/p/i/picture35_1.png,,,1072
2396,Veet Dry Skin Hair Removal Lotion - 40gm,,290,,Personal Care,https://cdn.mycart.pk/media/catalog/product/cache/1/small_image/200x/17f82f742ffe127f42dca9de82fb58b1/p/i/picture34.png,,,1075
2397,Veet Cream Silk and Fresh Normal Skin (pack of 2 With Free Wax Strips Pack) - 100gm,,780,,Personal Care,https://cdn.mycart.pk/media/catalog/product/cache/1/small_image/200x/17f82f742ffe127f42dca9de82fb58b1/2/0/20190408_105451.jpg,,,1078
2398,Veet Cream Silk and Fresh (Sensitive Skin) - 50gm,,480,,Personal Care,https://cdn.mycart.pk/media/catalog/product/cache/1/small_image/200x/17f82f742ffe127f42dca9de82fb58b1/p/i/picture24.png,,,1081
2399,Veet Cream Silk and Fresh (Normal Skin) - 100gm,,999,,Personal Care,https://cdn.mycart.pk/media/catalog/product/cache/1/small_image/200x/17f82f742ffe127f42dca9de82fb58b1/p/i/picture22.png,,,1084
2400,Veet Cream Silk and Fresh (Dry Skin) - 50gm,,480,,Personal Care,https://cdn.mycart.pk/media/catalog/product/cache/1/small_image/200x/17f82f742ffe127f42dca9de82fb58b1/p/i/picture18.png,,,1087
2401,Veet Brightening for Sensitive Skin - 50gm,,490,,Personal Care,https://cdn.mycart.pk/media/catalog/product/cache/1/small_image/200x/17f82f742ffe127f42dca9de82fb58b1/p/i/picture32_1.png,,,1090
2402,Veet Brightening for Normal to Dry Skin - 50gm,,490,,Personal Care,https://cdn.mycart.pk/media/catalog/product/cache/1/small_image/200x/17f82f742ffe127f42dca9de82fb58b1/p/i/picture29.png,,,1093
2403,Veet Brightening for Normal to Dry Skin - 100gm,,980,,Personal Care,https://cdn.mycart.pk/media/catalog/product/cache/1/small_image/200x/17f82f742ffe127f42dca9de82fb58b1/p/i/picture30.png,,,1096
2404,Vatika Shikakai Enriched Hair Oil - 200ml,,545,,Personal Care,https://cdn.mycart.pk/media/catalog/product/cache/1/small_image/200x/17f82f742ffe127f42dca9de82fb58b1/_/1/_14257.png,,,1099
2405,Vatika Shikakai Enriched Hair Oil - 100ml,,245,,Personal Care,https://cdn.mycart.pk/media/catalog/product/cache/1/small_image/200x/17f82f742ffe127f42dca9de82fb58b1/_/1/_14231.png,,,1102
2406,Vatika Sarson Enriched Hair Oil - 200ml,,495,,Personal Care,https://cdn.mycart.pk/media/catalog/product/cache/1/small_image/200x/17f82f742ffe127f42dca9de82fb58b1/_/1/_14255.png,,,1105
2407,Vatika Black Olive Shampoo - 400ml,,760,,Personal Care,https://cdn.mycart.pk/media/catalog/product/cache/1/small_image/200x/17f82f742ffe127f42dca9de82fb58b1/d/a/dabur_vatika_shamp_black_olive_400ml.jpg,,,1108
2408,Vatika Almond Enriched Hair Oil - 100ml,,400,,Personal Care,https://cdn.mycart.pk/media/catalog/product/cache/1/small_image/200x/17f82f742ffe127f42dca9de82fb58b1/_/1/_14251.png,,,1111
2409,Vaseline Petroleum Jelly - 225gm,,360,,Personal Care,https://cdn.mycart.pk/media/catalog/product/cache/1/small_image/200x/17f82f742ffe127f42dca9de82fb58b1/v/a/vaseline_petroleum_jelly_imp_225g.jpg,,,1114
2410,Vaseline Intensive Care Aloe Soothe Lotion - 200ml,,690,,Personal Care,https://cdn.mycart.pk/media/catalog/product/cache/1/small_image/200x/17f82f742ffe127f42dca9de82fb58b1/2/0/20190904_144906.jpg,,,1117
2411,Vaseline Intensive Care Aloe Soothe - 100ml,,440,,Personal Care,https://cdn.mycart.pk/media/catalog/product/cache/1/small_image/200x/17f82f742ffe127f42dca9de82fb58b1/v/a/vaseline_lotion_aloe_soothe_200ml.jpg,,,1120
2412,Vaseline Intensive Care (Deep Restore) Lotion - 100ml,,440,,Personal Care,https://cdn.mycart.pk/media/catalog/product/cache/1/small_image/200x/17f82f742ffe127f42dca9de82fb58b1/2/0/20190520_111040.jpg,,,1123
2413,Vaseline Intensive Care (Deep Restore) Lotion - 100ml,,490,,Personal Care,https://cdn.mycart.pk/media/catalog/product/cache/1/small_image/200x/17f82f742ffe127f42dca9de82fb58b1/v/a/vaseline_intensive_care_deep_restore_lotion_100ml.jpg,,,1126
2414,Vaseline Blueseal Original Petroleum Jelly - 250ml,,930,,Personal Care,https://cdn.mycart.pk/media/catalog/product/cache/1/small_image/200x/17f82f742ffe127f42dca9de82fb58b1/v/a/vaseline_blueseal_petroleum_jelly_original_250ml.jpg,,,1129
2415,Vaseline Blueseal Nourishing Skin Jelly - 50ml,,400,,Personal Care,https://cdn.mycart.pk/media/catalog/product/cache/1/small_image/200x/17f82f742ffe127f42dca9de82fb58b1/_/1/_15509.png,,,1132
2416,TRESemme Keratin Smooth Shampoo - 170ml,,580,,Personal Care,https://cdn.mycart.pk/media/catalog/product/cache/1/small_image/200x/17f82f742ffe127f42dca9de82fb58b1/1/1/1187850-rpl-1.png,,,1135
2417,TRESemme Keratin Smooth Conditioner - 160ml,,535,,Personal Care,https://cdn.mycart.pk/media/catalog/product/cache/1/small_image/200x/17f82f742ffe127f42dca9de82fb58b1/1/1/1195699-rpl-1_1.png,,,1138
2418,TRESemme Bondplex Sleek Hair Repair Shampoo - 375ml,,930,,Personal Care,https://cdn.mycart.pk/media/catalog/product/cache/1/small_image/200x/17f82f742ffe127f42dca9de82fb58b1/t/r/tresemme.jpg,,,1141
2419,Touchme VIP Big Talcum Powder,,360,,Personal Care,https://cdn.mycart.pk/media/catalog/product/cache/1/small_image/200x/17f82f742ffe127f42dca9de82fb58b1/v/i/vip_talcum_powder_big_.jpg,,,1144
2420,Touchme Small White Lily Perfume Talc,,200,,Personal Care,https://cdn.mycart.pk/media/catalog/product/cache/1/small_image/200x/17f82f742ffe127f42dca9de82fb58b1/t/o/touchme_white_lily_perfume_talc_small_.jpg,,,1147
2421,Touchme Small Romantic Perfumed Talc,,200,,Personal Care,https://cdn.mycart.pk/media/catalog/product/cache/1/small_image/200x/17f82f742ffe127f42dca9de82fb58b1/t/o/touchme_romantic_perfumed_talc_small_.jpg,,,1150
2422,Touchme Small Natural Talc,,200,,Personal Care,https://cdn.mycart.pk/media/catalog/product/cache/1/small_image/200x/17f82f742ffe127f42dca9de82fb58b1/t/o/touchme_natural_talc_small_.jpg,,,1153
2423,Touchme Gold Deo Perfumed Small Talc,,200,,Personal Care,https://cdn.mycart.pk/media/catalog/product/cache/1/small_image/200x/17f82f742ffe127f42dca9de82fb58b1/g/o/gold_deo_perfumed_talc_small_.jpg,,,1156
2424,Touchme Charming Talcum Powder Large,,360,,Personal Care,https://cdn.mycart.pk/media/catalog/product/cache/1/small_image/200x/17f82f742ffe127f42dca9de82fb58b1/c/h/charming_talc_big_.jpg,,,1159
2425,Touchme Charming Talc Small - 80gm,,200,,Personal Care,https://cdn.mycart.pk/media/catalog/product/cache/1/small_image/200x/17f82f742ffe127f42dca9de82fb58b1/c/h/charming_talc_80gm_small_.jpg,,,1162
2426,Touchme Blue Diamond Perfume Talc (Small),,200,,Personal Care,https://cdn.mycart.pk/media/catalog/product/cache/1/small_image/200x/17f82f742ffe127f42dca9de82fb58b1/t/o/touchme_perfume_talc_blue_diamond_small.jpg,,,1165
2427,Touchme Blue Diamond Large Perfume Talc,,360,,Personal Care,https://cdn.mycart.pk/media/catalog/product/cache/1/small_image/200x/17f82f742ffe127f42dca9de82fb58b1/t/o/touchme_perfume_talc_blue_diamond_large.jpg,,,1168
2428,Touchme Big White Lily Perfume Talc,,360,,Personal Care,https://cdn.mycart.pk/media/catalog/product/cache/1/small_image/200x/17f82f742ffe127f42dca9de82fb58b1/t/o/touchme_white_lily_perfume_talc_big_.jpg,,,1171
2429,Touchme Big Romantic Perfumed Talc,,360,,Personal Care,https://cdn.mycart.pk/media/catalog/product/cache/1/small_image/200x/17f82f742ffe127f42dca9de82fb58b1/t/o/touchme_romantic_perfumed_talc_big_.jpg,,,1174
2430,Touchme Big Natural Talc,,360,,Personal Care,https://cdn.mycart.pk/media/catalog/product/cache/1/small_image/200x/17f82f742ffe127f42dca9de82fb58b1/t/o/touchme_natural_talc_big_.jpg,,,1177
2431,Touchme 457 Dare to Desire Perfumed Talc Small,,200,,Personal Care,https://cdn.mycart.pk/media/catalog/product/cache/1/small_image/200x/17f82f742ffe127f42dca9de82fb58b1/4/5/457_perfumed_talc_dare_to_desire_small_.jpg,,,1180
2432,Touchme 457 Dare to Desire Perfumed Talc Large,,360,,Personal Care,https://cdn.mycart.pk/media/catalog/product/cache/1/small_image/200x/17f82f742ffe127f42dca9de82fb58b1/4/5/457_perfumed_talc_dare_to_desire_big_.jpg,,,1183
2433,Tooth Pick Wooden Jar (Pack of 100),,180,,Personal Care,https://cdn.mycart.pk/media/catalog/product/cache/1/small_image/200x/17f82f742ffe127f42dca9de82fb58b1/_/1/_14451.png,,,1186
2434,Tooth Pick Wooden Jar,,160,,Personal Care,https://cdn.mycart.pk/media/catalog/product/cache/1/small_image/200x/17f82f742ffe127f42dca9de82fb58b1/6/9/6936805410024-3.jpg,,,1189
2435,Tibet Fruity Peach Soap - 100gm,,80,,Personal Care,https://cdn.mycart.pk/media/catalog/product/cache/1/small_image/200x/17f82f742ffe127f42dca9de82fb58b1/_/1/_15162.png,,,1192
2436,Tibet Deluxe Beauty Soap - 95gm,,95,,Personal Care,https://cdn.mycart.pk/media/catalog/product/cache/1/small_image/200x/17f82f742ffe127f42dca9de82fb58b1/t/i/tibet_edit.png,,,1195
2437,Tibet Deluxe Beauty Soap - 130gm,,110,,Personal Care,https://cdn.mycart.pk/media/catalog/product/cache/1/small_image/200x/17f82f742ffe127f42dca9de82fb58b1/t/i/tibet_edit_1.png,,,1198
2438,Surgical Gloves - (Pack Of 100),,1400,,Personal Care,https://cdn.mycart.pk/media/catalog/product/cache/1/small_image/200x/17f82f742ffe127f42dca9de82fb58b1/5/1/51w2z0dno1l._sl1218_.jpg,,,1201
2439,Sunsilk Thick and Long Shampoo - 400ml,,900,,Personal Care,https://cdn.mycart.pk/media/catalog/product/cache/1/small_image/200x/17f82f742ffe127f42dca9de82fb58b1/8/9/8961014015737.png,,,1204
2440,Sunsilk Thick and Long Shampoo - 185ml,,395,,Personal Care,https://cdn.mycart.pk/media/catalog/product/cache/1/small_image/200x/17f82f742ffe127f42dca9de82fb58b1/2/0/20190516_110755.jpg,,,1207
2441,Sunsilk Thick and Long Shampoo - 185ml,,440,,Personal Care,https://cdn.mycart.pk/media/catalog/product/cache/1/small_image/200x/17f82f742ffe127f42dca9de82fb58b1/8/9/8961014003055.png,,,1210
2442,Sunsilk Thick and Long Conditioner - 180ml,,385,,Personal Care,https://cdn.mycart.pk/media/catalog/product/cache/1/small_image/200x/17f82f742ffe127f42dca9de82fb58b1/8/9/8961014003963.png,,,1213
2443,Sunsilk Thick and Long Conditioner - 180ml,,450,,Personal Care,https://cdn.mycart.pk/media/catalog/product/cache/1/small_image/200x/17f82f742ffe127f42dca9de82fb58b1/s/u/sunsilkthick180.png,,,1216
2444,Sunsilk Stunning Black Shine Shampoo - 185ml,,385,,Personal Care,https://cdn.mycart.pk/media/catalog/product/cache/1/small_image/200x/17f82f742ffe127f42dca9de82fb58b1/8/9/8961014003109.png,,,1219
2445,Sunsilk Stunning Black Shampoo - 700ml,,1400,,Personal Care,https://cdn.mycart.pk/media/catalog/product/cache/1/small_image/200x/17f82f742ffe127f42dca9de82fb58b1/8/9/8961014003000.png,,,1222
2446,Sunsilk Soft and Smooth Shampoo - 400ml,,900,,Personal Care,https://cdn.mycart.pk/media/catalog/product/cache/1/small_image/200x/17f82f742ffe127f42dca9de82fb58b1/8/9/8961014015751.png,,,1225
2447,Sunsilk Soft and Smooth Shampoo - 200ml,,420,,Personal Care,https://cdn.mycart.pk/media/catalog/product/cache/1/small_image/200x/17f82f742ffe127f42dca9de82fb58b1/8/9/8961014003031.png,,,1228
2448,Sunsilk Soft and Smooth - 650ml,,1660,,Personal Care,https://cdn.mycart.pk/media/catalog/product/cache/1/small_image/200x/17f82f742ffe127f42dca9de82fb58b1/2/0/20190618_160946.jpg,,,1231
2449,Sunsilk Shampoo Stunning Black Shine - 200ml,,450,,Personal Care,https://cdn.mycart.pk/media/catalog/product/cache/1/small_image/200x/17f82f742ffe127f42dca9de82fb58b1/2/0/20190827_115946.jpg,,,1234
2450,Sunsilk Perfect Straight Shampoo - 400ml,,900,,Personal Care,https://cdn.mycart.pk/media/catalog/product/cache/1/small_image/200x/17f82f742ffe127f42dca9de82fb58b1/8/9/8961014015843.png,,,1237
2451,Sunsilk Perfect Straight Shampoo - 185ml,,450,,Personal Care,https://cdn.mycart.pk/media/catalog/product/cache/1/small_image/200x/17f82f742ffe127f42dca9de82fb58b1/8/9/8961014003017.png,,,1240
2452,Sunsilk Perfect Straight Conditioner - 180ml,,390,,Personal Care,https://cdn.mycart.pk/media/catalog/product/cache/1/small_image/200x/17f82f742ffe127f42dca9de82fb58b1/8/9/8961014003994.png,,,1243
2453,Sunsilk Perfect Straight - 650ml,,1660,,Personal Care,https://cdn.mycart.pk/media/catalog/product/cache/1/small_image/200x/17f82f742ffe127f42dca9de82fb58b1/2/0/20190618_160507.jpg,,,1246
2454,Sunsilk Nourishing Soft and Smooth Shampoo - 400ml,,900,,Personal Care,https://cdn.mycart.pk/media/catalog/product/cache/1/small_image/200x/17f82f742ffe127f42dca9de82fb58b1/8/9/8961014003123.png,,,1249
2455,Sunsilk Long and Healthy Growth Shampoo - 400ml,,900,,Personal Care,https://cdn.mycart.pk/media/catalog/product/cache/1/small_image/200x/17f82f742ffe127f42dca9de82fb58b1/8/9/8961014009422.png,,,1252
2456,Sunsilk Long and Healthy Growth Shampoo - 185ml,,450,,Personal Care,https://cdn.mycart.pk/media/catalog/product/cache/1/small_image/200x/17f82f742ffe127f42dca9de82fb58b1/2/8/28250556-0-a_1.png,,,1255
2457,Sunsilk Long and Healthy Growth Conditioner - 180ml,,450,,Personal Care,https://cdn.mycart.pk/media/catalog/product/cache/1/small_image/200x/17f82f742ffe127f42dca9de82fb58b1/8/9/8961014009439.png,,,1258
2458,Sunsilk Hairfall Solution Shampoo - 400ml,,799,,Personal Care,https://cdn.mycart.pk/media/catalog/product/cache/1/small_image/200x/17f82f742ffe127f42dca9de82fb58b1/0/4/04_400ml.png,,,1261
2459,Sunsilk Hairfall Shampoo - 660ml,,1480,,Personal Care,https://cdn.mycart.pk/media/catalog/product/cache/1/small_image/200x/17f82f742ffe127f42dca9de82fb58b1/8/9/8961014002959.png,,,43
2460,Sunsilk Hairfall Shampoo - 185ml,,385,,Personal Care,https://cdn.mycart.pk/media/catalog/product/cache/1/small_image/200x/17f82f742ffe127f42dca9de82fb58b1/8/9/8961014003079.png,,,46
2461,Sunsilk Conditioner Black Shine - 180ml,,385,,Personal Care,https://cdn.mycart.pk/media/catalog/product/cache/1/small_image/200x/17f82f742ffe127f42dca9de82fb58b1/0/1/01_200ml.png,,,49
2462,Sunsilk Conditioner Black Shine - 180ml,,450,,Personal Care,https://cdn.mycart.pk/media/catalog/product/cache/1/small_image/200x/17f82f742ffe127f42dca9de82fb58b1/2/0/20190808_145352.jpg,,,52
2463,Sunsilk Black Shine Shampoo - 360ml,,820,,Personal Care,https://cdn.mycart.pk/media/catalog/product/cache/1/small_image/200x/17f82f742ffe127f42dca9de82fb58b1/8/9/8961014003093.png,,,55
2464,Sunsilk Anti Dandruff Shampoo - 360ml,,820,,Personal Care,https://cdn.mycart.pk/media/catalog/product/cache/1/small_image/200x/17f82f742ffe127f42dca9de82fb58b1/8/9/8961014003154.png,,,58
2465,Sunsilk Anti Dandruff Shampoo - 200ml,,450,,Personal Care,https://cdn.mycart.pk/media/catalog/product/cache/1/small_image/200x/17f82f742ffe127f42dca9de82fb58b1/8/9/8961014015799.png,,,61
2466,Sunsilk 5 Natural Oils Soft and Smooth Shampoo - 650ml,,1400,,Personal Care,https://cdn.mycart.pk/media/catalog/product/cache/1/small_image/200x/17f82f742ffe127f42dca9de82fb58b1/8/9/8961014002966.png,,,64
2467,Skin White Whitening Face Wash - 65gm,,250,,Personal Care,https://cdn.mycart.pk/media/catalog/product/cache/1/small_image/200x/17f82f742ffe127f42dca9de82fb58b1/d/s/dsc_0529.jpg,,,67
2468,Skin White Whitening Cream - 28gm,,130,,Personal Care,https://cdn.mycart.pk/media/catalog/product/cache/1/small_image/200x/17f82f742ffe127f42dca9de82fb58b1/d/s/dsc_0490.jpg,,,70
2469,Skin White Vitamin E & Goat Milk Body Lotion - 150ml,,360,,Personal Care,https://cdn.mycart.pk/media/catalog/product/cache/1/small_image/200x/17f82f742ffe127f42dca9de82fb58b1/d/s/dsc_0527.jpg,,,73
2470,Skin White Honey & Goat Milk Body Lotion - 150ml,,360,,Personal Care,https://cdn.mycart.pk/media/catalog/product/cache/1/small_image/200x/17f82f742ffe127f42dca9de82fb58b1/d/s/dsc_0515.jpg,,,76
2471,Skin White Goat Milk Whitening Soap for Oily Skin - 110gm,,160,,Personal Care,https://cdn.mycart.pk/media/catalog/product/cache/1/small_image/200x/17f82f742ffe127f42dca9de82fb58b1/_/0/_08465_1.jpg,,,79
2472,Skin White Goat Milk Whitening Soap for Normal Skin - 110gm,,160,,Personal Care,https://cdn.mycart.pk/media/catalog/product/cache/1/small_image/200x/17f82f742ffe127f42dca9de82fb58b1/_/0/_08467_1.jpg,,,82
2473,Skin White Goat Milk Whitening Soap for Dry Skin - 110gm,,160,,Personal Care,https://cdn.mycart.pk/media/catalog/product/cache/1/small_image/200x/17f82f742ffe127f42dca9de82fb58b1/_/0/_08463_1.jpg,,,85
2474,Skin White Almond & Goat Milk Body Lotion - 150ml,,360,,Personal Care,https://cdn.mycart.pk/media/catalog/product/cache/1/small_image/200x/17f82f742ffe127f42dca9de82fb58b1/d/s/dsc_0520.jpg,,,88
2475,Skin Care Fair Feet Cream - 30gm,,190,,Personal Care,https://cdn.mycart.pk/media/catalog/product/cache/1/small_image/200x/17f82f742ffe127f42dca9de82fb58b1/_/0/_08469.jpg,,,91
2476,Skin Care Acne Free Gel - 24gm,,235,,Personal Care,https://cdn.mycart.pk/media/catalog/product/cache/1/small_image/200x/17f82f742ffe127f42dca9de82fb58b1/_/0/_08471.jpg,,,94
2477,Shield Smokers Hard Tooth Brush,,90,,Personal Care,https://cdn.mycart.pk/media/catalog/product/cache/1/small_image/200x/17f82f742ffe127f42dca9de82fb58b1/8/9/8964001492672_-_1.jpg,,,97
2478,Shield Dual Pro Medium Tooth Brush,,250,,Personal Care,https://cdn.mycart.pk/media/catalog/product/cache/1/small_image/200x/17f82f742ffe127f42dca9de82fb58b1/2/0/20190225_110057.jpg,,,100
2479,Shield Clarity Tooth Brush,,145,,Personal Care,https://cdn.mycart.pk/media/catalog/product/cache/1/small_image/200x/17f82f742ffe127f42dca9de82fb58b1/_/0/_08216_1.jpg,,,103
2480,Sensodyne Splash Mouthwash - 500ml,,800,,Personal Care,https://cdn.mycart.pk/media/catalog/product/cache/1/small_image/200x/17f82f742ffe127f42dca9de82fb58b1/9/5/9502930975362.jpg,,,106
2481,Sensodyne Repair and Protect - 75ml,,770,,Personal Care,https://cdn.mycart.pk/media/catalog/product/cache/1/small_image/200x/17f82f742ffe127f42dca9de82fb58b1/6/8/6805699953613.jpg,,,109
2482,Sensodyne Rapid Action Tooth Paste 100gm,,480,,Personal Care,https://cdn.mycart.pk/media/catalog/product/cache/1/small_image/200x/17f82f742ffe127f42dca9de82fb58b1/9/2/9200475721009.jpg,,,112
2483,Sensodyne Rapid Action Tooth Paste - 70gm,,360,,Personal Care,https://cdn.mycart.pk/media/catalog/product/cache/1/small_image/200x/17f82f742ffe127f42dca9de82fb58b1/9/2/9200475720705.jpg,,,115
2484,Sensodyne Original Tooth Paste - 50gm,,260,,Personal Care,https://cdn.mycart.pk/media/catalog/product/cache/1/small_image/200x/17f82f742ffe127f42dca9de82fb58b1/9/2/9200475760503.jpg,,,118
2485,Sensodyne Multicare Soft Brush,,230,,Personal Care,https://cdn.mycart.pk/media/catalog/product/cache/1/small_image/200x/17f82f742ffe127f42dca9de82fb58b1/9/2/9200475782871.jpg,,,121
2486,Sensodyne Multicare Medium Brush,,230,,Personal Care,https://cdn.mycart.pk/media/catalog/product/cache/1/small_image/200x/17f82f742ffe127f42dca9de82fb58b1/9/2/9200475782864.jpg,,,124
2487,Sensodyne Multi Care Tooth Paste - 70gm,,330,,Personal Care,https://cdn.mycart.pk/media/catalog/product/cache/1/small_image/200x/17f82f742ffe127f42dca9de82fb58b1/9/2/9200475780709.jpg,,,127
2488,Sensodyne Multi Care Tooth Paste - 100gm,,380,,Personal Care,https://cdn.mycart.pk/media/catalog/product/cache/1/small_image/200x/17f82f742ffe127f42dca9de82fb58b1/9/2/9200475781003.jpg,,,130
2489,Sensodyne Menthe Fraiche Mouthwash - 500ml,,1400,,Personal Care,https://cdn.mycart.pk/media/catalog/product/cache/1/small_image/200x/17f82f742ffe127f42dca9de82fb58b1/3/0/3094905001306.jpg,,,133
2490,Sensodyne Gum Care Soft Brush,,230,,Personal Care,https://cdn.mycart.pk/media/catalog/product/cache/1/small_image/200x/17f82f742ffe127f42dca9de82fb58b1/9/2/9200475782475.jpg,,,136
2491,Sensodyne Gum Care Extra Soft Brush,,230,,Personal Care,https://cdn.mycart.pk/media/catalog/product/cache/1/small_image/200x/17f82f742ffe127f42dca9de82fb58b1/9/2/9200475782437.jpg,,,139
2492,Sensodyne Gentle Whitening Tooth Paste - 100gm,,600,,Personal Care,https://cdn.mycart.pk/media/catalog/product/cache/1/small_image/200x/17f82f742ffe127f42dca9de82fb58b1/2/0/20190412_114128.jpg,,,142
2493,Sensodyne Fluoride Tooth Paste - 100gm,,410,,Personal Care,https://cdn.mycart.pk/media/catalog/product/cache/1/small_image/200x/17f82f742ffe127f42dca9de82fb58b1/9/2/9200475731008.jpg,,,145
2494,Sensodyne Deep Clean Toothpaste - 100gm,,400,,Personal Care,https://cdn.mycart.pk/media/catalog/product/cache/1/small_image/200x/17f82f742ffe127f42dca9de82fb58b1/9/2/9204757321000.jpg,,,148
2495,Sensodyne Deep Clean - 50gm,,200,,Personal Care,https://cdn.mycart.pk/media/catalog/product/cache/1/small_image/200x/17f82f742ffe127f42dca9de82fb58b1/0/0/0009200475502.jpg,,,151
2496,Sapil She Chichi Perfume For Women - 100ml,,3400,,Personal Care,https://cdn.mycart.pk/media/catalog/product/cache/1/small_image/200x/17f82f742ffe127f42dca9de82fb58b1/s/a/sapil_chichi_woman_edt_100ml_1.jpg,,,154
2497,Sapil Pink Nancy Perfume For Women - 50ml,,2460,,Personal Care,https://cdn.mycart.pk/media/catalog/product/cache/1/small_image/200x/17f82f742ffe127f42dca9de82fb58b1/6/2/6295124002175.png,,,157
2498,Sapil Disclosure Perfume For Men - 100ml,,3400,,Personal Care,https://cdn.mycart.pk/media/catalog/product/cache/1/small_image/200x/17f82f742ffe127f42dca9de82fb58b1/6/2/6295124003059.png,,,160
2499,Safeguard Pure White Soap (Pack of 3) - 135gm,,470,,Personal Care,https://cdn.mycart.pk/media/catalog/product/cache/1/small_image/200x/17f82f742ffe127f42dca9de82fb58b1/8/0/8001090507969.png,,,163
2500,Safeguard Pure White Soap (Pack of 3) - 100gm,,430,,Personal Care,https://cdn.mycart.pk/media/catalog/product/cache/1/small_image/200x/17f82f742ffe127f42dca9de82fb58b1/8/0/8001090882080.jpg,,,166
2501,Safeguard Pure White Liquid Hand Soap - 225ml,,340,,Personal Care,https://cdn.mycart.pk/media/catalog/product/cache/1/small_image/200x/17f82f742ffe127f42dca9de82fb58b1/4/0/4015400928157.png,,,169
2502,Safeguard Lemon Fresh Soap - 135gm,,150,,Personal Care,https://cdn.mycart.pk/media/catalog/product/cache/1/small_image/200x/17f82f742ffe127f42dca9de82fb58b1/2/0/20190211_135624.jpg,,,172
2503,Safeguard Lemon Fresh Soap - 100gm,,130,,Personal Care,https://cdn.mycart.pk/media/catalog/product/cache/1/small_image/200x/17f82f742ffe127f42dca9de82fb58b1/8/0/8001090876591.jpg,,,175
2504,Safeguard Lemon Fresh Liquid Hand Soap - 225ml,,340,,Personal Care,https://cdn.mycart.pk/media/catalog/product/cache/1/small_image/200x/17f82f742ffe127f42dca9de82fb58b1/4/0/4015400928249.png,,,178
2505,Safeguard Floral Scent Soap - 135gm,,150,,Personal Care,https://cdn.mycart.pk/media/catalog/product/cache/1/small_image/200x/17f82f742ffe127f42dca9de82fb58b1/8/0/8001090573773.jpg,,,181
2506,Safeguard Floral Scent Soap - 100gm,,130,,Personal Care,https://cdn.mycart.pk/media/catalog/product/cache/1/small_image/200x/17f82f742ffe127f42dca9de82fb58b1/8/0/8001090876713.jpg,,,184
2507,Safeguard Floral Scent Soap (Pack of 3) - 100gm,,430,,Personal Care,https://cdn.mycart.pk/media/catalog/product/cache/1/small_image/200x/17f82f742ffe127f42dca9de82fb58b1/8/0/8001090573674.jpg,,,187
2508,Saeed Ghani Tarchup Herbal Hair Tonic - 120ml,,280,,Personal Care,https://cdn.mycart.pk/media/catalog/product/cache/1/small_image/200x/17f82f742ffe127f42dca9de82fb58b1/_/1/_14056.png,,,190
2509,Saeed Ghani Sandal Soap - 150gm,,310,,Personal Care,https://cdn.mycart.pk/media/catalog/product/cache/1/small_image/200x/17f82f742ffe127f42dca9de82fb58b1/_/1/_13102.png,,,193
2510,Saeed Ghani Sandal Cream - 100gm,,320,,Personal Care,https://cdn.mycart.pk/media/catalog/product/cache/1/small_image/200x/17f82f742ffe127f42dca9de82fb58b1/_/1/_13106.png,,,196
2511,Saeed Ghani Neem Soap - 90gm,,295,,Personal Care,https://cdn.mycart.pk/media/catalog/product/cache/1/small_image/200x/17f82f742ffe127f42dca9de82fb58b1/_/1/_13282.png,,,199
2512,Saeed Ghani Multani Mud and Lavender Powder - 100gm,,330,,Personal Care,https://cdn.mycart.pk/media/catalog/product/cache/1/small_image/200x/17f82f742ffe127f42dca9de82fb58b1/_/1/_13094.png,,,202
2513,Saeed Ghani Mughziat Hair Oil - 100ml,,385,,Personal Care,https://cdn.mycart.pk/media/catalog/product/cache/1/small_image/200x/17f82f742ffe127f42dca9de82fb58b1/_/1/_14054.png,,,205
2514,Saeed Ghani Honey and Almond Lotion - 100ml,,330,,Personal Care,https://cdn.mycart.pk/media/catalog/product/cache/1/small_image/200x/17f82f742ffe127f42dca9de82fb58b1/_/1/_13126.png,,,208
2515,Saeed Ghani Hina Hair Powder - 100gm,,290,,Personal Care,https://cdn.mycart.pk/media/catalog/product/cache/1/small_image/200x/17f82f742ffe127f42dca9de82fb58b1/_/1/_13098.png,,,211
2516,Saeed Ghani Henna Powder Hair Dye - 100gm,,285,,Personal Care,https://cdn.mycart.pk/media/catalog/product/cache/1/small_image/200x/17f82f742ffe127f42dca9de82fb58b1/_/1/_13280.png,,,214
2517,Saeed Ghani Gaysu Mughziat Shampoo - 200ml,,450,,Personal Care,https://cdn.mycart.pk/media/catalog/product/cache/1/small_image/200x/17f82f742ffe127f42dca9de82fb58b1/8/9/8964000259702_1.jpg,,,217
2518,Saeed Ghani Gaysu Amla Shampoo - 200ml,,450,,Personal Care,https://cdn.mycart.pk/media/catalog/product/cache/1/small_image/200x/17f82f742ffe127f42dca9de82fb58b1/_/1/_14060.png,,,220
2519,Saeed Ghani Foot and Hand Cream - 200ml,,450,,Personal Care,https://cdn.mycart.pk/media/catalog/product/cache/1/small_image/200x/17f82f742ffe127f42dca9de82fb58b1/_/1/_13100_3.png,,,223
2520,Pond's White Beauty Spot-Less Fairness Face Wash - 100gm,,398,,Personal Care,https://cdn.mycart.pk/media/catalog/product/cache/1/small_image/200x/17f82f742ffe127f42dca9de82fb58b1/u/n/untitled-1_7.jpg,,,226
2521,Pond's White Beauty Facial Foam - 100gm,,540,,Personal Care,https://cdn.mycart.pk/media/catalog/product/cache/1/small_image/200x/17f82f742ffe127f42dca9de82fb58b1/w/h/white_beauty_facial_foam.jpg,,,229
2522,Pond's White Beauty Daily Spot-Less Fairness Face Wash - 50gm,,410,,Personal Care,https://cdn.mycart.pk/media/catalog/product/cache/1/small_image/200x/17f82f742ffe127f42dca9de82fb58b1/8/9/8961014009583.jpg,,,232
2523,Pond's Pure White Anti-Pollution and Purity Face Wash - 50gm,,335,,Personal Care,https://cdn.mycart.pk/media/catalog/product/cache/1/small_image/200x/17f82f742ffe127f42dca9de82fb58b1/placeholder/default/265x265.jpg,,,235
2524,Pond's Pimple Clear White Multi Action Facial Wash - 100gm,,445,,Personal Care,https://cdn.mycart.pk/media/catalog/product/cache/1/small_image/200x/17f82f742ffe127f42dca9de82fb58b1/p/i/pimple_clear_white_fw.jpg,,,238
2525,Pond's Age Miracle Cell Regen Facial Foam - 100gm,,939,,Personal Care,https://cdn.mycart.pk/media/catalog/product/cache/1/small_image/200x/17f82f742ffe127f42dca9de82fb58b1/p/o/ponds_facial_foam_age_miracle_100g_thai_.png,,,241
2526,Pears Pure and Gentle Soap - 125gm,,390,,Personal Care,https://cdn.mycart.pk/media/catalog/product/cache/1/small_image/200x/17f82f742ffe127f42dca9de82fb58b1/_/1/_15099.png,,,244
2527,Parodontax Original - 50gm,,230,,Personal Care,https://cdn.mycart.pk/media/catalog/product/cache/1/small_image/200x/17f82f742ffe127f42dca9de82fb58b1/9/2/9200475776504.jpg,,,247
2528,Parodontax Original - 100gm,,380,,Personal Care,https://cdn.mycart.pk/media/catalog/product/cache/1/small_image/200x/17f82f742ffe127f42dca9de82fb58b1/9/2/9200475776108.jpg,,,250
2529,Parodontax Extra Fresh - 50gm,,230,,Personal Care,https://cdn.mycart.pk/media/catalog/product/cache/1/small_image/200x/17f82f742ffe127f42dca9de82fb58b1/9/2/9200475733057.jpg,,,253
2530,Parodontax Extra Fresh - 100gm,,380,,Personal Care,https://cdn.mycart.pk/media/catalog/product/cache/1/small_image/200x/17f82f742ffe127f42dca9de82fb58b1/9/2/9200475733101.jpg,,,256
2531,Parachute Coconut Hair Oil - 200ml,,575,,Personal Care,https://cdn.mycart.pk/media/catalog/product/cache/1/small_image/200x/17f82f742ffe127f42dca9de82fb58b1/_/1/_14935.png,,,259
2532,Pantene Smooth and Strong Shampoo - 650ml,,1450,,Personal Care,https://cdn.mycart.pk/media/catalog/product/cache/1/small_image/200x/17f82f742ffe127f42dca9de82fb58b1/5/4/5410076937509.jpg,,,262
2533,Pantene Smooth and Strong Shampoo - 360ml,,792,,Personal Care,https://cdn.mycart.pk/media/catalog/product/cache/1/small_image/200x/17f82f742ffe127f42dca9de82fb58b1/5/4/5410076937479.jpg,,,265
2534,Pantene Moisture Renewal Shampoo - 400ml,,1660,,Personal Care,https://cdn.mycart.pk/media/catalog/product/cache/1/small_image/200x/17f82f742ffe127f42dca9de82fb58b1/4/0/4015600835149.jpg,,,268
2535,Pantene Moisture Renewal Shampoo - 200ml,,890,,Personal Care,https://cdn.mycart.pk/media/catalog/product/cache/1/small_image/200x/17f82f742ffe127f42dca9de82fb58b1/4/0/4015600834982.jpg,,,271
2536,Pantene Milky Extra Treatment Shampoo - 650ml,,1440,,Personal Care,https://cdn.mycart.pk/media/catalog/product/cache/1/small_image/200x/17f82f742ffe127f42dca9de82fb58b1/4/0/4015600882754.jpg,,,274
2537,Pantene Milky Extra Treatment Shampoo - 185ml,,460,,Personal Care,https://cdn.mycart.pk/media/catalog/product/cache/1/small_image/200x/17f82f742ffe127f42dca9de82fb58b1/_/0/_01589_1.jpg,,,277
2538,Pantene Deep Black Shampoo - 360ml,,792,,Personal Care,https://cdn.mycart.pk/media/catalog/product/cache/1/small_image/200x/17f82f742ffe127f42dca9de82fb58b1/5/4/5410076937790.jpg,,,280
2539,Pantene Deep Black Shampoo - 185ml,,460,,Personal Care,https://cdn.mycart.pk/media/catalog/product/cache/1/small_image/200x/17f82f742ffe127f42dca9de82fb58b1/_/0/_01595_1.jpg,,,283
2540,Pantene Conditioner Smooth and Strong - 180ml,,485,,Personal Care,https://cdn.mycart.pk/media/catalog/product/cache/1/small_image/200x/17f82f742ffe127f42dca9de82fb58b1/2/0/20190227_163456.jpg,,,286
2541,Pantene Anti Hair Fall Reduces Hair Fall Shampoo - 360ml,,930,,Personal Care,https://cdn.mycart.pk/media/catalog/product/cache/1/small_image/200x/17f82f742ffe127f42dca9de82fb58b1/5/4/5410076881840.jpg,,,289
2542,Palmolive Refreshing Moisture Soap - 150gm,,165,,Personal Care,https://cdn.mycart.pk/media/catalog/product/cache/1/small_image/200x/17f82f742ffe127f42dca9de82fb58b1/r/e/refreshing_moisture_150g.jpg,,,292
2543,Palmolive Refreshing Moisture Soap - 115gm,,138,,Personal Care,https://cdn.mycart.pk/media/catalog/product/cache/1/small_image/200x/17f82f742ffe127f42dca9de82fb58b1/r/e/refreshing_moisture_115gm.jpg,,,295
2544,Palmolive Refreshing Moisture Soap (Pack of 3) - 110gm,,395,,Personal Care,https://cdn.mycart.pk/media/catalog/product/cache/1/small_image/200x/17f82f742ffe127f42dca9de82fb58b1/2/0/20190211_135330.jpg,,,298
2545,Palmolive Refreshing Moisture Soap (Pack of 3) - 110gm,,360,,Personal Care,https://cdn.mycart.pk/media/catalog/product/cache/1/small_image/200x/17f82f742ffe127f42dca9de82fb58b1/2/0/20190507_113500.jpg,,,301
2546,Palmolive Refreshing Moisture Glow Soap - 110gm,,125,,Personal Care,https://cdn.mycart.pk/media/catalog/product/cache/1/small_image/200x/17f82f742ffe127f42dca9de82fb58b1/2/0/20190509_110839.jpg,,,304
2547,Palmolive Refreshing Glow Soap (Pack of 3) - 110gm,,290,,Personal Care,https://cdn.mycart.pk/media/catalog/product/cache/1/small_image/200x/17f82f742ffe127f42dca9de82fb58b1/2/0/20190801_125400.jpg,,,307
2548,Palmolive Radiant Glow Soap - 145gm,,135,,Personal Care,https://cdn.mycart.pk/media/catalog/product/cache/1/small_image/200x/17f82f742ffe127f42dca9de82fb58b1/2/0/20190823_132328.jpg,,,310
2549,Palmolive Nourishing Sensation Soap - 165gm,,175,,Personal Care,https://cdn.mycart.pk/media/catalog/product/cache/1/small_image/200x/17f82f742ffe127f42dca9de82fb58b1/n/o/nourishing_sensation_150gm.jpg,,,313
2550,Palmolive Nourishing Sensation Soap - 145gm,,155,,Personal Care,https://cdn.mycart.pk/media/catalog/product/cache/1/small_image/200x/17f82f742ffe127f42dca9de82fb58b1/8/8/8886950031583.jpg,,,316
2551,Palmolive Nourishing Sensation Soap - 110gm,,138,,Personal Care,https://cdn.mycart.pk/media/catalog/product/cache/1/small_image/200x/17f82f742ffe127f42dca9de82fb58b1/n/o/nourishing_sensation_115gm.jpg,,,319
2552,Palmolive Nourishing Sensation Soap (Pack of 3) - 145gm,,420,,Personal Care,https://cdn.mycart.pk/media/catalog/product/cache/1/small_image/200x/17f82f742ffe127f42dca9de82fb58b1/8/8/8886950039138.jpg,,,322
2553,Palmolive Nourishing Sensation Soap (Pack of 3) - 130gm,,425,,Personal Care,https://cdn.mycart.pk/media/catalog/product/cache/1/small_image/200x/17f82f742ffe127f42dca9de82fb58b1/_/1/_12596_2.jpg,,,325
2554,Palmolive Moisturizing Glow Soap - 145gm,,138,,Personal Care,https://cdn.mycart.pk/media/catalog/product/cache/1/small_image/200x/17f82f742ffe127f42dca9de82fb58b1/p/a/palmolive.jpg,,,328
2555,Palmolive Moisturizing Glow Soap - 109gm,,125,,Personal Care,https://cdn.mycart.pk/media/catalog/product/cache/1/small_image/200x/17f82f742ffe127f42dca9de82fb58b1/2/0/20190211_135408.jpg,,,331
2556,Palmolive Moisture Care Soap - 150gm,,160,,Personal Care,https://cdn.mycart.pk/media/catalog/product/cache/1/small_image/200x/17f82f742ffe127f42dca9de82fb58b1/p/a/palmolive_moisture_care_soap_-_150gm.jpg,,,334
2557,Palmolive Moisture Care Soap - 110gm,,125,,Personal Care,https://cdn.mycart.pk/media/catalog/product/cache/1/small_image/200x/17f82f742ffe127f42dca9de82fb58b1/8/8/886950031521.jpg,,,337
2558,Palmolive Moisture Care Soap - 110gm,,138,,Personal Care,https://cdn.mycart.pk/media/catalog/product/cache/1/small_image/200x/17f82f742ffe127f42dca9de82fb58b1/p/a/palmolive_moisture_care_soap_-_115gm.jpg,,,340
2559,Palmolive Flawless Glow Soap - 128gm,,145,,Personal Care,https://cdn.mycart.pk/media/catalog/product/cache/1/small_image/200x/17f82f742ffe127f42dca9de82fb58b1/2/0/20190122_105821.jpg,,,343
2560,Palmolive Flawless Clean Soap - 150gm,,165,,Personal Care,https://cdn.mycart.pk/media/catalog/product/cache/1/small_image/200x/17f82f742ffe127f42dca9de82fb58b1/f/l/flawless_clean_150gm.jpg,,,346
2561,Palmolive Flawless Clean Soap - 110gm,,125,,Personal Care,https://cdn.mycart.pk/media/catalog/product/cache/1/small_image/200x/17f82f742ffe127f42dca9de82fb58b1/2/0/20190506_110517.jpg,,,349
2562,Palmolive Flawless Clean Soap - 110gm,,138,,Personal Care,https://cdn.mycart.pk/media/catalog/product/cache/1/small_image/200x/17f82f742ffe127f42dca9de82fb58b1/f/l/flawless_clean_115gm.jpg,,,352
2563,Palmolive Brilliant Shine Shampoo Pearl Essence & Camellia Oil - 180ml,,385,,Personal Care,https://cdn.mycart.pk/media/catalog/product/cache/1/small_image/200x/17f82f742ffe127f42dca9de82fb58b1/p/a/palmolive_1.jpg,,,355
2564,Palmolive Balanced and Mild Soap - 150gm,,165,,Personal Care,https://cdn.mycart.pk/media/catalog/product/cache/1/small_image/200x/17f82f742ffe127f42dca9de82fb58b1/b/a/balanced___mild_150gm.jpg,,,358
2565,Palmolive Balanced and Mild Soap - 110gm,,138,,Personal Care,https://cdn.mycart.pk/media/catalog/product/cache/1/small_image/200x/17f82f742ffe127f42dca9de82fb58b1/b/a/balanced___mild_115gm.jpg,,,361
2566,Palmolive Antibacterial White Tea Hand Wash - 225ml,,320,,Personal Care,https://cdn.mycart.pk/media/catalog/product/cache/1/small_image/200x/17f82f742ffe127f42dca9de82fb58b1/w/h/white_tea_pic.png,,,364
2567,Palmolive Anti Bacterial Hand Wash - 250ml,,370,,Personal Care,https://cdn.mycart.pk/media/catalog/product/cache/1/small_image/200x/17f82f742ffe127f42dca9de82fb58b1/_/0/_01395_1.jpg,,,367
2568,Palmolive Aloe Vera and Chamomile Hand Wash -225ml,,290,,Personal Care,https://cdn.mycart.pk/media/catalog/product/cache/1/small_image/200x/17f82f742ffe127f42dca9de82fb58b1/_/1/_13388.jpg,,,370
2569,Oral B Tooth Brush Pro Expert Medium,,600,,Personal Care,https://cdn.mycart.pk/media/catalog/product/cache/1/small_image/200x/17f82f742ffe127f42dca9de82fb58b1/_/1/_12869.png,,,373
2570,Nivea Soft Moisturising Cream - 100ml,,1200,,Personal Care,https://cdn.mycart.pk/media/catalog/product/cache/1/small_image/200x/17f82f742ffe127f42dca9de82fb58b1/_/0/_04083_2.jpg,,,376
2571,Nivea Shea Smooth Dry Skin Body Lotion - 250ml,,1640,,Personal Care,https://cdn.mycart.pk/media/catalog/product/cache/1/small_image/200x/17f82f742ffe127f42dca9de82fb58b1/8/9/89e3f7a73e89cf2f73cb7164c1440162_1_.jpg,,,379
2572,Nivea Sensual Musk Body Lotion - 250ml,,1800,,Personal Care,https://cdn.mycart.pk/media/catalog/product/cache/1/small_image/200x/17f82f742ffe127f42dca9de82fb58b1/_/0/_02229_2.jpg,,,382
2573,Nivea Natural Fairness Body Lotion - 250ml,,1885,,Personal Care,https://cdn.mycart.pk/media/catalog/product/cache/1/small_image/200x/17f82f742ffe127f42dca9de82fb58b1/1/0/1007961-1.jpg,,,385
2574,Nivea Men Silver Protect Polar Blue Body Spray - 150ml,,1800,,Personal Care,https://cdn.mycart.pk/media/catalog/product/cache/1/small_image/200x/17f82f742ffe127f42dca9de82fb58b1/_/0/_02249_2.jpg,,,388
2575,Nivea Facial Cleansing Wipes Daily Essential,,700,,Personal Care,https://cdn.mycart.pk/media/catalog/product/cache/1/small_image/200x/17f82f742ffe127f42dca9de82fb58b1/_/0/_02265_2.jpg,,,391
2576,Nivea Express Hydration Body Lotion - 400ml,,2470,,Personal Care,https://cdn.mycart.pk/media/catalog/product/cache/1/small_image/200x/17f82f742ffe127f42dca9de82fb58b1/d/s/dsc_0088.png,,,394
2577,Nivea Express Hydration Body Lotion - 250ml,,1999,,Personal Care,https://cdn.mycart.pk/media/catalog/product/cache/1/small_image/200x/17f82f742ffe127f42dca9de82fb58b1/d/s/dsc_0090.png,,,397
2578,Nivea Creme - 60ml,,840,,Personal Care,https://cdn.mycart.pk/media/catalog/product/cache/1/small_image/200x/17f82f742ffe127f42dca9de82fb58b1/_/0/_04085_8.jpg,,,400
2579,Nivea Creme - 150ml,,1660,,Personal Care,https://cdn.mycart.pk/media/catalog/product/cache/1/small_image/200x/17f82f742ffe127f42dca9de82fb58b1/_/0/_04089_2.jpg,,,403
2580,Nivea Body Lotion For Very Dry Skin - 250ml,,1800,,Personal Care,https://cdn.mycart.pk/media/catalog/product/cache/1/small_image/200x/17f82f742ffe127f42dca9de82fb58b1/_/0/_07939_1.jpg,,,406
2581,Nexera Jumbo Pack Tooth Paste - 140gm,,310,,Personal Care,https://cdn.mycart.pk/media/catalog/product/cache/1/small_image/200x/17f82f742ffe127f42dca9de82fb58b1/_/0/_08329.jpg,,,409
2582,Medicam Small Valentine Fragrance of Love Talcum Powder,,199,,Personal Care,https://cdn.mycart.pk/media/catalog/product/cache/1/small_image/200x/17f82f742ffe127f42dca9de82fb58b1/m/e/medicam_valentine_fragrance_of_love_small_.jpg,,,412
2583,Medicam Shampoo (Large) - 200ml,,240,,Personal Care,https://cdn.mycart.pk/media/catalog/product/cache/1/small_image/200x/17f82f742ffe127f42dca9de82fb58b1/m/e/medicam_shampoo_large_size_200ml.jpg,,,415
2584,Medicam Shampoo (Family Pack) - 300ml,,290,,Personal Care,https://cdn.mycart.pk/media/catalog/product/cache/1/small_image/200x/17f82f742ffe127f42dca9de82fb58b1/m/e/medicam_shampoo_family_pack_300ml.jpg,,,418
2585,Medicam Pro-Tech Dental Cream - 70gm,,220,,Personal Care,https://cdn.mycart.pk/media/catalog/product/cache/1/small_image/200x/17f82f742ffe127f42dca9de82fb58b1/m/e/medicam_pro-tec_dental_cream_70g.jpg,,,421
2586,Medicam Pro-Tech Dental Cream - 40gm,,170,,Personal Care,https://cdn.mycart.pk/media/catalog/product/cache/1/small_image/200x/17f82f742ffe127f42dca9de82fb58b1/m/e/medicam_pro-tec_dental_cream_40g.jpg,,,424
2587,Medicam Pro-Tech Dental Cream - 200gm,,365,,Personal Care,https://cdn.mycart.pk/media/catalog/product/cache/1/small_image/200x/17f82f742ffe127f42dca9de82fb58b1/m/e/medicam_pro-tec_dental_cream_200g.jpg,,,427
2588,Medicam Herbal Freshness - 150gm,,320,,Personal Care,https://cdn.mycart.pk/media/catalog/product/cache/1/small_image/200x/17f82f742ffe127f42dca9de82fb58b1/m/e/medicam_herbal_freshness_150g.jpg,,,430
2589,Medicam Herbal Freshness (With Brush) - 75gm,,180,,Personal Care,https://cdn.mycart.pk/media/catalog/product/cache/1/small_image/200x/17f82f742ffe127f42dca9de82fb58b1/m/e/medicam_herbal_freshness_75g.jpg,,,433
2590,Medicam Freckle Cream,,400,,Personal Care,https://cdn.mycart.pk/media/catalog/product/cache/1/small_image/200x/17f82f742ffe127f42dca9de82fb58b1/m/e/medicam_freckle_cream.jpg,,,436
2591,Medicam Evening in Paris Small Perfumed Talc,,199,,Personal Care,https://cdn.mycart.pk/media/catalog/product/cache/1/small_image/200x/17f82f742ffe127f42dca9de82fb58b1/e/v/evening_in_paris_perfumed_talc_small_.jpg,,,439
2592,Medicam Evening in Paris Perfumed Talc Big,,360,,Personal Care,https://cdn.mycart.pk/media/catalog/product/cache/1/small_image/200x/17f82f742ffe127f42dca9de82fb58b1/e/v/evening_in_paris_perfumed_talc_big_.jpg,,,442
2593,Medicam Dental Cream BP - 65gm,,180,,Personal Care,https://cdn.mycart.pk/media/catalog/product/cache/1/small_image/200x/17f82f742ffe127f42dca9de82fb58b1/m/e/medicam_dental_cream_bp_70g.jpg,,,445
2594,Medicam Dental Cream BP - 200gm,,320,,Personal Care,https://cdn.mycart.pk/media/catalog/product/cache/1/small_image/200x/17f82f742ffe127f42dca9de82fb58b1/m/e/medicam_dental_cream_bp_200g.jpg,,,448
2595,Medicam Dental Cream - 65gm,,210,,Personal Care,https://cdn.mycart.pk/media/catalog/product/cache/1/small_image/200x/17f82f742ffe127f42dca9de82fb58b1/6/2/6291101520113.jpg,,,451
2596,Medicam Dental Cream - 180gm,,270,,Personal Care,https://cdn.mycart.pk/media/catalog/product/cache/1/small_image/200x/17f82f742ffe127f42dca9de82fb58b1/m/e/medicam_dental_cream_200g.jpg,,,454
2597,Medicam Dental Cream - 140gm,,270,,Personal Care,https://cdn.mycart.pk/media/catalog/product/cache/1/small_image/200x/17f82f742ffe127f42dca9de82fb58b1/m/e/medicam_dental_cream_150g.jpg,,,457
2598,Medicam Dental Cream - 100gm,,240,,Personal Care,https://cdn.mycart.pk/media/catalog/product/cache/1/small_image/200x/17f82f742ffe127f42dca9de82fb58b1/m/e/medicam_dental_cream_100g.jpg,,,460
2599,Medicam Bleach Cream (Large),,390,,Personal Care,https://cdn.mycart.pk/media/catalog/product/cache/1/small_image/200x/17f82f742ffe127f42dca9de82fb58b1/m/e/medicam_cream_bleach.jpg,,,463
2600,Macho Sport Deodorant Soap for Men - 110gm,,135,,Personal Care,https://cdn.mycart.pk/media/catalog/product/cache/1/small_image/200x/17f82f742ffe127f42dca9de82fb58b1/_/0/_08459.jpg,,,466
2601,Macho Gentle Deodorant Soap for Men - 110gm,,135,,Personal Care,https://cdn.mycart.pk/media/catalog/product/cache/1/small_image/200x/17f82f742ffe127f42dca9de82fb58b1/_/0/_08457.jpg,,,469
2602,Macho Extreme Deodorant Soap for Men - 110gm,,135,,Personal Care,https://cdn.mycart.pk/media/catalog/product/cache/1/small_image/200x/17f82f742ffe127f42dca9de82fb58b1/_/0/_08461.jpg,,,472
2603,Lux Velvet Touch Soap - 98gm,,125,,Personal Care,https://cdn.mycart.pk/media/catalog/product/cache/1/small_image/200x/17f82f742ffe127f42dca9de82fb58b1/8/9/8961014015294.jpg,,,475
2604,Lux Velvet Touch Soap - 175gm,,182,,Personal Care,https://cdn.mycart.pk/media/catalog/product/cache/1/small_image/200x/17f82f742ffe127f42dca9de82fb58b1/_/1/_15071.png,,,478
2605,Lux Velvet Touch Soap (Pack of 3) - 98gm,,320,,Personal Care,https://cdn.mycart.pk/media/catalog/product/cache/1/small_image/200x/17f82f742ffe127f42dca9de82fb58b1/8/9/8961014015379.jpg,,,481
2606,Lux Velvet Touch Soap (Pack of 3) - 138gm,,390,,Personal Care,https://cdn.mycart.pk/media/catalog/product/cache/1/small_image/200x/17f82f742ffe127f42dca9de82fb58b1/8/9/8961014013474.jpg,,,484
2607,Lux Sweet Embrace Soap - 170gm,,182,,Personal Care,https://cdn.mycart.pk/media/catalog/product/cache/1/small_image/200x/17f82f742ffe127f42dca9de82fb58b1/d/s/dsc_0284.png,,,487
2608,Lux Soft Touch Soap - 175gm,,182,,Personal Care,https://cdn.mycart.pk/media/catalog/product/cache/1/small_image/200x/17f82f742ffe127f42dca9de82fb58b1/_/1/_15075.png,,,490
2609,Lux Soft Touch Soap (Pack of 3) - 3 x 140gm,,395,,Personal Care,https://cdn.mycart.pk/media/catalog/product/cache/1/small_image/200x/17f82f742ffe127f42dca9de82fb58b1/8/9/8961014007473.png,,,493
2610,Lux Soft Touch Soap (Pack of 3) - 140gm,,395,,Personal Care,https://cdn.mycart.pk/media/catalog/product/cache/1/small_image/200x/17f82f742ffe127f42dca9de82fb58b1/l/u/lux_soft_touch.png,,,496
2611,Lux Soap Velvet Touch White - 128gm,,145,,Personal Care,https://cdn.mycart.pk/media/catalog/product/cache/1/small_image/200x/17f82f742ffe127f42dca9de82fb58b1/8/9/8961014015300.jpg,,,499
2612,Lux Soap Soft Touch (Pink) - 98gm,,125,,Personal Care,https://cdn.mycart.pk/media/catalog/product/cache/1/small_image/200x/17f82f742ffe127f42dca9de82fb58b1/_/0/_01697.jpg,,,502
2613,Lux Soap Soft Touch (Pink) - 128gm,,155,,Personal Care,https://cdn.mycart.pk/media/catalog/product/cache/1/small_image/200x/17f82f742ffe127f42dca9de82fb58b1/8/9/8961014015324_1.jpg,,,505
2614,Lux Silk Sensation Soap - 170gm,,182,,Personal Care,https://cdn.mycart.pk/media/catalog/product/cache/1/small_image/200x/17f82f742ffe127f42dca9de82fb58b1/_/1/_15081.png,,,508
2615,Lux Secret Bliss Soap - 170gm,,235,,Personal Care,https://cdn.mycart.pk/media/catalog/product/cache/1/small_image/200x/17f82f742ffe127f42dca9de82fb58b1/6/2/6281006479722_1.jpg,,,511
2616,Lux Purple Lotus and Cream Soap - 110gm,,129,,Personal Care,https://cdn.mycart.pk/media/catalog/product/cache/1/small_image/200x/17f82f742ffe127f42dca9de82fb58b1/2/0/20190515_110426.jpg,,,514
2617,Lux Magical Beauty Soap - 170gm,,182,,Personal Care,https://cdn.mycart.pk/media/catalog/product/cache/1/small_image/200x/17f82f742ffe127f42dca9de82fb58b1/_/1/_15079.png,,,517
2618,Lux Hypnotic Rose Soap - 140gm,,165,,Personal Care,https://cdn.mycart.pk/media/catalog/product/cache/1/small_image/200x/17f82f742ffe127f42dca9de82fb58b1/2/0/20181221_155558.jpg,,,520
2619,Lux Elegant Gardenia Soap - 140gm,,165,,Personal Care,https://cdn.mycart.pk/media/catalog/product/cache/1/small_image/200x/17f82f742ffe127f42dca9de82fb58b1/8/9/8961014013603.jpg,,,523
2620,Lux Dream Delight Soap - 170gm,,182,,Personal Care,https://cdn.mycart.pk/media/catalog/product/cache/1/small_image/200x/17f82f742ffe127f42dca9de82fb58b1/d/s/dsc_0282.png,,,526
2621,Lux Creamy Perfection Soap - 170gm,,182,,Personal Care,https://cdn.mycart.pk/media/catalog/product/cache/1/small_image/200x/17f82f742ffe127f42dca9de82fb58b1/_/1/_15069.png,,,529
2622,Lux Charming Magnolia Soap - 145gm,,169,,Personal Care,https://cdn.mycart.pk/media/catalog/product/cache/1/small_image/200x/17f82f742ffe127f42dca9de82fb58b1/8/9/8961014013610.jpg,,,532
2623,Lux Beauty Aqua Sparkle Soap imp - 170gm,,182,,Personal Care,https://cdn.mycart.pk/media/catalog/product/cache/1/small_image/200x/17f82f742ffe127f42dca9de82fb58b1/d/s/dsc_0280.png,,,535
2624,Listerine Spearmint Mouthwash - 250ml,,755,,Personal Care,https://cdn.mycart.pk/media/catalog/product/cache/1/small_image/200x/17f82f742ffe127f42dca9de82fb58b1/_/1/_14730.png,,,538
2625,Lifebuoy Total-10 Hand Wash - 900ml,,855,,Personal Care,https://cdn.mycart.pk/media/catalog/product/cache/1/small_image/200x/17f82f742ffe127f42dca9de82fb58b1/1/0/1094lif_hero_refill_1_l_total_190916_copy.jpg,,,541
2626,Lifebuoy Total 10 Soap - 98gm,,110,,Personal Care,https://cdn.mycart.pk/media/catalog/product/cache/1/small_image/200x/17f82f742ffe127f42dca9de82fb58b1/1/0/1094lif_hero_bar_115g_total_190916.jpg,,,544
2627,Lifebuoy Total 10 Soap - 128gm,,130,,Personal Care,https://cdn.mycart.pk/media/catalog/product/cache/1/small_image/200x/17f82f742ffe127f42dca9de82fb58b1/2/0/20190610_103547.jpg,,,547
2628,Lifebuoy Total 10 Hand Wash - 200ml,,270,,Personal Care,https://cdn.mycart.pk/media/catalog/product/cache/1/small_image/200x/17f82f742ffe127f42dca9de82fb58b1/1/0/1094lif_hero_220ml_total_190916.jpg,,,550
2629,Lifebuoy Strong and Thick Shampoo - 650ml,,975,,Personal Care,https://cdn.mycart.pk/media/catalog/product/cache/1/small_image/200x/17f82f742ffe127f42dca9de82fb58b1/1/1/1144888-1.jpg,,,553
2630,Lifebuoy Strong and Long Herbal Shampoo - 375ml,,620,,Personal Care,https://cdn.mycart.pk/media/catalog/product/cache/1/small_image/200x/17f82f742ffe127f42dca9de82fb58b1/_/1/_12724.png,,,556
2631,Lifebuoy Silky Soft Shampoo - 650ml,,975,,Personal Care,https://cdn.mycart.pk/media/catalog/product/cache/1/small_image/200x/17f82f742ffe127f42dca9de82fb58b1/1/1/1113784-1.jpg,,,559
2632,Lifebuoy Silky Soft Shampoo - 375ml,,620,,Personal Care,https://cdn.mycart.pk/media/catalog/product/cache/1/small_image/200x/17f82f742ffe127f42dca9de82fb58b1/_/1/_12726.png,,,562
2633,Lifebuoy Silky Soft Shampoo - 175ml,,360,,Personal Care,https://cdn.mycart.pk/media/catalog/product/cache/1/small_image/200x/17f82f742ffe127f42dca9de82fb58b1/_/1/_12718.png,,,565
2634,Lifebuoy Nature Soap - 98gm,,110,,Personal Care,https://cdn.mycart.pk/media/catalog/product/cache/1/small_image/200x/17f82f742ffe127f42dca9de82fb58b1/1/0/1094lif_hero_bar_115g_naturecare_190916.jpg,,,568
2635,Lifebuoy Nature Soap - 128gm,,130,,Personal Care,https://cdn.mycart.pk/media/catalog/product/cache/1/small_image/200x/17f82f742ffe127f42dca9de82fb58b1/2/0/20190610_103612.jpg,,,571
2636,Lifebuoy Mild Care Soap - 98gm,,110,,Personal Care,https://cdn.mycart.pk/media/catalog/product/cache/1/small_image/200x/17f82f742ffe127f42dca9de82fb58b1/1/0/1094lif_hero_bar_115g_mildcare_190916.jpg,,,574
2637,Lifebuoy Mild Care Soap - 162gm,,150,,Personal Care,https://cdn.mycart.pk/media/catalog/product/cache/1/small_image/200x/17f82f742ffe127f42dca9de82fb58b1/1/0/1094lif_hero_bar_150g_mildcare_190916.jpg,,,577
2638,Lifebuoy Mild Care Soap (Pack of 3) - 98gm,,355,,Personal Care,https://cdn.mycart.pk/media/catalog/product/cache/1/small_image/200x/17f82f742ffe127f42dca9de82fb58b1/l/i/lifebuoy_care_soap_115g_pack_of_3_save_rs._10-_1.jpg,,,580
2639,Lifebuoy Mild Care Handwash - 400ml,,455,,Personal Care,https://cdn.mycart.pk/media/catalog/product/cache/1/small_image/200x/17f82f742ffe127f42dca9de82fb58b1/_/1/_12644.png,,,583
2640,Lifebuoy Mild Care Hand Wash - 900ml,,855,,Personal Care,https://cdn.mycart.pk/media/catalog/product/cache/1/small_image/200x/17f82f742ffe127f42dca9de82fb58b1/1/0/1094lif_hero_refill_1_l_mildcare_190916_copy.jpg,,,586
2641,Lifebuoy Mild Care Hand Wash - 200ml,,270,,Personal Care,https://cdn.mycart.pk/media/catalog/product/cache/1/small_image/200x/17f82f742ffe127f42dca9de82fb58b1/1/0/1094lif_hero_220ml_mildcare_190916.jpg,,,589
2642,Lifebuoy Lemon Fresh - 128gm,,130,,Personal Care,https://cdn.mycart.pk/media/catalog/product/cache/1/small_image/200x/17f82f742ffe127f42dca9de82fb58b1/l/i/lifebuoy_lemon.png,,,592
2643,Lifebuoy Herbal Shampoo - 650ml,,975,,Personal Care,https://cdn.mycart.pk/media/catalog/product/cache/1/small_image/200x/17f82f742ffe127f42dca9de82fb58b1/l/i/lifebuoy_herbal_shampoo_-_650ml.jpg,,,595
2644,Lifebuoy Anti Hairfall Shampoo - 375ml,,620,,Personal Care,https://cdn.mycart.pk/media/catalog/product/cache/1/small_image/200x/17f82f742ffe127f42dca9de82fb58b1/_/1/_12728.png,,,598
2645,Lifebuoy Anti Hairfall Shampoo - 175ml,,360,,Personal Care,https://cdn.mycart.pk/media/catalog/product/cache/1/small_image/200x/17f82f742ffe127f42dca9de82fb58b1/_/1/_12720.png,,,601
2646,Lifebuoy Anti Dandruff Shampoo - 175ml,,360,,Personal Care,https://cdn.mycart.pk/media/catalog/product/cache/1/small_image/200x/17f82f742ffe127f42dca9de82fb58b1/8/9/8961014003222.jpg,,,604
2647,Lifebuoy Active Fresh Menthol Hand Wash - 900ml,,855,,Personal Care,https://cdn.mycart.pk/media/catalog/product/cache/1/small_image/200x/17f82f742ffe127f42dca9de82fb58b1/1/0/1094lif_hero_refill_1_l_coolfresh_190916_copy.jpg,,,607
2648,Lifebuoy Activ+Nature Herbal Soap - 128gm,,130,,Personal Care,https://cdn.mycart.pk/media/catalog/product/cache/1/small_image/200x/17f82f742ffe127f42dca9de82fb58b1/2/0/20190904_144734.jpg,,,610
2649,Kryolan TV Paint Stick (FS-38),,5705,,Personal Care,https://cdn.mycart.pk/media/catalog/product/cache/1/small_image/200x/17f82f742ffe127f42dca9de82fb58b1/k/r/kryolan_tv_paint_stick_fs-38_.jpg,,,613
2650,Kiwi White Liquid Shoe Polish - 100ml,,220,,Personal Care,https://cdn.mycart.pk/media/catalog/product/cache/1/small_image/200x/17f82f742ffe127f42dca9de82fb58b1/_/1/_12189.png,,,616
2651,Kiwi White Cleaner Liquid with applicator - 50ml,,130,,Personal Care,https://cdn.mycart.pk/media/catalog/product/cache/1/small_image/200x/17f82f742ffe127f42dca9de82fb58b1/k/i/kiwi5.jpg,,,619
2652,Kiwi Sponge Express Shoe Shine,,395,,Personal Care,https://cdn.mycart.pk/media/catalog/product/cache/1/small_image/200x/17f82f742ffe127f42dca9de82fb58b1/_/1/_12175.png,,,622
2653,Kiwi Shoe Black Polish - 90ml,,720,,Personal Care,https://cdn.mycart.pk/media/catalog/product/cache/1/small_image/200x/17f82f742ffe127f42dca9de82fb58b1/_/1/_12195.png,,,625
2654,Kiwi Shoe Black Polish - 45ml,,460,,Personal Care,https://cdn.mycart.pk/media/catalog/product/cache/1/small_image/200x/17f82f742ffe127f42dca9de82fb58b1/_/1/_12203.png,,,628
2655,Kiwi Neutral Shoe Cream - 45gm,,450,,Personal Care,https://cdn.mycart.pk/media/catalog/product/cache/1/small_image/200x/17f82f742ffe127f42dca9de82fb58b1/_/1/_12392.jpg,,,631
2656,Kiwi Liquid Shoe Polish Neutral - 75ml,,450,,Personal Care,https://cdn.mycart.pk/media/catalog/product/cache/1/small_image/200x/17f82f742ffe127f42dca9de82fb58b1/8/9/8964000749449_1.png,,,634
2657,Kiwi Liquid Neutral Shoe Polish - 75ml,,490,,Personal Care,https://cdn.mycart.pk/media/catalog/product/cache/1/small_image/200x/17f82f742ffe127f42dca9de82fb58b1/_/1/_13586_1.png,,,637
2658,Kiwi Liquid Dark Tan Shoe Polish - 75ml,,490,,Personal Care,https://cdn.mycart.pk/media/catalog/product/cache/1/small_image/200x/17f82f742ffe127f42dca9de82fb58b1/_/1/_12179.png,,,640
2659,Kiwi Liquid Black Shoe Polish - 75ml,,490,,Personal Care,https://cdn.mycart.pk/media/catalog/product/cache/1/small_image/200x/17f82f742ffe127f42dca9de82fb58b1/_/1/_12181.png,,,643
2660,Kiwi Leather Light Tan Shoe Cream - 45ml,,440,,Personal Care,https://cdn.mycart.pk/media/catalog/product/cache/1/small_image/200x/17f82f742ffe127f42dca9de82fb58b1/k/i/kiwi1.jpg,,,646
2661,Kiwi Leather Black Shoe Cream - 45ml,,440,,Personal Care,https://cdn.mycart.pk/media/catalog/product/cache/1/small_image/200x/17f82f742ffe127f42dca9de82fb58b1/k/i/kiwi2.jpg,,,649
2662,Kiwi Dark Tan Shoe Polish - 90ml,,720,,Personal Care,https://cdn.mycart.pk/media/catalog/product/cache/1/small_image/200x/17f82f742ffe127f42dca9de82fb58b1/_/1/_12199.png,,,652
2663,Kiwi Dark Tan Shoe Polish - 45ml,,470,,Personal Care,https://cdn.mycart.pk/media/catalog/product/cache/1/small_image/200x/17f82f742ffe127f42dca9de82fb58b1/_/1/_12197.png,,,655
2664,Kiwi Dark Tan Shoe Polish - 20ml,,260,,Personal Care,https://cdn.mycart.pk/media/catalog/product/cache/1/small_image/200x/17f82f742ffe127f42dca9de82fb58b1/k/i/kiwi3.jpg,,,658
2665,Kiwi Dark Tan Shoe Cream - 45gm,,450,,Personal Care,https://cdn.mycart.pk/media/catalog/product/cache/1/small_image/200x/17f82f742ffe127f42dca9de82fb58b1/_/1/_12177.png,,,661
2666,Kiwi Black Shoe Polish - 20ml,,280,,Personal Care,https://cdn.mycart.pk/media/catalog/product/cache/1/small_image/200x/17f82f742ffe127f42dca9de82fb58b1/_/1/_12201.png,,,664
2667,Kiwi Black Shoe Cream - 45gm,,450,,Personal Care,https://cdn.mycart.pk/media/catalog/product/cache/1/small_image/200x/17f82f742ffe127f42dca9de82fb58b1/_/1/_12171.png,,,667
2668,Johnson's Daily Essentials Facial Wash - 150ml,,1080,,Personal Care,https://cdn.mycart.pk/media/catalog/product/cache/1/small_image/200x/17f82f742ffe127f42dca9de82fb58b1/_/0/_06800.jpg,,,670
2669,Johnson's Baby Soap - 100gm,,265,,Personal Care,https://cdn.mycart.pk/media/catalog/product/cache/1/small_image/200x/17f82f742ffe127f42dca9de82fb58b1/i/m/image_1_1.jpg,,,673
2670,Johnson's Baby Shampoo - 200ml,,650,,Personal Care,https://cdn.mycart.pk/media/catalog/product/cache/1/small_image/200x/17f82f742ffe127f42dca9de82fb58b1/j/o/johnson_s_baby_shampoo_200ml.jpg,,,676
2671,Johnson's 24 Hour Moisture Soft Cream - 300ml,,2100,,Personal Care,https://cdn.mycart.pk/media/catalog/product/cache/1/small_image/200x/17f82f742ffe127f42dca9de82fb58b1/j/o/johnson_s_24_hour_moisture_soft_cream_300ml_1.jpg,,,679
2672,Himalaya Neem Face Wash - 100ml,,565,,Personal Care,https://cdn.mycart.pk/media/catalog/product/cache/1/small_image/200x/17f82f742ffe127f42dca9de82fb58b1/h/i/himalaya_face_wash_neem_100ml.jpg,,,682
2673,Hemani Pure Natural Sri Lankan Coconut Oil - 400ml,,710,,Personal Care,https://cdn.mycart.pk/media/catalog/product/cache/1/small_image/200x/17f82f742ffe127f42dca9de82fb58b1/d/s/dsc_0646.jpg,,,685
2674,Hemani Papaya Herbal Soap - 100gm,,210,,Personal Care,https://cdn.mycart.pk/media/catalog/product/cache/1/small_image/200x/17f82f742ffe127f42dca9de82fb58b1/8/9/8964000737019.jpg,,,688
2675,Hemani Herbal Soap Cucumber - 100gm,,210,,Personal Care,https://cdn.mycart.pk/media/catalog/product/cache/1/small_image/200x/17f82f742ffe127f42dca9de82fb58b1/8/9/8964000737026.jpg,,,691
2676,Hemani Herbal Cucumber and Aloe Vera Soap Tin Pack - 100gm,,400,,Personal Care,https://cdn.mycart.pk/media/catalog/product/cache/1/small_image/200x/17f82f742ffe127f42dca9de82fb58b1/8/9/8964000736227.jpg,,,694
2677,Hemani Herbal Argan Soap Tin Pack - 100gm,,400,,Personal Care,https://cdn.mycart.pk/media/catalog/product/cache/1/small_image/200x/17f82f742ffe127f42dca9de82fb58b1/8/9/8964000736210.jpg,,,697
2678,Hemani cucumber Aloe vera Soap - 100gm,,210,,Personal Care,https://cdn.mycart.pk/media/catalog/product/cache/1/small_image/200x/17f82f742ffe127f42dca9de82fb58b1/8/9/8964000737545.jpg,,,700
2679,Hemani Antiseptic Hand Sanitizer 250ml,,400,,Personal Care,https://cdn.mycart.pk/media/catalog/product/cache/1/small_image/200x/17f82f742ffe127f42dca9de82fb58b1/h/e/hemani_hand_sanitizer.jpg,,,703
2680,Hemani Amla Green Hair Oil Box - 200ml,,490,,Personal Care,https://cdn.mycart.pk/media/catalog/product/cache/1/small_image/200x/17f82f742ffe127f42dca9de82fb58b1/8/9/8964001149972.jpg,,,706
2681,Hemani Amla Gold Hair Oil Box - 200ml,,490,,Personal Care,https://cdn.mycart.pk/media/catalog/product/cache/1/small_image/200x/17f82f742ffe127f42dca9de82fb58b1/8/9/8964001149989.jpg,,,709
2682,Head and Shoulders Silky Black Shampoo - 650ml,,1480,,Personal Care,https://cdn.mycart.pk/media/catalog/product/cache/1/small_image/200x/17f82f742ffe127f42dca9de82fb58b1/4/0/4015600374808_2.jpg,,,712
2683,Head and Shoulders Refreshing Shampoo - 360ml,,910,,Personal Care,https://cdn.mycart.pk/media/catalog/product/cache/1/small_image/200x/17f82f742ffe127f42dca9de82fb58b1/5/4/5410076513840.jpg,,,715
2684,Head and Shoulders Refreshing Anti Dandruff Shampoo - 185ml,,530,,Personal Care,https://cdn.mycart.pk/media/catalog/product/cache/1/small_image/200x/17f82f742ffe127f42dca9de82fb58b1/5/0/5011321390737.jpg,,,718
2685,Head and Shoulders Moisturizing Scalp Care Shampoo - 700ml,,1480,,Personal Care,https://cdn.mycart.pk/media/catalog/product/cache/1/small_image/200x/17f82f742ffe127f42dca9de82fb58b1/4/0/4015600374839_1.jpg,,,721
2686,Head and Shoulders Anti Hair Fall Shampoo - 650ml,,1480,,Personal Care,https://cdn.mycart.pk/media/catalog/product/cache/1/small_image/200x/17f82f742ffe127f42dca9de82fb58b1/4/0/4015600374907_1.jpg,,,724
2687,Head and Shoulder Silky Black Shampoo - 400ml,,960,,Personal Care,https://cdn.mycart.pk/media/catalog/product/cache/1/small_image/200x/17f82f742ffe127f42dca9de82fb58b1/_/0/_01437_1.jpg,,,727
2688,Head and Shoulder Silky Black Shampoo - 185ml,,530,,Personal Care,https://cdn.mycart.pk/media/catalog/product/cache/1/small_image/200x/17f82f742ffe127f42dca9de82fb58b1/5/0/5011321360709.jpg,,,730
2689,Head and Shoulder Moisturizing Scalp Care Shampoo - 400ml,,960,,Personal Care,https://cdn.mycart.pk/media/catalog/product/cache/1/small_image/200x/17f82f742ffe127f42dca9de82fb58b1/5/0/5013965919251.jpg,,,733
2690,Head and Shoulder Itchy Scalp Care Shampoo - 400ml,,910,,Personal Care,https://cdn.mycart.pk/media/catalog/product/cache/1/small_image/200x/17f82f742ffe127f42dca9de82fb58b1/4/0/4015600379681.jpg,,,736
2691,Head and Shoulder Classic Clean Shampoo - 360ml,,960,,Personal Care,https://cdn.mycart.pk/media/catalog/product/cache/1/small_image/200x/17f82f742ffe127f42dca9de82fb58b1/_/0/_01443_1.jpg,,,739
2692,Head and Shoulder Anti Hairfall Shampoo - 185ml,,530,,Personal Care,https://cdn.mycart.pk/media/catalog/product/cache/1/small_image/200x/17f82f742ffe127f42dca9de82fb58b1/5/0/5011321525924.jpg,,,742
2693,Head and Shoulder Anti Dandruff Shampoo - 360ml,,910,,Personal Care,https://cdn.mycart.pk/media/catalog/product/cache/1/small_image/200x/17f82f742ffe127f42dca9de82fb58b1/_/1/_12444.png,,,745
2694,Head & Shoulders Shampoo Classic Clean - 650ml,,1480,,Personal Care,https://cdn.mycart.pk/media/catalog/product/cache/1/small_image/200x/17f82f742ffe127f42dca9de82fb58b1/4/0/4015600374778_1.jpg,,,748
2695,Head & Shoulders Anti Hair Fall Shampoo - 360ml,,910,,Personal Care,https://cdn.mycart.pk/media/catalog/product/cache/1/small_image/200x/17f82f742ffe127f42dca9de82fb58b1/4/0/400_anti-hairfall.jpg,,,751
2696,head & shoulders anti dandruff smooth & silky shampoo 185ml,,530,,Personal Care,https://cdn.mycart.pk/media/catalog/product/cache/1/small_image/200x/17f82f742ffe127f42dca9de82fb58b1/5/0/5011321359819.png,,,754
2697,Head & Shoulder Moisturizing Scalp Care Shampoo - 185ml,,530,,Personal Care,https://cdn.mycart.pk/media/catalog/product/cache/1/small_image/200x/17f82f742ffe127f42dca9de82fb58b1/5/0/5013965640476.jpg,,,757
2698,Head & Shoulder 2in1 - Lively & Silky Shampoo - 360ml,,910,,Personal Care,https://cdn.mycart.pk/media/catalog/product/cache/1/small_image/200x/17f82f742ffe127f42dca9de82fb58b1/4/0/400_lively_silky.jpg,,,760
2699,Hashmi Surmi Special - 4.5gm,,160,,Personal Care,https://cdn.mycart.pk/media/catalog/product/cache/1/small_image/200x/17f82f742ffe127f42dca9de82fb58b1/d/s/dsc_0754.png,,,763
2700,Hashmi Kajal Eye Liner Stick,,120,,Personal Care,https://cdn.mycart.pk/media/catalog/product/cache/1/small_image/200x/17f82f742ffe127f42dca9de82fb58b1/d/s/dsc_0769.png,,,766
2701,Hashmi Kajal - 4.5gm,,160,,Personal Care,https://cdn.mycart.pk/media/catalog/product/cache/1/small_image/200x/17f82f742ffe127f42dca9de82fb58b1/d/s/dsc_0748.png,,,769
2702,Hashmi Arq-e-Gulab Spray - 100ml,,210,,Personal Care,https://cdn.mycart.pk/media/catalog/product/cache/1/small_image/200x/17f82f742ffe127f42dca9de82fb58b1/d/s/dsc_0776.png,,,772
2703,Hair Net Disposable Nurse Cap (Pack of 100),,300,,Personal Care,https://cdn.mycart.pk/media/catalog/product/cache/1/small_image/200x/17f82f742ffe127f42dca9de82fb58b1/u/n/untitled-2_5.jpg,,,775
2704,Gorey Innova Soft Tooth Brush,,140,,Personal Care,https://cdn.mycart.pk/media/catalog/product/cache/1/small_image/200x/17f82f742ffe127f42dca9de82fb58b1/d/s/dsc_0175_1.png,,,778
2705,Gillette Regular Shaving Foam - 200ml,,1100,,Personal Care,https://cdn.mycart.pk/media/catalog/product/cache/1/small_image/200x/17f82f742ffe127f42dca9de82fb58b1/3/0/3014260228743.jpg,,,781
2706,Gillette Menthol Shaving Foam - 200ml,,1100,,Personal Care,https://cdn.mycart.pk/media/catalog/product/cache/1/small_image/200x/17f82f742ffe127f42dca9de82fb58b1/3/0/3014260228767.jpg,,,784
2707,Gillette Mach3 Turbo Razors,,2950,,Personal Care,https://cdn.mycart.pk/media/catalog/product/cache/1/small_image/200x/17f82f742ffe127f42dca9de82fb58b1/3/0/3014260305154.jpg,,,787
2708,Gillette Mach3 Irritation Defense Shave Gel - 200ml,,1200,,Personal Care,https://cdn.mycart.pk/media/catalog/product/cache/1/small_image/200x/17f82f742ffe127f42dca9de82fb58b1/_/1/_14508.png,,,790
2709,Gillette Lemon and Lime Shaving Foam - 200ml,,1100,,Personal Care,https://cdn.mycart.pk/media/catalog/product/cache/1/small_image/200x/17f82f742ffe127f42dca9de82fb58b1/3/0/3014260228750.jpg,,,793
2710,Gillette Fusion Proglide Sensitive Shave Gel - 200ml,,1100,,Personal Care,https://cdn.mycart.pk/media/catalog/product/cache/1/small_image/200x/17f82f742ffe127f42dca9de82fb58b1/_/0/_08375.jpg,,,796
2711,Gillette Cartridges Fusion Blades Razor (Pack of 4),,3889,,Personal Care,https://cdn.mycart.pk/media/catalog/product/cache/1/small_image/200x/17f82f742ffe127f42dca9de82fb58b1/_/1/_14524.png,,,799
2712,Gillette Blue3 Disposable Razors,,390,,Personal Care,https://cdn.mycart.pk/media/catalog/product/cache/1/small_image/200x/17f82f742ffe127f42dca9de82fb58b1/_/0/_08385.jpg,,,802
2713,Gillette Blue3 Cartridges (Pack of 6),,3300,,Personal Care,https://cdn.mycart.pk/media/catalog/product/cache/1/small_image/200x/17f82f742ffe127f42dca9de82fb58b1/_/1/_14514.png,,,805
2714,Gillette Blue3 Cartridges (Pack of 3),,1899,,Personal Care,https://cdn.mycart.pk/media/catalog/product/cache/1/small_image/200x/17f82f742ffe127f42dca9de82fb58b1/_/1/_14516.png,,,808
2715,Gillette Blue II Plus Slalom Disposable Razor (Pack of 3),,625,,Personal Care,https://cdn.mycart.pk/media/catalog/product/cache/1/small_image/200x/17f82f742ffe127f42dca9de82fb58b1/_/0/_08391.jpg,,,811
2716,Gillette Blue II Plus Slalom Disposable Razor,,220,,Personal Care,https://cdn.mycart.pk/media/catalog/product/cache/1/small_image/200x/17f82f742ffe127f42dca9de82fb58b1/_/0/_08493.jpg,,,814
2717,Gillette Blue 3 Comfort,,335,,Personal Care,https://cdn.mycart.pk/media/catalog/product/cache/1/small_image/200x/17f82f742ffe127f42dca9de82fb58b1/1/1/1190749-1.jpg,,,817
2718,Gillette Blades 7'O Clock (Pack of 5),,160,,Personal Care,https://cdn.mycart.pk/media/catalog/product/cache/1/small_image/200x/17f82f742ffe127f42dca9de82fb58b1/_/1/_14536.png,,,820
2719,Gillette 2 Disposable Razor (Pack of 3),,550,,Personal Care,https://cdn.mycart.pk/media/catalog/product/cache/1/small_image/200x/17f82f742ffe127f42dca9de82fb58b1/3/0/3014260282691.jpg,,,823
2720,Gillette 2 Disposable Razor,,200,,Personal Care,https://cdn.mycart.pk/media/catalog/product/cache/1/small_image/200x/17f82f742ffe127f42dca9de82fb58b1/_/0/_08399.jpg,,,826
2721,Garnier Oil Clear Mineral Clay and Menthol Deep Cleansing Face Wash - 50ml,,350,,Personal Care,https://cdn.mycart.pk/media/catalog/product/cache/1/small_image/200x/17f82f742ffe127f42dca9de82fb58b1/g/a/garnier_oil_clear_deep_cleansing_face_wash_mineral_clay_menthol_50ml.png,,,829
2722,Garnier Oil Clear Mineral Clay and Menthol Deep Cleansing Face Wash - 100ml,,720,,Personal Care,https://cdn.mycart.pk/media/catalog/product/cache/1/small_image/200x/17f82f742ffe127f42dca9de82fb58b1/g/a/garnier_oil_clear_deep_cleansing_face_wash_mineral_clay_menthol_100ml.png,,,832
2723,Garnier Men Power white Intensive Fairness Face Wash - 100ml,,720,,Personal Care,https://cdn.mycart.pk/media/catalog/product/cache/1/small_image/200x/17f82f742ffe127f42dca9de82fb58b1/g/a/garnier_men_power_white_intensive_fairness_face_wash_100ml_2.png,,,835
2724,Garnier Men Power White Double Action Face Wash - 100gm,,720,,Personal Care,https://cdn.mycart.pk/media/catalog/product/cache/1/small_image/200x/17f82f742ffe127f42dca9de82fb58b1/g/p/gpw.jpg,,,838
2725,Garnier Men Power white Double Action Black Charcoal IcyClay Complex Face Wash - 50gm,,390,,Personal Care,https://cdn.mycart.pk/media/catalog/product/cache/1/small_image/200x/17f82f742ffe127f42dca9de82fb58b1/g/a/garnier_men_power_white_intensive_fairness_face_wash_100ml_1.png,,,841
2726,Garnier Men Power Light Sweat and Oil Control Fairness Moisturiser - 45gm,,365,,Personal Care,https://cdn.mycart.pk/media/catalog/product/cache/1/small_image/200x/17f82f742ffe127f42dca9de82fb58b1/d/i/diwali_bumper_offer_sale_promotional.jpg,,,844
2727,Garnier Men Oil Clear Matcha D Tox Skin Purifying Gel Face Wash - 50gm,,350,,Personal Care,https://cdn.mycart.pk/media/catalog/product/cache/1/small_image/200x/17f82f742ffe127f42dca9de82fb58b1/g/a/garnier_men_oil_clear_matcha_d-tox_skin_purifying_gel_face_wash_100g_1.jpg,,,847
2728,Garnier Men Oil Clear Matcha D Tox Skin Purifying Gel Face Wash - 100gm,,720,,Personal Care,https://cdn.mycart.pk/media/catalog/product/cache/1/small_image/200x/17f82f742ffe127f42dca9de82fb58b1/g/a/garnier_men_oil_clear_matcha_d-tox_skin_purifying_gel_face_wash_100g.jpg,,,850
2729,Garnier Men Acno Fight 6 In 1 Pimple Clearing Face Wash - 50ml,,350,,Personal Care,https://cdn.mycart.pk/media/catalog/product/cache/1/small_image/200x/17f82f742ffe127f42dca9de82fb58b1/g/a/garnier_men_acno_fight_6_in_1_pimple_clearing_face_wash_50ml.png,,,853
2730,Garnier Men Acno Fight 6 In 1 Pimple Clearing Face Wash - 100ml,,720,,Personal Care,https://cdn.mycart.pk/media/catalog/product/cache/1/small_image/200x/17f82f742ffe127f42dca9de82fb58b1/g/a/garnier_men_acno_fight_6_in_1_pimple_clearing_face_wash_50ml_1.png,,,856
2731,Forhan's Classic Tooth Paste - 100gm,,265,,Personal Care,https://cdn.mycart.pk/media/catalog/product/cache/1/small_image/200x/17f82f742ffe127f42dca9de82fb58b1/f/o/forhan_s.jpg,,,859
2732,Fay Cotton Buds Box (Pack of 100),,160,,Personal Care,https://cdn.mycart.pk/media/catalog/product/cache/1/small_image/200x/17f82f742ffe127f42dca9de82fb58b1/c/o/cottonbud_jar_100_for_website-removebg-preview.png,,,862
2733,Fair and Lovely Pimple Off Fairness On Face Wash - 50gm,,280,,Personal Care,https://cdn.mycart.pk/media/catalog/product/cache/1/small_image/200x/17f82f742ffe127f42dca9de82fb58b1/_/1/_12730.png,,,865
2734,Fair and Lovely Instant Glow Clean-up Facewash - 50gm,,340,,Personal Care,https://cdn.mycart.pk/media/catalog/product/cache/1/small_image/200x/17f82f742ffe127f42dca9de82fb58b1/2/0/20190506_111548.jpg,,,868
2735,Fair and Lovely Advanced Multi-Vitamin Fairness Cream - 70ml,,490,,Personal Care,https://cdn.mycart.pk/media/catalog/product/cache/1/small_image/200x/17f82f742ffe127f42dca9de82fb58b1/f/a/fair_lovely_cream_multi_vitamin_jar_70ml.jpg,,,871
2736,Fair & Lovely Advanced Multi-Vitamin Fairness Cream - 50gm,,445,,Personal Care,https://cdn.mycart.pk/media/catalog/product/cache/1/small_image/200x/17f82f742ffe127f42dca9de82fb58b1/1/2/1208386-1.jpg,,,874
2737,Fair & Lovely Advanced Multi-Vitamin Fairness Cream - 25gm,,210,,Personal Care,https://cdn.mycart.pk/media/catalog/product/cache/1/small_image/200x/17f82f742ffe127f42dca9de82fb58b1/f/n/fnl0185_fal_ecommerce_130716_vd_advmultivitamin_cream_50g.jpg,,,877
2738,Fa White Grape Roll On - 50ml,,550,,Personal Care,https://cdn.mycart.pk/media/catalog/product/cache/1/small_image/200x/17f82f742ffe127f42dca9de82fb58b1/_/0/_09429.jpg,,,880
2739,Fa NutriSkin Care and Protect - 50ml,,550,,Personal Care,https://cdn.mycart.pk/media/catalog/product/cache/1/small_image/200x/17f82f742ffe127f42dca9de82fb58b1/_/0/_09219.jpg,,,883
2740,Fa Glaroumos Moments Pricious Scent - 50ml,,550,,Personal Care,https://cdn.mycart.pk/media/catalog/product/cache/1/small_image/200x/17f82f742ffe127f42dca9de82fb58b1/_/0/_09221.jpg,,,886
2741,Fa Fresh Jasmine Roll On - 50ml,,550,,Personal Care,https://cdn.mycart.pk/media/catalog/product/cache/1/small_image/200x/17f82f742ffe127f42dca9de82fb58b1/1/1/1148752-1.png,,,889
2742,Fa Floral Protect Poppy and Bluebell - 50ml,,550,,Personal Care,https://cdn.mycart.pk/media/catalog/product/cache/1/small_image/200x/17f82f742ffe127f42dca9de82fb58b1/_/0/_09217.jpg,,,892
2743,Fa Aqua Roll On - 50ml,,530,,Personal Care,https://cdn.mycart.pk/media/catalog/product/cache/1/small_image/200x/17f82f742ffe127f42dca9de82fb58b1/_/0/_09403.jpg,,,895
2744,EU Lily Wax Strips (Pack of 10),,545,,Personal Care,https://cdn.mycart.pk/media/catalog/product/cache/1/small_image/200x/17f82f742ffe127f42dca9de82fb58b1/_/1/_11061.jpg,,,898
2745,EU Lavender Wax Strips (Pack of 10),,545,,Personal Care,https://cdn.mycart.pk/media/catalog/product/cache/1/small_image/200x/17f82f742ffe127f42dca9de82fb58b1/_/1/_11055.jpg,,,901
2746,EU Hair Removing Cream - 75ml,,270,,Personal Care,https://cdn.mycart.pk/media/catalog/product/cache/1/small_image/200x/17f82f742ffe127f42dca9de82fb58b1/_/1/_11031.jpg,,,904
2747,EU Hair Remover Lotion - 50ml,,190,,Personal Care,https://cdn.mycart.pk/media/catalog/product/cache/1/small_image/200x/17f82f742ffe127f42dca9de82fb58b1/_/1/_11033.jpg,,,907
2748,EU Hair Removal Cream - 100ml,,330,,Personal Care,https://cdn.mycart.pk/media/catalog/product/cache/1/small_image/200x/17f82f742ffe127f42dca9de82fb58b1/_/1/_11027.jpg,,,910
2749,EU Cucumber Wax Strips (Pack of 10),,545,,Personal Care,https://cdn.mycart.pk/media/catalog/product/cache/1/small_image/200x/17f82f742ffe127f42dca9de82fb58b1/_/1/_11059.jpg,,,913
2750,EU Creame Hair Removing Lotion - 100ml,,350,,Personal Care,https://cdn.mycart.pk/media/catalog/product/cache/1/small_image/200x/17f82f742ffe127f42dca9de82fb58b1/_/1/_11035.jpg,,,916
2751,EU Cream Safe and Smooth Hair Remover - 30ml,,165,,Personal Care,https://cdn.mycart.pk/media/catalog/product/cache/1/small_image/200x/17f82f742ffe127f42dca9de82fb58b1/_/1/_11029.jpg,,,919
2752,EU Chocolate Wax Strips (Pack of 10),,545,,Personal Care,https://cdn.mycart.pk/media/catalog/product/cache/1/small_image/200x/17f82f742ffe127f42dca9de82fb58b1/_/1/_11057.jpg,,,922
2753,Enchanteur Rose Body Mist - 150ml,,880,,Personal Care,https://cdn.mycart.pk/media/catalog/product/cache/1/small_image/200x/17f82f742ffe127f42dca9de82fb58b1/e/n/enchanteur-rose-oud-amour-perfumed-deo-spray-150ml.jpg,,,925
2754,Enchanteur Romantic Perfumed Talc - 250gm,,960,,Personal Care,https://cdn.mycart.pk/media/catalog/product/cache/1/small_image/200x/17f82f742ffe127f42dca9de82fb58b1/w/h/whatsapp_image_2022-06-11_at_12.12.09_pm.jpeg,,,928
2755,Eden Roc Prickly Heat -225gms,,285,,Personal Care,https://cdn.mycart.pk/media/catalog/product/cache/1/small_image/200x/17f82f742ffe127f42dca9de82fb58b1/2/0/20190618_161526_1.jpg,,,931
2756,Eden Roc Prickly Heat - 125gm,,220,,Personal Care,https://cdn.mycart.pk/media/catalog/product/cache/1/small_image/200x/17f82f742ffe127f42dca9de82fb58b1/2/0/20190618_161643.jpg,,,934
2757,Dove Straight and Silky Tube Conditioner - 180ml,,460,,Personal Care,https://cdn.mycart.pk/media/catalog/product/cache/1/small_image/200x/17f82f742ffe127f42dca9de82fb58b1/2/8/28250144-0-a.png,,,937
2758,Dove Straight and Silky Shampoo - 360ml,,840,,Personal Care,https://cdn.mycart.pk/media/catalog/product/cache/1/small_image/200x/17f82f742ffe127f42dca9de82fb58b1/2/8/28250134-0-a.png,,,940
2759,Dove Straight and Silky Shampoo - 175ml,,490,,Personal Care,https://cdn.mycart.pk/media/catalog/product/cache/1/small_image/200x/17f82f742ffe127f42dca9de82fb58b1/2/8/28250135-0-a.png,,,943
2760,Dove Pink/Rosa Soap - 135gm,,450,,Personal Care,https://cdn.mycart.pk/media/catalog/product/cache/1/small_image/200x/17f82f742ffe127f42dca9de82fb58b1/_/0/_01303_1.jpg,,,946
2761,Dove Original Beauty Soap - 106gm,,450,,Personal Care,https://cdn.mycart.pk/media/catalog/product/cache/1/small_image/200x/17f82f742ffe127f42dca9de82fb58b1/_/1/_13856.png,,,949
2762,Dove Nourishing Oil Care Shampoo - 360ml,,840,,Personal Care,https://cdn.mycart.pk/media/catalog/product/cache/1/small_image/200x/17f82f742ffe127f42dca9de82fb58b1/2/8/28250214-0-a.png,,,952
2763,Dove Nourishing Oil Care Shampoo - 175ml,,535,,Personal Care,https://cdn.mycart.pk/media/catalog/product/cache/1/small_image/200x/17f82f742ffe127f42dca9de82fb58b1/2/8/28250381-0-a.png,,,955
2764,Dove Intense Repair Shampoo - 175ml,,535,,Personal Care,https://cdn.mycart.pk/media/catalog/product/cache/1/small_image/200x/17f82f742ffe127f42dca9de82fb58b1/2/8/28250141-0-a.png,,,958
2765,Dove Intense Repair Conditioner - 180ml,,535,,Personal Care,https://cdn.mycart.pk/media/catalog/product/cache/1/small_image/200x/17f82f742ffe127f42dca9de82fb58b1/2/8/28250508-0-a.png,,,961
2766,Dove Hairfall Rescue Shampoo - 175ml,,490,,Personal Care,https://cdn.mycart.pk/media/catalog/product/cache/1/small_image/200x/17f82f742ffe127f42dca9de82fb58b1/2/8/28250137-0-a.png,,,964
2767,Dove Hair Fall Rescue Shampoo - 360ml,,860,,Personal Care,https://cdn.mycart.pk/media/catalog/product/cache/1/small_image/200x/17f82f742ffe127f42dca9de82fb58b1/2/8/28250136-0-a.png,,,967
2768,Dove Hair Fall Rescue Conditioner - 180ml,,490,,Personal Care,https://cdn.mycart.pk/media/catalog/product/cache/1/small_image/200x/17f82f742ffe127f42dca9de82fb58b1/2/0/20190902_152319.jpg,,,970
2769,Dove Go Fresh Pomegranate and Lemon Deodorant - 50ml,,1280,,Personal Care,https://cdn.mycart.pk/media/catalog/product/cache/1/small_image/200x/17f82f742ffe127f42dca9de82fb58b1/_/0/_09205.jpg,,,973
2770,Dove Fresh Touch Soap - 135gm,,450,,Personal Care,https://cdn.mycart.pk/media/catalog/product/cache/1/small_image/200x/17f82f742ffe127f42dca9de82fb58b1/_/0/_01305_1.jpg,,,976
2771,Dove Dryness Care Shampoo - 360ml,,840,,Personal Care,https://cdn.mycart.pk/media/catalog/product/cache/1/small_image/200x/17f82f742ffe127f42dca9de82fb58b1/2/8/28250138-0-a.png,,,979
2772,Dove Dryness Care Shampoo - 175ml,,490,,Personal Care,https://cdn.mycart.pk/media/catalog/product/cache/1/small_image/200x/17f82f742ffe127f42dca9de82fb58b1/2/8/28250139-0-a.png,,,982
2773,Dove Dryness Care Conditioner - 180ml,,490,,Personal Care,https://cdn.mycart.pk/media/catalog/product/cache/1/small_image/200x/17f82f742ffe127f42dca9de82fb58b1/2/0/20190902_152235.jpg,,,985
2774,Dove Daily Shine Shampoo - 360ml,,790,,Personal Care,https://cdn.mycart.pk/media/catalog/product/cache/1/small_image/200x/17f82f742ffe127f42dca9de82fb58b1/2/8/28250132-0-a.png,,,988
2775,Dove Daily Shine Shampoo - 175ml,,490,,Personal Care,https://cdn.mycart.pk/media/catalog/product/cache/1/small_image/200x/17f82f742ffe127f42dca9de82fb58b1/2/8/28250133-0-a.png,,,991
2776,Dove Caring Hand Wash - 250ml,,730,,Personal Care,https://cdn.mycart.pk/media/catalog/product/cache/1/small_image/200x/17f82f742ffe127f42dca9de82fb58b1/1/0/1023183-1.jpg,,,994
2777,Dove Beauty Cream - 150ml,,675,,Personal Care,https://cdn.mycart.pk/media/catalog/product/cache/1/small_image/200x/17f82f742ffe127f42dca9de82fb58b1/d/o/dove-beauty-cream-150-ml.jpg,,,997
2778,Doctor Tooth Paste Family Brush Pack - 100gm,,260,,Personal Care,https://cdn.mycart.pk/media/catalog/product/cache/1/small_image/200x/17f82f742ffe127f42dca9de82fb58b1/_/0/_08323.jpg,,,1000
2779,Doctor Tooth Paste Brush Pack - 70gm,,190,,Personal Care,https://cdn.mycart.pk/media/catalog/product/cache/1/small_image/200x/17f82f742ffe127f42dca9de82fb58b1/_/0/_08321.jpg,,,1003
2780,Doctor Tooth Paste Big Saver Brush Pack - 220gm,,450,,Personal Care,https://cdn.mycart.pk/media/catalog/product/cache/1/small_image/200x/17f82f742ffe127f42dca9de82fb58b1/_/0/_08325.jpg,,,1006
2781,Dingling Hair Trimmer (RF-627),,2500,,Personal Care,https://cdn.mycart.pk/media/catalog/product/cache/1/small_image/200x/17f82f742ffe127f42dca9de82fb58b1/d/i/dingling.png,,,1009
2782,Dettol Soap Skin Care (Pack of 3) - 85gm,,360,,Personal Care,https://cdn.mycart.pk/media/catalog/product/cache/1/small_image/200x/17f82f742ffe127f42dca9de82fb58b1/p/i/picture8_1.jpg,,,1012
2783,Dettol SkinCare Soap - 160gm,,195,,Personal Care,https://cdn.mycart.pk/media/catalog/product/cache/1/small_image/200x/17f82f742ffe127f42dca9de82fb58b1/6/0/6001106209285_1.jpg,,,1015
2784,Dettol Skincare Anti-Bacterial Soap - 138gm,,145,,Personal Care,https://cdn.mycart.pk/media/catalog/product/cache/1/small_image/200x/17f82f742ffe127f42dca9de82fb58b1/s/k/skincare-soap-final-145.jpg,,,1018
2785,Dettol Skin Care Hand Wash - 250ml,,340,,Personal Care,https://cdn.mycart.pk/media/catalog/product/cache/1/small_image/200x/17f82f742ffe127f42dca9de82fb58b1/h/a/hand-wash--250g.jpg,,,1021
2786,Dettol Re-Energize Anti-Bacterial Soap - 85Gm,,110,,Personal Care,https://cdn.mycart.pk/media/catalog/product/cache/1/small_image/200x/17f82f742ffe127f42dca9de82fb58b1/6/0/600110620955.jpg,,,1024
2787,Dettol Re-energize Anti-Bacterial Soap - 170gm,,170,,Personal Care,https://cdn.mycart.pk/media/catalog/product/cache/1/small_image/200x/17f82f742ffe127f42dca9de82fb58b1/r/e/re-energize-soap-final-145g.jpg,,,1027
2788,Dettol Re-Energize Anti-Bacterial Soap - 138Gm,,160,,Personal Care,https://cdn.mycart.pk/media/catalog/product/cache/1/small_image/200x/17f82f742ffe127f42dca9de82fb58b1/6/0/6001106209612.jpg,,,1030
2789,Dettol Re-energize Anti-Bacterial Soap - 100gm,,115,,Personal Care,https://cdn.mycart.pk/media/catalog/product/cache/1/small_image/200x/17f82f742ffe127f42dca9de82fb58b1/r/e/re-energize-soap-final-100g.jpg,,,1033
2790,Dettol Re-energize Anti-Bacterial Soap (Pack of 3) - 85gm,,360,,Personal Care,https://cdn.mycart.pk/media/catalog/product/cache/1/small_image/200x/17f82f742ffe127f42dca9de82fb58b1/p/i/picture10_1.jpg,,,1036
2791,Dettol Profresh Re Energize Soap - 130gm,,165,,Personal Care,https://cdn.mycart.pk/media/catalog/product/cache/1/small_image/200x/17f82f742ffe127f42dca9de82fb58b1/6/0/6001106209612_1.jpg,,,1039
2792,Dettol Original Soap - 85gm,,110,,Personal Care,https://cdn.mycart.pk/media/catalog/product/cache/1/small_image/200x/17f82f742ffe127f42dca9de82fb58b1/o/r/original-soap-final-100g.jpg,,,1042
2793,Dettol Original Antibacterial Soap - 130gm,,145,,Personal Care,https://cdn.mycart.pk/media/catalog/product/cache/1/small_image/200x/17f82f742ffe127f42dca9de82fb58b1/6/0/6001106209506_1.jpg,,,1045
2794,Dettol Original Anti-Bacterial Soap - 170gm,,215,,Personal Care,https://cdn.mycart.pk/media/catalog/product/cache/1/small_image/200x/17f82f742ffe127f42dca9de82fb58b1/2/0/2019-02-26_4_.jpg,,,1048
2795,Dettol Original Anti-Bacterial Soap - 115gm,,145,,Personal Care,https://cdn.mycart.pk/media/catalog/product/cache/1/small_image/200x/17f82f742ffe127f42dca9de82fb58b1/o/r/original-soap-final-145g.jpg,,,1051
2796,Dettol Original Anti-Bacterial Soap (Pack of 3) - 85gm,,360,,Personal Care,https://cdn.mycart.pk/media/catalog/product/cache/1/small_image/200x/17f82f742ffe127f42dca9de82fb58b1/p/i/picture7.jpg,,,1054
2797,Dettol Hand Wash Skincare Pouch - 150ml,,280,,Personal Care,https://cdn.mycart.pk/media/catalog/product/cache/1/small_image/200x/17f82f742ffe127f42dca9de82fb58b1/h/a/hand-wash--sds-150.jpg,,,1057
2798,Dettol Hand Wash Skincare - 150ml,,385,,Personal Care,https://cdn.mycart.pk/media/catalog/product/cache/1/small_image/200x/17f82f742ffe127f42dca9de82fb58b1/h/a/hand-wash--.150g.jpg,,,1060
2799,Dettol Hand Wash Original Pump - 150ml,,385,,Personal Care,https://cdn.mycart.pk/media/catalog/product/cache/1/small_image/200x/17f82f742ffe127f42dca9de82fb58b1/h/a/hand-wash-150g.jpg,,,1063
2800,Dettol Hand Wash Original Pouch - 150ml,,280,,Personal Care,https://cdn.mycart.pk/media/catalog/product/cache/1/small_image/200x/17f82f742ffe127f42dca9de82fb58b1/h/a/hand-wash--pauch-150g.jpg,,,1066
2801,Dettol Hand Wash Original - 250ml,,530,,Personal Care,https://cdn.mycart.pk/media/catalog/product/cache/1/small_image/200x/17f82f742ffe127f42dca9de82fb58b1/d/e/dettol_hand_wash_original_250ml.jpg,,,1069
2802,Dettol Hand Sanitizer - 50ml,,300,,Personal Care,https://cdn.mycart.pk/media/catalog/product/cache/1/small_image/200x/17f82f742ffe127f42dca9de82fb58b1/d/e/dettol_hand_sanitizer_50ml.jpg,,,1072
2803,Dettol Cool Soap - 85gm,,110,,Personal Care,https://cdn.mycart.pk/media/catalog/product/cache/1/small_image/200x/17f82f742ffe127f42dca9de82fb58b1/c/o/cool-soap-final-100g.jpg,,,1075
2804,Dettol Antiseptic Liquid - 750ml (Imported),,2100,,Personal Care,https://cdn.mycart.pk/media/catalog/product/cache/1/small_image/200x/17f82f742ffe127f42dca9de82fb58b1/d/e/dettol_750ml_5_.jpg,,,1078
2805,Dettol Antiseptic Liquid - 50ml,,250,,Personal Care,https://cdn.mycart.pk/media/catalog/product/cache/1/small_image/200x/17f82f742ffe127f42dca9de82fb58b1/d/e/dettol-liquid_50ml.jpg,,,1081
2806,Dabur Amla Hair Oil - 200ml,,595,,Personal Care,https://cdn.mycart.pk/media/catalog/product/cache/1/small_image/200x/17f82f742ffe127f42dca9de82fb58b1/_/1/_14259.png,,,1084
2807,Cosee Floss Stick (Pack Of 250),,145,,Personal Care,https://cdn.mycart.pk/media/catalog/product/cache/1/small_image/200x/17f82f742ffe127f42dca9de82fb58b1/_/1/_14215.png,,,1087
2808,Coopex Anti Lice Lotion - 50ml,,620,,Personal Care,https://cdn.mycart.pk/media/catalog/product/cache/1/small_image/200x/17f82f742ffe127f42dca9de82fb58b1/6/0/6001106114985.jpg,,,1090
2809,Cool & Cool Ocean Hand Sanitizer - 250ml,,700,,Personal Care,https://cdn.mycart.pk/media/catalog/product/cache/1/small_image/200x/17f82f742ffe127f42dca9de82fb58b1/_/1/_12968.png,,,1093
2810,Cool & Cool Hand Sanitizer Sensitive - 500ml,,1220,,Personal Care,https://cdn.mycart.pk/media/catalog/product/cache/1/small_image/200x/17f82f742ffe127f42dca9de82fb58b1/1/1/1139950-1_1.jpg,,,1096
2811,Cool & Cool Hand Sanitizer Sensitive - 250ml,,700,,Personal Care,https://cdn.mycart.pk/media/catalog/product/cache/1/small_image/200x/17f82f742ffe127f42dca9de82fb58b1/5/0/5055810001032.jpg,,,1099
2812,Cool & Cool Hand Sanitizer - 250ml,,700,,Personal Care,https://cdn.mycart.pk/media/catalog/product/cache/1/small_image/200x/17f82f742ffe127f42dca9de82fb58b1/_/1/_12964.png,,,1102
2813,Cool & Cool Floral Hand Sanitizer - 250ml,,700,,Personal Care,https://cdn.mycart.pk/media/catalog/product/cache/1/small_image/200x/17f82f742ffe127f42dca9de82fb58b1/_/1/_12966.png,,,1105
2814,Cool & Cool Aqua Hand Sanitizer - 250ml,,700,,Personal Care,https://cdn.mycart.pk/media/catalog/product/cache/1/small_image/200x/17f82f742ffe127f42dca9de82fb58b1/_/1/_12970.png,,,1108
2815,Colgate ZigZag Tooth Brush,,150,,Personal Care,https://cdn.mycart.pk/media/catalog/product/cache/1/small_image/200x/17f82f742ffe127f42dca9de82fb58b1/_/0/_09582.jpg,,,1111
2816,Colgate ZigZag Medium Tooth Brush,,150,,Personal Care,https://cdn.mycart.pk/media/catalog/product/cache/1/small_image/200x/17f82f742ffe127f42dca9de82fb58b1/_/1/_10389.jpg,,,1114
2817,Colgate Zig Zag Plus Medium ToothBrush,,150,,Personal Care,https://cdn.mycart.pk/media/catalog/product/cache/1/small_image/200x/17f82f742ffe127f42dca9de82fb58b1/_/0/_09592.jpg,,,1117
2818,Colgate Twister Tooth Brush,,120,,Personal Care,https://cdn.mycart.pk/media/catalog/product/cache/1/small_image/200x/17f82f742ffe127f42dca9de82fb58b1/_/0/_09594.jpg,,,1120
2819,Colgate Twister Tooth Brush,,120,,Personal Care,https://cdn.mycart.pk/media/catalog/product/cache/1/small_image/200x/17f82f742ffe127f42dca9de82fb58b1/_/0/_04969_2.jpg,,,1123
2820,Colgate Total Advanced Health ToothPaste - 150gm,,480,,Personal Care,https://cdn.mycart.pk/media/catalog/product/cache/1/small_image/200x/17f82f742ffe127f42dca9de82fb58b1/c/o/colgate1.jpg,,,1126
2821,Colgate Toothpaste Sensitive with Sensifoam Multi Protection - 100gm,,380,,Personal Care,https://cdn.mycart.pk/media/catalog/product/cache/1/small_image/200x/17f82f742ffe127f42dca9de82fb58b1/2/0/20190904_144502.jpg,,,1129
2822,Colgate Toothpaste Sensitive Pro Relief Original - 100gm,,390,,Personal Care,https://cdn.mycart.pk/media/catalog/product/cache/1/small_image/200x/17f82f742ffe127f42dca9de82fb58b1/2/0/20190819_113414.jpg,,,1132
2823,Colgate Toothpaste Herbal - 150gm,,290,,Personal Care,https://cdn.mycart.pk/media/catalog/product/cache/1/small_image/200x/17f82f742ffe127f42dca9de82fb58b1/_/0/_00783.jpg,,,1135
2824,Colgate Spider Man Extra Soft Tooth Brush,,120,,Personal Care,https://cdn.mycart.pk/media/catalog/product/cache/1/small_image/200x/17f82f742ffe127f42dca9de82fb58b1/_/0/_09584.jpg,,,1138
2825,Colgate Slim Soft ToothBrush,,185,,Personal Care,https://cdn.mycart.pk/media/catalog/product/cache/1/small_image/200x/17f82f742ffe127f42dca9de82fb58b1/_/0/_04967_2.jpg,,,1141
2826,Colgate Slim Soft Charcoal Bristles Tooth Brush,,185,,Personal Care,https://cdn.mycart.pk/media/catalog/product/cache/1/small_image/200x/17f82f742ffe127f42dca9de82fb58b1/_/0/_04971_2.jpg,,,1144
2827,Colgate Sensitive Pro-Relief Toothpaste - 110gm,,720,,Personal Care,https://cdn.mycart.pk/media/catalog/product/cache/1/small_image/200x/17f82f742ffe127f42dca9de82fb58b1/_/0/_00767_1.jpg,,,1147
2828,Colgate Sensitive Original ToothPaste - 150gm,,360,,Personal Care,https://cdn.mycart.pk/media/catalog/product/cache/1/small_image/200x/17f82f742ffe127f42dca9de82fb58b1/_/0/_05451.jpg,,,1150
2829,Colgate Sensitive Original ToothPaste - 100gm,,280,,Personal Care,https://cdn.mycart.pk/media/catalog/product/cache/1/small_image/200x/17f82f742ffe127f42dca9de82fb58b1/_/0/_00779.jpg,,,1153
2830,Colgate Premier Clean Medium ToothBrush,,90,,Personal Care,https://cdn.mycart.pk/media/catalog/product/cache/1/small_image/200x/17f82f742ffe127f42dca9de82fb58b1/2/0/20190618_112740.jpg,,,1156
2831,Colgate Navigator Plus Tooth Brush,,230,,Personal Care,https://cdn.mycart.pk/media/catalog/product/cache/1/small_image/200x/17f82f742ffe127f42dca9de82fb58b1/_/0/_04973_2.jpg,,,1159
2832,Colgate Navigator Plus Medium ToothBrush,,230,,Personal Care,https://cdn.mycart.pk/media/catalog/product/cache/1/small_image/200x/17f82f742ffe127f42dca9de82fb58b1/_/0/_09590.jpg,,,1162
2833,Colgate Misvak Toothpaste - 100gm,,200,,Personal Care,https://cdn.mycart.pk/media/catalog/product/cache/1/small_image/200x/17f82f742ffe127f42dca9de82fb58b1/2/0/20190613_115254.jpg,,,1165
2834,Colgate Misvak Toothpaste - 100gm,,220,,Personal Care,https://cdn.mycart.pk/media/catalog/product/cache/1/small_image/200x/17f82f742ffe127f42dca9de82fb58b1/_/0/_00773.jpg,,,1168
2835,Colgate Misvak Extract ToothPaste - 50gm,,120,,Personal Care,https://cdn.mycart.pk/media/catalog/product/cache/1/small_image/200x/17f82f742ffe127f42dca9de82fb58b1/2/0/20190425_153507.jpg,,,1171
2836,Colgate Maximum Cavity Protection ToothPaste - 150+23gm,,360,,Personal Care,https://cdn.mycart.pk/media/catalog/product/cache/1/small_image/200x/17f82f742ffe127f42dca9de82fb58b1/1/2/1285155-1.jpg,,,1174
2837,Colgate MaxFresh Spicy Fresh ToothPaste - 75gm,,200,,Personal Care,https://cdn.mycart.pk/media/catalog/product/cache/1/small_image/200x/17f82f742ffe127f42dca9de82fb58b1/m/a/maxfresh_maglens-lg.png,,,1177
2838,Colgate MaxFresh Peppermint Ice ToothPaste - 75gm,,230,,Personal Care,https://cdn.mycart.pk/media/catalog/product/cache/1/small_image/200x/17f82f742ffe127f42dca9de82fb58b1/m/a/maxfresh-peppermint_main-lg.png,,,1180
2839,Colgate MaxFresh Citrus Blast ToothPaste - 75gm,,200,,Personal Care,https://cdn.mycart.pk/media/catalog/product/cache/1/small_image/200x/17f82f742ffe127f42dca9de82fb58b1/_/0/_00763.jpg,,,1183
2840,Colgate Max Fresh Spicy Toothpaste - 125gm,,300,,Personal Care,https://cdn.mycart.pk/media/catalog/product/cache/1/small_image/200x/17f82f742ffe127f42dca9de82fb58b1/1/2/1221006-1.jpg,,,1186
2841,Colgate Herbal ToothPaste - 200gm,,320,,Personal Care,https://cdn.mycart.pk/media/catalog/product/cache/1/small_image/200x/17f82f742ffe127f42dca9de82fb58b1/d/s/dsc_0378.png,,,1189
2842,Colgate Extra Clean Tooth Brush Medium,,100,,Personal Care,https://cdn.mycart.pk/media/catalog/product/cache/1/small_image/200x/17f82f742ffe127f42dca9de82fb58b1/_/0/_09588.jpg,,,1192
2843,Colgate Advanced White ToothPaste - 150gm,,550,,Personal Care,https://cdn.mycart.pk/media/catalog/product/cache/1/small_image/200x/17f82f742ffe127f42dca9de82fb58b1/_/0/_00789.jpg,,,1195
2844,Colgate 360* Whole Mouth Clean Tooth Brush,,250,,Personal Care,https://cdn.mycart.pk/media/catalog/product/cache/1/small_image/200x/17f82f742ffe127f42dca9de82fb58b1/_/0/_06028_2.jpg,,,1198
2845,Colgate 360* Sensitive Pro-Relief Tooth Brush,,250,,Personal Care,https://cdn.mycart.pk/media/catalog/product/cache/1/small_image/200x/17f82f742ffe127f42dca9de82fb58b1/_/0/_06026_2.jpg,,,1201
2846,Colgate 360* Medium Tooth Brush,,250,,Personal Care,https://cdn.mycart.pk/media/catalog/product/cache/1/small_image/200x/17f82f742ffe127f42dca9de82fb58b1/_/0/_04975_2.jpg,,,1204
2847,Clear Cool Black Shine Shampoo - 400ml,,780,,Personal Care,https://cdn.mycart.pk/media/catalog/product/cache/1/small_image/200x/17f82f742ffe127f42dca9de82fb58b1/8/9/8961014011289_1.jpg,,,1207
2848,Clean and Clear Morning Energy Skin Energising Facial Scrub - 150ml,,1600,,Personal Care,https://cdn.mycart.pk/media/catalog/product/cache/1/small_image/200x/17f82f742ffe127f42dca9de82fb58b1/c/l/clean_clear_morning_energy_skin_energising_facial_scrub_150ml.jpg,,,1210
2849,Clean and Clear Morning Energy Shine Control Daily Facial Scrub - 150ml,,1600,,Personal Care,https://cdn.mycart.pk/media/catalog/product/cache/1/small_image/200x/17f82f742ffe127f42dca9de82fb58b1/c/l/clean_clear_morning_energy_shine_control_facial_scrub_150ml.jpg,,,1213
2850,Clean and Clear Foaming Facial Wash Essentials - 100ml,,710,,Personal Care,https://cdn.mycart.pk/media/catalog/product/cache/1/small_image/200x/17f82f742ffe127f42dca9de82fb58b1/_/0/_02819_6.jpg,,,1216
2851,Cherry Blossom White Liquid Polish - 100ml,,350,,Personal Care,https://cdn.mycart.pk/media/catalog/product/cache/1/small_image/200x/17f82f742ffe127f42dca9de82fb58b1/_/0/_02547_1.jpg,,,1219
2852,Cherry Blossom Insta Shiner Sponge,,690,,Personal Care,https://cdn.mycart.pk/media/catalog/product/cache/1/small_image/200x/17f82f742ffe127f42dca9de82fb58b1/c/h/cherry-blossom-instat-shine.jpg,,,1222
2853,Cherry Blossom Dark Tan Shoe Polish - 45ml,,580,,Personal Care,https://cdn.mycart.pk/media/catalog/product/cache/1/small_image/200x/17f82f742ffe127f42dca9de82fb58b1/_/0/_02539_1.jpg,,,1225
2854,Cherry Blossom Dark Tan Shoe Polish - 20ml,,300,,Personal Care,https://cdn.mycart.pk/media/catalog/product/cache/1/small_image/200x/17f82f742ffe127f42dca9de82fb58b1/_/0/_02541_1.jpg,,,1228
2855,Cherry Blossom Black Shoe Polish - 90ml,,780,,Personal Care,https://cdn.mycart.pk/media/catalog/product/cache/1/small_image/200x/17f82f742ffe127f42dca9de82fb58b1/_/1/_12570.png,,,1231
2856,Cherry Blossom Black Shoe Polish - 75ml,,460,,Personal Care,https://cdn.mycart.pk/media/catalog/product/cache/1/small_image/200x/17f82f742ffe127f42dca9de82fb58b1/b/u/buy_2_x_cherry_blossom_black_shoe_polish_75ml_save_up_to_rs.100.jpg,,,1234
2857,Cherry Blossom Black Shoe Polish - 42ml,,580,,Personal Care,https://cdn.mycart.pk/media/catalog/product/cache/1/small_image/200x/17f82f742ffe127f42dca9de82fb58b1/_/0/_02545_1.jpg,,,1237
2858,Cherry Blossom Black Shoe Polish - 20ml,,300,,Personal Care,https://cdn.mycart.pk/media/catalog/product/cache/1/small_image/200x/17f82f742ffe127f42dca9de82fb58b1/_/0/_02543_1.jpg,,,1240
2859,Caresse Soft Antibacterial Hand Wash Peach and Apricot Pie - 450ml,,380,,Personal Care,https://cdn.mycart.pk/media/catalog/product/cache/1/small_image/200x/17f82f742ffe127f42dca9de82fb58b1/l/g/lg_dkhiwv6xizjv6rvv1zbbeb1a2cnxryfffc0qt6nj.jpg,,,1243
2860,Caresse Soft Antibacterial Hand Wash Orchid Ecstasy - 450ml,,380,,Personal Care,https://cdn.mycart.pk/media/catalog/product/cache/1/small_image/200x/17f82f742ffe127f42dca9de82fb58b1/c/a/caresse-antibacterial-hand-wash-orchid-ecstasy-500ml.jpg,,,1246
2861,Caresse Soft Antibacterial Hand Wash Flower Basket - 450ml,,380,,Personal Care,https://cdn.mycart.pk/media/catalog/product/cache/1/small_image/200x/17f82f742ffe127f42dca9de82fb58b1/l/g/lg_pzwcm7f6atrokedksdd6v9lfjy06pows1c2maiwa.jpg,,,1249
2862,Caresse Soft Antibacterial Hand Wash Clean and Fresh - 450ml,,380,,Personal Care,https://cdn.mycart.pk/media/catalog/product/cache/1/small_image/200x/17f82f742ffe127f42dca9de82fb58b1/c/a/caresse-antibacterial-hand-wash-clean-fresh-500ml.jpg,,,1252
2863,Caresse Soft Antibacterial Egypt Violet Hand Wash - 450ml,,380,,Personal Care,https://cdn.mycart.pk/media/catalog/product/cache/1/small_image/200x/17f82f742ffe127f42dca9de82fb58b1/e/g/egypt_violet.jpg,,,1255
2864,Caresse Soft Antibacterial Berry Twister Hand Wash - 450ml,,380,,Personal Care,https://cdn.mycart.pk/media/catalog/product/cache/1/small_image/200x/17f82f742ffe127f42dca9de82fb58b1/b/e/berry_twister.jpg,,,1258
2865,Capri Nourishing Peach Milk Protein Soap - 140gm,,135,,Personal Care,https://cdn.mycart.pk/media/catalog/product/cache/1/small_image/200x/17f82f742ffe127f42dca9de82fb58b1/d/5/d5de3d48096391aa0ce76c7472c101c3.jpg,,,1261
2866,Capri Moisturizing Strawberry Softeners Soap - 160gm,,175,,Personal Care,https://cdn.mycart.pk/media/catalog/product/cache/1/small_image/200x/17f82f742ffe127f42dca9de82fb58b1/d/s/dsc_0534.png,,,43
2867,Capri Moisturizing Aloe-Nurture Extracts Soap - 160gm,,155,,Personal Care,https://cdn.mycart.pk/media/catalog/product/cache/1/small_image/200x/17f82f742ffe127f42dca9de82fb58b1/8/9/8961100022335_2_.jpg,,,46
2868,Capri Moisturizing Aloe-Nurture Extract Soap - 140gm,,135,,Personal Care,https://cdn.mycart.pk/media/catalog/product/cache/1/small_image/200x/17f82f742ffe127f42dca9de82fb58b1/d/s/dsc_0533_1.png,,,49
2869,Capri Moisturizing Aloe-Nurture Extract Soap - 100gm,,128,,Personal Care,https://cdn.mycart.pk/media/catalog/product/cache/1/small_image/200x/17f82f742ffe127f42dca9de82fb58b1/_/1/_14205_1.png,,,52
2870,C.B.C.Coconut Oil Tin - 680gm,,1300,,Personal Care,https://cdn.mycart.pk/media/catalog/product/cache/1/small_image/200x/17f82f742ffe127f42dca9de82fb58b1/8/8/8888011050045_1.jpg,,,55
2871,C.B.C Coconut Hair Oil - 400gm,,880,,Personal Care,https://cdn.mycart.pk/media/catalog/product/cache/1/small_image/200x/17f82f742ffe127f42dca9de82fb58b1/_/0/_09435.jpg,,,58
2872,Butterfly Wide Size Long Napkins (Pack of 16),,480,,Personal Care,https://cdn.mycart.pk/media/catalog/product/cache/1/small_image/200x/17f82f742ffe127f42dca9de82fb58b1/8/9/8964000043455_1.jpg,,,61
2873,Butterfly Ultra Pads Large (Pack of 8),,290,,Personal Care,https://cdn.mycart.pk/media/catalog/product/cache/1/small_image/200x/17f82f742ffe127f42dca9de82fb58b1/8/9/8964000043141_1.jpg,,,64
2874,Butterfly Ultra Pads Extra Large (Pack of 7),,290,,Personal Care,https://cdn.mycart.pk/media/catalog/product/cache/1/small_image/200x/17f82f742ffe127f42dca9de82fb58b1/8/9/8964000043158.jpg,,,67
2875,Butterfly Breathables Ultra Thin Sanitary Napkins Extra Large (Pack of 7),,380,,Personal Care,https://cdn.mycart.pk/media/catalog/product/cache/1/small_image/200x/17f82f742ffe127f42dca9de82fb58b1/8/9/8964000043721_1.jpg,,,70
2876,Butterfly Breathables Ultra Thin Sanitary Napkins Extra Large (Pack of 7),,380,,Personal Care,https://cdn.mycart.pk/media/catalog/product/cache/1/small_image/200x/17f82f742ffe127f42dca9de82fb58b1/8/9/8964000043981.jpg,,,73
2877,Butterfly Breathables Ultra Thin Sanitary Napkins Extra Large (Pack of 10),,480,,Personal Care,https://cdn.mycart.pk/media/catalog/product/cache/1/small_image/200x/17f82f742ffe127f42dca9de82fb58b1/8/9/8964000043714_1.jpg,,,76
2878,Butterfly Breathables Ultra Thin Large Sanitary Napkins (Pack of 8),,380,,Personal Care,https://cdn.mycart.pk/media/catalog/product/cache/1/small_image/200x/17f82f742ffe127f42dca9de82fb58b1/8/9/8964000043998.jpg,,,79
2879,Butterfly Breathables Maxi Thick Sanitary Pads Large (Pack of 9),,380,,Personal Care,https://cdn.mycart.pk/media/catalog/product/cache/1/small_image/200x/17f82f742ffe127f42dca9de82fb58b1/8/9/8964000043677.jpg,,,82
2880,Butterfly Breathables Maxi Thick Sanitary Pads Extra Large (Pack of 8),,380,,Personal Care,https://cdn.mycart.pk/media/catalog/product/cache/1/small_image/200x/17f82f742ffe127f42dca9de82fb58b1/8/9/8964000043684.jpg,,,85
2881,Butterfly Breathables Maxi Thick Sanitary Napkins Large (Pack of 9),,295,,Personal Care,https://cdn.mycart.pk/media/catalog/product/cache/1/small_image/200x/17f82f742ffe127f42dca9de82fb58b1/8/9/8964000043608_1.jpg,,,88
2882,Braun Silk.epil 9 SPA Epilator (7951),,14510,,Personal Care,https://cdn.mycart.pk/media/catalog/product/cache/1/small_image/200x/17f82f742ffe127f42dca9de82fb58b1/_/0/_08365.jpg,,,91
2883,Black Cat Perfumed Talc - 300gm,,440,,Personal Care,https://cdn.mycart.pk/media/catalog/product/cache/1/small_image/200x/17f82f742ffe127f42dca9de82fb58b1/8/9/8964000749937_1.png,,,94
2884,Always Ultra Thin Long Pads (Pack of 16),,965,,Personal Care,https://cdn.mycart.pk/media/catalog/product/cache/1/small_image/200x/17f82f742ffe127f42dca9de82fb58b1/4/0/4015400205227.jpg,,,97
2885,Always Ultra Thin Extra Long Pads (Pack of 7),,470,,Personal Care,https://cdn.mycart.pk/media/catalog/product/cache/1/small_image/200x/17f82f742ffe127f42dca9de82fb58b1/4/0/4015400205258.jpg,,,100
2886,Always Ultra Thin Extra Long Pads (Pack of 14),,1000,,Personal Care,https://cdn.mycart.pk/media/catalog/product/cache/1/small_image/200x/17f82f742ffe127f42dca9de82fb58b1/4/0/4015400205289.jpg,,,103
2887,Always Pads Ultra Thin (Pack of 8),,530,,Personal Care,https://cdn.mycart.pk/media/catalog/product/cache/1/small_image/200x/17f82f742ffe127f42dca9de82fb58b1/4/0/4015400214496_1.jpg,,,106
2888,Always Pads Maxi Thick Long Pads (Pack of 9),,460,,Personal Care,https://cdn.mycart.pk/media/catalog/product/cache/1/small_image/200x/17f82f742ffe127f42dca9de82fb58b1/4/0/4015400417491.jpg,,,109
2889,Always Pads Maxi Thick Extra Long (Pack of 8),,460,,Personal Care,https://cdn.mycart.pk/media/catalog/product/cache/1/small_image/200x/17f82f742ffe127f42dca9de82fb58b1/4/0/4015400457848.jpg,,,112
2890,Always Maxi Thick Long Pads (Pack of 18),,900,,Personal Care,https://cdn.mycart.pk/media/catalog/product/cache/1/small_image/200x/17f82f742ffe127f42dca9de82fb58b1/4/0/4015400416869_1.jpg,,,115
2891,Always Maxi Thick Extra Long Pads (Pack of 16),,820,,Personal Care,https://cdn.mycart.pk/media/catalog/product/cache/1/small_image/200x/17f82f742ffe127f42dca9de82fb58b1/4/0/4015400457879_1.jpg,,,118
2892,Always Diamond Ultra Extra Long Pads (Pack of 12),,920,,Personal Care,https://cdn.mycart.pk/media/catalog/product/cache/1/small_image/200x/17f82f742ffe127f42dca9de82fb58b1/4/0/4015400566212.jpg,,,121
2893,Always Diamond Thin Long Pads (Pack of 16),,820,,Personal Care,https://cdn.mycart.pk/media/catalog/product/cache/1/small_image/200x/17f82f742ffe127f42dca9de82fb58b1/4/0/4015400566151.jpg,,,124
2894,Always Diamond Thin Extra Long Pads (Pack of 7),,460,,Personal Care,https://cdn.mycart.pk/media/catalog/product/cache/1/small_image/200x/17f82f742ffe127f42dca9de82fb58b1/4/0/4015400566182.jpg,,,127
2895,Adidas Power Booster 72H Anti-Perspirant Body Spray - 150ml,,1060,,Personal Care,https://cdn.mycart.pk/media/catalog/product/cache/1/small_image/200x/17f82f742ffe127f42dca9de82fb58b1/3/6/3616303842178.png,,,130
2896,IPong Topspin,,7605,,Home Essentials,https://cdn.mycart.pk/media/catalog/product/cache/1/small_image/200x/17f82f742ffe127f42dca9de82fb58b1/d/s/dsc_0315.jpg,,,133
2897,Sony DVD Player DVP-SR760HP,,4424,,Home Essentials,https://cdn.mycart.pk/media/catalog/product/cache/1/small_image/200x/17f82f742ffe127f42dca9de82fb58b1/_/1/_12371.jpg,,,136
2898,Sony IC Recorder - 4GB,,3500,,Home Essentials,https://cdn.mycart.pk/media/catalog/product/cache/1/small_image/200x/17f82f742ffe127f42dca9de82fb58b1/_/1/_12363.jpg,,,139
2899,Spontex Cotton Flat Mop Set,,1421,,Home Essentials,https://cdn.mycart.pk/media/catalog/product/cache/1/small_image/200x/17f82f742ffe127f42dca9de82fb58b1/_/0/_08123.jpg,,,142
2900,STP Diesel Injector Cleaner - 200ml,,305,,Home Essentials,https://cdn.mycart.pk/media/catalog/product/cache/1/small_image/200x/17f82f742ffe127f42dca9de82fb58b1/_/1/_11575.png,,,145
2901,Energizer Cell D Size (Pack of 2),,575,,Home Essentials,https://cdn.mycart.pk/media/catalog/product/cache/1/small_image/200x/17f82f742ffe127f42dca9de82fb58b1/_/1/_13802.jpg,,,148
2902,STP Smoke Treatment - 450ml,,552,,Home Essentials,https://cdn.mycart.pk/media/catalog/product/cache/1/small_image/200x/17f82f742ffe127f42dca9de82fb58b1/_/1/_11617.png,,,151
2903,Yoga Block,,368,,Home Essentials,https://cdn.mycart.pk/media/catalog/product/cache/1/small_image/200x/17f82f742ffe127f42dca9de82fb58b1/d/s/dsc_0041_2.png,,,154
2904,STP Fuel System Cleaner - 354ml,,882,,Home Essentials,https://cdn.mycart.pk/media/catalog/product/cache/1/small_image/200x/17f82f742ffe127f42dca9de82fb58b1/_/1/_11591_1.png,,,157
2905,Swimming Junior Pink Cap,,327,,Home Essentials,https://cdn.mycart.pk/media/catalog/product/cache/1/small_image/200x/17f82f742ffe127f42dca9de82fb58b1/d/s/dsc_0057_1.png,,,160
2906,Astonish Black Shine Restorer - 750ml,,183,,Home Essentials,https://cdn.mycart.pk/media/catalog/product/cache/1/small_image/200x/17f82f742ffe127f42dca9de82fb58b1/_/0/_06971.jpg,,,163
2907,Swimming Pool buoy,,651,,Home Essentials,https://cdn.mycart.pk/media/catalog/product/cache/1/small_image/200x/17f82f742ffe127f42dca9de82fb58b1/d/s/dsc_0039_2.png,,,166
2908,FT LED Cool Day Light Smart Tube Light 9W 6000K,,857,,Home Essentials,https://cdn.mycart.pk/media/catalog/product/cache/1/small_image/200x/17f82f742ffe127f42dca9de82fb58b1/f/t/ft_led_smart_tube_light_1.jpg,,,169
2909,Riva Door Chime RVDC31,,452,,Home Essentials,https://cdn.mycart.pk/media/catalog/product/cache/1/small_image/200x/17f82f742ffe127f42dca9de82fb58b1/_/1/_11361.png,,,172
2910,STP Diesel Fuel Treatment & Injector Cleaner - 236ml,,198,,Home Essentials,https://cdn.mycart.pk/media/catalog/product/cache/1/small_image/200x/17f82f742ffe127f42dca9de82fb58b1/_/1/_11579_1_1.png,,,175
2911,FT LED Smart Tube Light 18W,,1166,,Home Essentials,https://cdn.mycart.pk/media/catalog/product/cache/1/small_image/200x/17f82f742ffe127f42dca9de82fb58b1/f/t/ft_led_smart_tube_light.jpg,,,178
2912,O Life Letter Tray,,427,,Home Essentials,https://cdn.mycart.pk/media/catalog/product/cache/1/small_image/200x/17f82f742ffe127f42dca9de82fb58b1/_/1/_15241.png,,,181
2913,Dany Computer Cable (VGA Cable Male/Male 15-Pin) 20m,,556,,Home Essentials,https://cdn.mycart.pk/media/catalog/product/cache/1/small_image/200x/17f82f742ffe127f42dca9de82fb58b1/d/a/dany_computer_cable_vga_cable_male_male_15-pin_20m_.jpg,,,184
2914,Telephone Index,,182,,Home Essentials,https://cdn.mycart.pk/media/catalog/product/cache/1/small_image/200x/17f82f742ffe127f42dca9de82fb58b1/_/1/_13633.png,,,187
2915,Phillips Electronic Ballast,,1425,,Home Essentials,https://cdn.mycart.pk/media/catalog/product/cache/1/small_image/200x/17f82f742ffe127f42dca9de82fb58b1/p/h/phillips_electronic_ballast.jpg,,,190
2916,Titiz Plastik Foam Dispenser - 720ml,,1400,,Home Essentials,https://cdn.mycart.pk/media/catalog/product/cache/1/small_image/200x/17f82f742ffe127f42dca9de82fb58b1/_/1/_13490.png,,,193
2917,Soft 99 White Soft Car Wax - 300gm,,819,,Home Essentials,https://cdn.mycart.pk/media/catalog/product/cache/1/small_image/200x/17f82f742ffe127f42dca9de82fb58b1/_/1/_12263.jpg,,,196
2918,Spontex Outdoor Broom Refill,,318,,Home Essentials,https://cdn.mycart.pk/media/catalog/product/cache/1/small_image/200x/17f82f742ffe127f42dca9de82fb58b1/_/0/_08541.jpg,,,199
2919,Ibico Spiral Binding Ring 25mm (Pack of 25),,234,,Home Essentials,https://cdn.mycart.pk/media/catalog/product/cache/1/small_image/200x/17f82f742ffe127f42dca9de82fb58b1/_/0/_08052_2.jpg,,,202
2920,Riva Door Chime Musical RVDC35,,268,,Home Essentials,https://cdn.mycart.pk/media/catalog/product/cache/1/small_image/200x/17f82f742ffe127f42dca9de82fb58b1/_/1/_11357.png,,,205
2921,Royal Jump Rope Cable With Bearing,,385,,Home Essentials,https://cdn.mycart.pk/media/catalog/product/cache/1/small_image/200x/17f82f742ffe127f42dca9de82fb58b1/_/0/_09959.jpg,,,208
2922,Sunlin Wooden Jumping Rope,,91,,Home Essentials,https://cdn.mycart.pk/media/catalog/product/cache/1/small_image/200x/17f82f742ffe127f42dca9de82fb58b1/j/u/jumping_rope_wood_-_sunlin.jpg,,,211
2923,STP Diesel Treatment - 200ml,,305,,Home Essentials,https://cdn.mycart.pk/media/catalog/product/cache/1/small_image/200x/17f82f742ffe127f42dca9de82fb58b1/_/1/_11577.png,,,214
2924,Mosi Mop Blue Clip With Handle,,290,,Home Essentials,https://cdn.mycart.pk/media/catalog/product/cache/1/small_image/200x/17f82f742ffe127f42dca9de82fb58b1/d/s/dsc_1390.png,,,217
2925,Formula 1 High Performance Strawberry Fragranced Protectant - 315ml,,700,,Home Essentials,https://cdn.mycart.pk/media/catalog/product/cache/1/small_image/200x/17f82f742ffe127f42dca9de82fb58b1/_/1/_12133.png,,,220
2926,Dany HDMI To DVI Computer Cable 1.5m,,208,,Home Essentials,https://cdn.mycart.pk/media/catalog/product/cache/1/small_image/200x/17f82f742ffe127f42dca9de82fb58b1/d/a/dany-hdmi-to-dvi-computer-cable-1.png,,,223
2927,Ibico Spiral Binding Ring 15mm (Pack of 50),,286,,Home Essentials,https://cdn.mycart.pk/media/catalog/product/cache/1/small_image/200x/17f82f742ffe127f42dca9de82fb58b1/_/0/_08052.jpg,,,226
2928,Anchor Carbonless Book (Bill Book) 100pages,,105,,Home Essentials,https://cdn.mycart.pk/media/catalog/product/cache/1/small_image/200x/17f82f742ffe127f42dca9de82fb58b1/c/a/carbonless-triplicate-book-1x08-side_1.jpg,,,229
2929,STP Diesel Oil Treatment - 300ml,,286,,Home Essentials,https://cdn.mycart.pk/media/catalog/product/cache/1/small_image/200x/17f82f742ffe127f42dca9de82fb58b1/_/1/_11635.png,,,232
2930,Ibico Spiral Binding Ring 8mm (Pack of 100),,263,,Home Essentials,https://cdn.mycart.pk/media/catalog/product/cache/1/small_image/200x/17f82f742ffe127f42dca9de82fb58b1/s/p/spiral_16_mm_black-800x800.jpg,,,235
2931,Ice Cream Scoop Steel,,143,,Home Essentials,https://cdn.mycart.pk/media/catalog/product/cache/1/small_image/200x/17f82f742ffe127f42dca9de82fb58b1/i/c/ice_cream_scoop.jpg,,,238
2932,Plastic Pocket A3 Sheet File,,319,,Home Essentials,https://cdn.mycart.pk/media/catalog/product/cache/1/small_image/200x/17f82f742ffe127f42dca9de82fb58b1/m/c/mcp000001908.jpg,,,241
2933,Separator File - (A to Z),,100,,Home Essentials,https://cdn.mycart.pk/media/catalog/product/cache/1/small_image/200x/17f82f742ffe127f42dca9de82fb58b1/_/1/_12875.png,,,244
2934,Dany USB Cable (USB A Male to B Male Printer Cable) 5m,,125,,Home Essentials,https://cdn.mycart.pk/media/catalog/product/cache/1/small_image/200x/17f82f742ffe127f42dca9de82fb58b1/d/a/dany_usb_cable_usb_a-male_to_b-male_printer_cable_5m_.jpg,,,247
2935,Dany USB Cable (USB A Male to B Male Printer Cable) 3m,,89,,Home Essentials,https://cdn.mycart.pk/media/catalog/product/cache/1/small_image/200x/17f82f742ffe127f42dca9de82fb58b1/d/a/dany_usb_cable_usb_a-male_to_b-male_printer_cable_3m_.jpg,,,250
2936,Haoxiang Report Cover File A4 (Pack Of 10),,214,,Home Essentials,https://cdn.mycart.pk/media/catalog/product/cache/1/small_image/200x/17f82f742ffe127f42dca9de82fb58b1/_/1/_10735.jpg,,,253
2937,Ibico Spiral Binding Ring 10mm (Pack of 100),,263,,Home Essentials,https://cdn.mycart.pk/media/catalog/product/cache/1/small_image/200x/17f82f742ffe127f42dca9de82fb58b1/_/0/_08052_1.jpg,,,256
2938,Dany Stereo Cable (3.5mm Stereo Male-Female Cable) 1.5m,,38,,Home Essentials,https://cdn.mycart.pk/media/catalog/product/cache/1/small_image/200x/17f82f742ffe127f42dca9de82fb58b1/d/a/dany_usb_cable_usb_a-male_to_b-male_printer_cable_5m__1_1_1.jpg,,,259
2939,Dany Audio Cable (2RCA to 2RCA) 1m,,38,,Home Essentials,https://cdn.mycart.pk/media/catalog/product/cache/1/small_image/200x/17f82f742ffe127f42dca9de82fb58b1/d/a/dany_-_dany_audio_cable_2rca_to_2rca_1.5m_.jpg,,,262
2940,Spontex Gratounett Leminate,,108,,Home Essentials,https://cdn.mycart.pk/media/catalog/product/cache/1/small_image/200x/17f82f742ffe127f42dca9de82fb58b1/_/0/_04878_2.jpg,,,265
2941,Envelope Brown 9x4 (Pack of 50),,122,,Home Essentials,https://cdn.mycart.pk/media/catalog/product/cache/1/small_image/200x/17f82f742ffe127f42dca9de82fb58b1/_/0/_09200_1.jpg,,,268
2942,Haoxiang Hanging File FC Without Clip,,33,,Home Essentials,https://cdn.mycart.pk/media/catalog/product/cache/1/small_image/200x/17f82f742ffe127f42dca9de82fb58b1/6/9/6940607902243.jpg,,,271
2943,Post-It Pad With Holder (Assorted Colour),,164,,Home Essentials,https://cdn.mycart.pk/media/catalog/product/cache/1/small_image/200x/17f82f742ffe127f42dca9de82fb58b1/d/s/dsc_0882.png,,,274
2944,Golden Pvc Cling Film 300cm x 300,,266,,Home Essentials,https://cdn.mycart.pk/media/catalog/product/cache/1/small_image/200x/17f82f742ffe127f42dca9de82fb58b1/_/1/_15109.png,,,277
2945,Lancer Stamp Pad 7x11cm (Red),,42.59,,Home Essentials,https://cdn.mycart.pk/media/catalog/product/cache/1/small_image/200x/17f82f742ffe127f42dca9de82fb58b1/_/0/_07269.jpg,,,280
2946,Lancer Stamp Pad 7x11cm (Blue),,43,,Home Essentials,https://cdn.mycart.pk/media/catalog/product/cache/1/small_image/200x/17f82f742ffe127f42dca9de82fb58b1/_/0/_07271.jpg,,,283
2947,Dany USB Cable (USB A Male to Mini B 4Pin D Type Cable) 1.5m,,83,,Home Essentials,https://cdn.mycart.pk/media/catalog/product/cache/1/small_image/200x/17f82f742ffe127f42dca9de82fb58b1/d/a/dany_usb_cable_usb_a-male_to_mini-b_4-pin_d-type_cable_1.5m_.jpg,,,286
2948,File Divider Brown (Pack Of 100),,106,,Home Essentials,https://cdn.mycart.pk/media/catalog/product/cache/1/small_image/200x/17f82f742ffe127f42dca9de82fb58b1/_/1/_11169.jpg,,,289
2949,Jumping Rope With Counting,,122,,Home Essentials,https://cdn.mycart.pk/media/catalog/product/cache/1/small_image/200x/17f82f742ffe127f42dca9de82fb58b1/j/u/jumping_rope_counting_6932912112226_.jpg,,,292
2950,Dany Fire-Wire 1394 (6/4 Pin) Computer Cable 1.5m,,74,,Home Essentials,https://cdn.mycart.pk/media/catalog/product/cache/1/small_image/200x/17f82f742ffe127f42dca9de82fb58b1/d/a/dany_fire-wire_1394_64_pin_computer_cable_1.5m.jpg,,,295
2951,Three Flower Gem Clips (Pack of 50) - 52mm,,100,,Home Essentials,https://cdn.mycart.pk/media/catalog/product/cache/1/small_image/200x/17f82f742ffe127f42dca9de82fb58b1/_/1/_10724.jpg,,,298
2952,Dollar Ink Green - 30ml,,9,,Home Essentials,https://cdn.mycart.pk/media/catalog/product/cache/1/small_image/200x/17f82f742ffe127f42dca9de82fb58b1/_/0/_07311.jpg,,,301
2953,Dollar Ink Green - 60ml,,16,,Home Essentials,https://cdn.mycart.pk/media/catalog/product/cache/1/small_image/200x/17f82f742ffe127f42dca9de82fb58b1/_/0/_07124.jpg,,,304
2954,Dany Fire-Wire 1394 (6/6 Pin) Computer Cable 1.5m,,74,,Home Essentials,https://cdn.mycart.pk/media/catalog/product/cache/1/small_image/200x/17f82f742ffe127f42dca9de82fb58b1/d/a/dany_-_dany_fire-wire_1394_6.6_pin_computer_cable_1.5m_1.jpg,,,307
2955,Oddy Damper Sponge Cup,,14,,Home Essentials,https://cdn.mycart.pk/media/catalog/product/cache/1/small_image/200x/17f82f742ffe127f42dca9de82fb58b1/d/a/damper_sponge_cup.jpg,,,310
2956,Crystal Stamp Pad Red Ink,,20,,Home Essentials,https://cdn.mycart.pk/media/catalog/product/cache/1/small_image/200x/17f82f742ffe127f42dca9de82fb58b1/_/0/_019502.jpg,,,313
2957,Vehicle Log Book - 100 pages,,123,,Home Essentials,https://cdn.mycart.pk/media/catalog/product/cache/1/small_image/200x/17f82f742ffe127f42dca9de82fb58b1/d/s/dsc_0886_1.png,,,316
2958,White Double Side Tape 1inch,,110,,Home Essentials,https://cdn.mycart.pk/media/catalog/product/cache/1/small_image/200x/17f82f742ffe127f42dca9de82fb58b1/_/1/_13860.png,,,319
2959,Vim Refill Pouch - 750ml,,550,,Home Essentials,https://cdn.mycart.pk/media/catalog/product/cache/1/small_image/200x/17f82f742ffe127f42dca9de82fb58b1/8/9/8934868117490_2.jpg,,,322
2960,Vim Dishwash Powder with power of lemon - 450gm,,99,,Home Essentials,https://cdn.mycart.pk/media/catalog/product/cache/1/small_image/200x/17f82f742ffe127f42dca9de82fb58b1/2/0/20190225_114031.jpg,,,325
2961,Vim Dishwash Powder Bottle - 430gm,,95,,Home Essentials,https://cdn.mycart.pk/media/catalog/product/cache/1/small_image/200x/17f82f742ffe127f42dca9de82fb58b1/8/9/8961014011654_1.jpg,,,328
2962,Vim Dishwash Powder - 750gm,,169,,Home Essentials,https://cdn.mycart.pk/media/catalog/product/cache/1/small_image/200x/17f82f742ffe127f42dca9de82fb58b1/8/9/8961014011623.jpg,,,331
2963,Vim Dishwash Powder - 400gm,,95,,Home Essentials,https://cdn.mycart.pk/media/catalog/product/cache/1/small_image/200x/17f82f742ffe127f42dca9de82fb58b1/8/9/8961014011616_1.jpg,,,334
2964,Vim Dishwash Long Bar (2 in 1) Lemon and Pudina - 550gm,,160,,Home Essentials,https://cdn.mycart.pk/media/catalog/product/cache/1/small_image/200x/17f82f742ffe127f42dca9de82fb58b1/8/9/8961014239812_1.jpg,,,337
2965,Vim Dishwash Liquid Lime - 500ml,,335,,Home Essentials,https://cdn.mycart.pk/media/catalog/product/cache/1/small_image/200x/17f82f742ffe127f42dca9de82fb58b1/8/9/8934868084686_1.jpg,,,340
2966,Vim Dishwash Liquid Lime - 250ml,,280,,Home Essentials,https://cdn.mycart.pk/media/catalog/product/cache/1/small_image/200x/17f82f742ffe127f42dca9de82fb58b1/8/9/8934868084693.jpg,,,343
2967,Vim Dishwash Liquid Lemon - 500ml,,335,,Home Essentials,https://cdn.mycart.pk/media/catalog/product/cache/1/small_image/200x/17f82f742ffe127f42dca9de82fb58b1/8/9/8934868084662.jpg,,,346
2968,Vim Dishwash Active Gel Value Pack - 140ml,,145,,Home Essentials,https://cdn.mycart.pk/media/catalog/product/cache/1/small_image/200x/17f82f742ffe127f42dca9de82fb58b1/8/9/8961014019131.jpg,,,349
2969,Vim Dishwash (2 in 1) Lemon and Pudina Soap Long Bar - 230gm,,95,,Home Essentials,https://cdn.mycart.pk/media/catalog/product/cache/1/small_image/200x/17f82f742ffe127f42dca9de82fb58b1/8/9/8961014239805_1.jpg,,,352
2970,Vim Active Dishwash Gel Lemon - 250ml,,285,,Home Essentials,https://cdn.mycart.pk/media/catalog/product/cache/1/small_image/200x/17f82f742ffe127f42dca9de82fb58b1/8/9/8934868084679.jpg,,,355
2971,Uni-ball Signo Red Gel Ink Pen - 0.7mm,,140,,Home Essentials,https://cdn.mycart.pk/media/catalog/product/cache/1/small_image/200x/17f82f742ffe127f42dca9de82fb58b1/4/0/4012700050793.jpg,,,358
2972,Uni-ball Signo Green Gel Ink Pen - 0.7mm,,140,,Home Essentials,https://cdn.mycart.pk/media/catalog/product/cache/1/small_image/200x/17f82f742ffe127f42dca9de82fb58b1/4/9/4902778781272.jpg,,,361
2973,Uni-ball Signo Blue Gel Ink Pen - 0.7mm,,140,,Home Essentials,https://cdn.mycart.pk/media/catalog/product/cache/1/small_image/200x/17f82f742ffe127f42dca9de82fb58b1/4/9/4902778781265.jpg,,,364
2974,UHU Glue Stic - 8.2gm,,360,,Home Essentials,https://cdn.mycart.pk/media/catalog/product/cache/1/small_image/200x/17f82f742ffe127f42dca9de82fb58b1/_/0/_019578.jpg,,,367
2975,UHU Glue Stic - 40gm,,630,,Home Essentials,https://cdn.mycart.pk/media/catalog/product/cache/1/small_image/200x/17f82f742ffe127f42dca9de82fb58b1/_/0/_019573.jpg,,,370
2976,UHU Glue Stic - 21gm,,435,,Home Essentials,https://cdn.mycart.pk/media/catalog/product/cache/1/small_image/200x/17f82f742ffe127f42dca9de82fb58b1/_/0/_019575.jpg,,,373
2977,UHU All Purpose Adhesive Tube No.6 - 60ml,,485,,Home Essentials,https://cdn.mycart.pk/media/catalog/product/cache/1/small_image/200x/17f82f742ffe127f42dca9de82fb58b1/_/0/_09210_1.jpg,,,376
2978,UHU All Purpose Adhesive Tube No.14 - 125ml,,790,,Home Essentials,https://cdn.mycart.pk/media/catalog/product/cache/1/small_image/200x/17f82f742ffe127f42dca9de82fb58b1/_/0/_09206_1.jpg,,,379
2979,UHU Adhesive No.13 - 35ml,,320,,Home Essentials,https://cdn.mycart.pk/media/catalog/product/cache/1/small_image/200x/17f82f742ffe127f42dca9de82fb58b1/_/0/_09208_1.jpg,,,382
2980,UHU Adhesive No.12 - 20ml,,220,,Home Essentials,https://cdn.mycart.pk/media/catalog/product/cache/1/small_image/200x/17f82f742ffe127f42dca9de82fb58b1/_/0/_09212_1.jpg,,,385
2981,Tyfon Zabardast White Phenyle - 3ltr,,350,,Home Essentials,https://cdn.mycart.pk/media/catalog/product/cache/1/small_image/200x/17f82f742ffe127f42dca9de82fb58b1/1/0/1028527-1.jpg,,,388
2982,Tyfon Zabardast Coil - (Pack of 10),,110,,Home Essentials,https://cdn.mycart.pk/media/catalog/product/cache/1/small_image/200x/17f82f742ffe127f42dca9de82fb58b1/u/n/untitled-26.png,,,391
2983,Tyfon Total Control Target Flying & Crawling Insect Killer - 500ml,,730,,Home Essentials,https://cdn.mycart.pk/media/catalog/product/cache/1/small_image/200x/17f82f742ffe127f42dca9de82fb58b1/1/0/1027135-1.jpg,,,394
2984,Tyfon Total Control For Sure Kill - 800ml,,910,,Home Essentials,https://cdn.mycart.pk/media/catalog/product/cache/1/small_image/200x/17f82f742ffe127f42dca9de82fb58b1/1/0/1025320-1_1.jpg,,,397
2985,Tyfon Total Control For Sure Kill - 400ml,,525,,Home Essentials,https://cdn.mycart.pk/media/catalog/product/cache/1/small_image/200x/17f82f742ffe127f42dca9de82fb58b1/1/0/1025320-1.jpg,,,400
2986,Tyfon Total Control Bug Killer - 325ml,,499,,Home Essentials,https://cdn.mycart.pk/media/catalog/product/cache/1/small_image/200x/17f82f742ffe127f42dca9de82fb58b1/1/0/1027771-1.jpg,,,403
2987,Tyfon Total Control Aerosol Yellow - 400ml,,520,,Home Essentials,https://cdn.mycart.pk/media/catalog/product/cache/1/small_image/200x/17f82f742ffe127f42dca9de82fb58b1/t/y/tyfon_aerosole_total_control_-_400ml.jpg,,,406
2988,Tyfon Toilet Cleaner & Drain Opener - 550ml,,190,,Home Essentials,https://cdn.mycart.pk/media/catalog/product/cache/1/small_image/200x/17f82f742ffe127f42dca9de82fb58b1/1/0/1028544-1.jpg,,,409
2989,Tyfon Tif Kitchen Grease Cleaner Lemon - 500ml,,385,,Home Essentials,https://cdn.mycart.pk/media/catalog/product/cache/1/small_image/200x/17f82f742ffe127f42dca9de82fb58b1/t/i/tif.jpg,,,412
2990,Tyfon Tif Glass Cleaner Refreshing - 500ml,,365,,Home Essentials,https://cdn.mycart.pk/media/catalog/product/cache/1/small_image/200x/17f82f742ffe127f42dca9de82fb58b1/1/2/1209084-1.jpg,,,415
2991,Tyfon Tif Glass Cleaner Lemon - 500ml,,365,,Home Essentials,https://cdn.mycart.pk/media/catalog/product/cache/1/small_image/200x/17f82f742ffe127f42dca9de82fb58b1/1/2/1209083-1.jpg,,,418
2992,Tyfon Tif Glass Cleaner Lavender - 500ml,,365,,Home Essentials,https://cdn.mycart.pk/media/catalog/product/cache/1/small_image/200x/17f82f742ffe127f42dca9de82fb58b1/1/2/1209085-1.jpg,,,421
2993,Tyfon Super Block Coil - (Pack of 10),,110,,Home Essentials,https://cdn.mycart.pk/media/catalog/product/cache/1/small_image/200x/17f82f742ffe127f42dca9de82fb58b1/u/n/untitled-25.png,,,424
2994,Tyfon Special Bug Control - 30ml,,399,,Home Essentials,https://cdn.mycart.pk/media/catalog/product/cache/1/small_image/200x/17f82f742ffe127f42dca9de82fb58b1/1/0/1025331-1.jpg,,,427
2995,Tyfon Roach Kill - 10gm,,155,,Home Essentials,https://cdn.mycart.pk/media/catalog/product/cache/1/small_image/200x/17f82f742ffe127f42dca9de82fb58b1/t/y/tyfon_cockroach_gel.jpg,,,430
2996,Tyfon Knock Out Mosquito Kit (Machine & Refill),,525,,Home Essentials,https://cdn.mycart.pk/media/catalog/product/cache/1/small_image/200x/17f82f742ffe127f42dca9de82fb58b1/1/0/1028924-2.jpg,,,433
2997,Tyfon Knock Out 60 Nights Refill,,260,,Home Essentials,https://cdn.mycart.pk/media/catalog/product/cache/1/small_image/200x/17f82f742ffe127f42dca9de82fb58b1/1/0/1028081-1.jpg,,,436
2998,Tyfon Concentrated White Phenyle - 950ml,,810,,Home Essentials,https://cdn.mycart.pk/media/catalog/product/cache/1/small_image/200x/17f82f742ffe127f42dca9de82fb58b1/t/y/tyfon_phenyle.jpg,,,439
2999,Tyfon Concentrated White Phenyle - 500ml,,540,,Home Essentials,https://cdn.mycart.pk/media/catalog/product/cache/1/small_image/200x/17f82f742ffe127f42dca9de82fb58b1/1/0/1025619-1.jpg,,,442
3000,Tyfon Concentrated White Phenyle - 225ml,,360,,Home Essentials,https://cdn.mycart.pk/media/catalog/product/cache/1/small_image/200x/17f82f742ffe127f42dca9de82fb58b1/1/0/1025539-1.jpg,,,445
3001,Tyfon Bleach - 500ml,,245,,Home Essentials,https://cdn.mycart.pk/media/catalog/product/cache/1/small_image/200x/17f82f742ffe127f42dca9de82fb58b1/1/1/1117107-1.jpg,,,448
3002,Tyfon Bleach - 1ltr,,335,,Home Essentials,https://cdn.mycart.pk/media/catalog/product/cache/1/small_image/200x/17f82f742ffe127f42dca9de82fb58b1/t/y/tyfon_bleach.png,,,451
3003,Turtle Wax Quick and Easy Luxe Leather Cleaner and Conditioner - 473ml,,2339,,Home Essentials,https://cdn.mycart.pk/media/catalog/product/cache/1/small_image/200x/17f82f742ffe127f42dca9de82fb58b1/t/u/turtle_wax_quick_easy_luxe_leather_cleaner_conditioner_473ml.jpg,,,454
3004,Transparent Scotch Tape - 1inch,,80,,Home Essentials,https://cdn.mycart.pk/media/catalog/product/cache/1/small_image/200x/17f82f742ffe127f42dca9de82fb58b1/_/1/_12830.png,,,457
3005,Toshiba Cell D Size (Pack-2),,395,,Home Essentials,https://cdn.mycart.pk/media/catalog/product/cache/1/small_image/200x/17f82f742ffe127f42dca9de82fb58b1/_/1/_13607.png,,,460
3006,Toshiba C Size Cell (Pack of 2),,260,,Home Essentials,https://cdn.mycart.pk/media/catalog/product/cache/1/small_image/200x/17f82f742ffe127f42dca9de82fb58b1/t/o/toshiba_cell_d_size_pack-2_.png,,,463
3007,Toshiba AAA Red Cell (Pack of 2),,110,,Home Essentials,https://cdn.mycart.pk/media/catalog/product/cache/1/small_image/200x/17f82f742ffe127f42dca9de82fb58b1/_/1/_13582.png,,,466
3008,Toshiba AAA Green Cell (Pack of 2),,110,,Home Essentials,https://cdn.mycart.pk/media/catalog/product/cache/1/small_image/200x/17f82f742ffe127f42dca9de82fb58b1/_/1/_13584.png,,,469
3009,Toshiba AA Red Cell (Pack of 4),,220,,Home Essentials,https://cdn.mycart.pk/media/catalog/product/cache/1/small_image/200x/17f82f742ffe127f42dca9de82fb58b1/_/1/_13606.png,,,472
3010,Toshiba AA Green Cell (Pack of 4),,220,,Home Essentials,https://cdn.mycart.pk/media/catalog/product/cache/1/small_image/200x/17f82f742ffe127f42dca9de82fb58b1/_/1/_13580.png,,,475
3011,Topic Air Freshener VDY - 300ml,,320,,Home Essentials,https://cdn.mycart.pk/media/catalog/product/cache/1/small_image/200x/17f82f742ffe127f42dca9de82fb58b1/8/9/8964000834831.jpg,,,478
3012,Topic Air Freshener Rose Petal - 300ml,,320,,Home Essentials,https://cdn.mycart.pk/media/catalog/product/cache/1/small_image/200x/17f82f742ffe127f42dca9de82fb58b1/8/9/8964000833179.jpg,,,481
3013,Topic Air Freshener Raat Ki Rani - 300ml,,320,,Home Essentials,https://cdn.mycart.pk/media/catalog/product/cache/1/small_image/200x/17f82f742ffe127f42dca9de82fb58b1/8/9/8964000834954.jpg,,,484
3014,Topic Air Freshener Lavender - 300ml,,320,,Home Essentials,https://cdn.mycart.pk/media/catalog/product/cache/1/small_image/200x/17f82f742ffe127f42dca9de82fb58b1/8/9/8964000833193.jpg,,,487
3015,Topic Air Freshener Jasmine - 300ml,,320,,Home Essentials,https://cdn.mycart.pk/media/catalog/product/cache/1/small_image/200x/17f82f742ffe127f42dca9de82fb58b1/8/9/8964000833186.jpg,,,490
3016,Topic Air Freshener Boss - 300ml,,320,,Home Essentials,https://cdn.mycart.pk/media/catalog/product/cache/1/small_image/200x/17f82f742ffe127f42dca9de82fb58b1/8/9/8964000834466.jpg,,,493
3017,Toilet Brush Assorted Colour,,320,,Home Essentials,https://cdn.mycart.pk/media/catalog/product/cache/1/small_image/200x/17f82f742ffe127f42dca9de82fb58b1/m/c/mcp000000001.jpg,,,496
3018,Tinka Jharoo small,,220,,Home Essentials,https://cdn.mycart.pk/media/catalog/product/cache/1/small_image/200x/17f82f742ffe127f42dca9de82fb58b1/_/0/_06429.jpg,,,499
3019,Tinka Jharoo Large,,280,,Home Essentials,https://cdn.mycart.pk/media/catalog/product/cache/1/small_image/200x/17f82f742ffe127f42dca9de82fb58b1/_/0/_06429_1.jpg,,,502
3020,Tide Bleach - 2Ltr,,1230,,Home Essentials,https://cdn.mycart.pk/media/catalog/product/cache/1/small_image/200x/17f82f742ffe127f42dca9de82fb58b1/8/9/8964000442289.jpg,,,505
3021,Tea Coaster (Different Design),,100,,Home Essentials,https://cdn.mycart.pk/media/catalog/product/cache/1/small_image/200x/17f82f742ffe127f42dca9de82fb58b1/c/o/coastersqr-12-600x599.jpg,,,508
3022,Surf Excel Matic Top Load Detergent Powder - 1kg,,780,,Home Essentials,https://cdn.mycart.pk/media/catalog/product/cache/1/small_image/200x/17f82f742ffe127f42dca9de82fb58b1/8/9/8961014008098.png,,,511
3023,Surf Excel Detergent Powder - 500gm,,330,,Home Essentials,https://cdn.mycart.pk/media/catalog/product/cache/1/small_image/200x/17f82f742ffe127f42dca9de82fb58b1/8/9/8961014003512_1.jpg,,,514
3024,Surf Excel Detergent Powder - 4.5kg,,2500,,Home Essentials,https://cdn.mycart.pk/media/catalog/product/cache/1/small_image/200x/17f82f742ffe127f42dca9de82fb58b1/s/x/sxl_hero_4-5kg_1.jpg,,,517
3025,Surf Excel Detergent Powder - 3kg,,1750,,Home Essentials,https://cdn.mycart.pk/media/catalog/product/cache/1/small_image/200x/17f82f742ffe127f42dca9de82fb58b1/8/9/8961014003543_1.jpg,,,520
3026,Surf Excel Detergent Powder - 2kg,,1160,,Home Essentials,https://cdn.mycart.pk/media/catalog/product/cache/1/small_image/200x/17f82f742ffe127f42dca9de82fb58b1/8/9/8961014236477.png,,,523
3027,Surf Excel Detergent Powder - 1kg,,615,,Home Essentials,https://cdn.mycart.pk/media/catalog/product/cache/1/small_image/200x/17f82f742ffe127f42dca9de82fb58b1/8/9/8961014236460.png,,,526
3028,Sunlight Lemon Detergent Powder - 850gm,,250,,Home Essentials,https://cdn.mycart.pk/media/catalog/product/cache/1/small_image/200x/17f82f742ffe127f42dca9de82fb58b1/8/9/8961014235685_1.jpg,,,529
3029,Sunlight Clean and Rose Fresh (2 in 1) - 850gm,,230,,Home Essentials,https://cdn.mycart.pk/media/catalog/product/cache/1/small_image/200x/17f82f742ffe127f42dca9de82fb58b1/8/9/8961014235708_1.jpg,,,532
3030,Sunlight Clean and Fresh (2 in 1) - 850gm,,230,,Home Essentials,https://cdn.mycart.pk/media/catalog/product/cache/1/small_image/200x/17f82f742ffe127f42dca9de82fb58b1/8/9/8961014235692_1.jpg,,,535
3031,Sunlight (2in1) Clean and Jasmine Fresh - 2kg,,490,,Home Essentials,https://cdn.mycart.pk/media/catalog/product/cache/1/small_image/200x/17f82f742ffe127f42dca9de82fb58b1/s/u/sunlight-washing-powder-pink-500g-gomart-pakistan-728-500x500_1_.jpg,,,538
3032,Sufi Vermicelli Soap - 1kg,,580,,Home Essentials,https://cdn.mycart.pk/media/catalog/product/cache/1/small_image/200x/17f82f742ffe127f42dca9de82fb58b1/8/9/8964000039571.jpg,,,541
3033,Sufi Ujala Detergent Soap (Pack of 4) - 800gm,,590,,Home Essentials,https://cdn.mycart.pk/media/catalog/product/cache/1/small_image/200x/17f82f742ffe127f42dca9de82fb58b1/8/9/8964000040027.jpg,,,544
3034,Sufi Special Nirol Detergent Soap (Pack of 2) - 700gm,,430,,Home Essentials,https://cdn.mycart.pk/media/catalog/product/cache/1/small_image/200x/17f82f742ffe127f42dca9de82fb58b1/8/9/8964000040010.jpg,,,547
3035,Sufi Special Detergent Soap (Pack of 4) - 1kg,,580,,Home Essentials,https://cdn.mycart.pk/media/catalog/product/cache/1/small_image/200x/17f82f742ffe127f42dca9de82fb58b1/8/9/8964000039519.jpg,,,550
3036,Sufi Safon Dishwash Powder - 900gm,,175,,Home Essentials,https://cdn.mycart.pk/media/catalog/product/cache/1/small_image/200x/17f82f742ffe127f42dca9de82fb58b1/8/9/8964000039717.jpg,,,553
3037,Sufi Mini Detergent Soap (Pack of 6) - 600gm,,520,,Home Essentials,https://cdn.mycart.pk/media/catalog/product/cache/1/small_image/200x/17f82f742ffe127f42dca9de82fb58b1/8/9/8964000039694.jpg,,,556
3038,Sufi Brown Detergent Soap (Pack of 4) - 1kg,,560,,Home Essentials,https://cdn.mycart.pk/media/catalog/product/cache/1/small_image/200x/17f82f742ffe127f42dca9de82fb58b1/8/9/8964000039656.jpg,,,559
3039,Sucral Ispaghol Husk - 50gm,,90,,Home Essentials,https://cdn.mycart.pk/media/catalog/product/cache/1/small_image/200x/17f82f742ffe127f42dca9de82fb58b1/_/0/_07760.jpg,,,562
3040,Stove Steel Lighter Without Fuel,,395,,Home Essentials,https://cdn.mycart.pk/media/catalog/product/cache/1/small_image/200x/17f82f742ffe127f42dca9de82fb58b1/s/t/stove_lighter_no_fuel.jpg,,,565
3041,Stove Gas Lighter,,230,,Home Essentials,https://cdn.mycart.pk/media/catalog/product/cache/1/small_image/200x/17f82f742ffe127f42dca9de82fb58b1/s/i/silk_road_-_refillable_gas_lighter_for_kitchen_gas_stove_-_metal_-_flame_with_adjustable_gun_flame_and_multipurpose_use_candle_diya_lighting_use_for_household_multicolor_pack_1of_2_-_with_gas_refill.w_1_.jpg,,,568
3042,Steel Scale -12 inch,,110,,Home Essentials,https://cdn.mycart.pk/media/catalog/product/cache/1/small_image/200x/17f82f742ffe127f42dca9de82fb58b1/_/0/_08495.jpg,,,571
3043,Spontex Washup Gloves Medium,,380,,Home Essentials,https://cdn.mycart.pk/media/catalog/product/cache/1/small_image/200x/17f82f742ffe127f42dca9de82fb58b1/_/0/_04293_2.jpg,,,574
3044,Spontex Toilet Hockey Double Side Brush,,360,,Home Essentials,https://cdn.mycart.pk/media/catalog/product/cache/1/small_image/200x/17f82f742ffe127f42dca9de82fb58b1/1/2/1282954-1.jpg,,,577
3045,Spontex Toilet Brush Set Blue and White,,1130,,Home Essentials,https://cdn.mycart.pk/media/catalog/product/cache/1/small_image/200x/17f82f742ffe127f42dca9de82fb58b1/_/0/_08130.jpg,,,580
3046,Spontex Stainless Steel Spiral (Pack of 2),,170,,Home Essentials,https://cdn.mycart.pk/media/catalog/product/cache/1/small_image/200x/17f82f742ffe127f42dca9de82fb58b1/placeholder/default/265x265.jpg,,,583
3047,Spontex Stainless Steel Scourer Expert,,160,,Home Essentials,https://cdn.mycart.pk/media/catalog/product/cache/1/small_image/200x/17f82f742ffe127f42dca9de82fb58b1/_/0/_04315_2.jpg,,,586
3048,Spontex Scouring Sponges Handy Grip,,145,,Home Essentials,https://cdn.mycart.pk/media/catalog/product/cache/1/small_image/200x/17f82f742ffe127f42dca9de82fb58b1/placeholder/default/265x265.jpg,,,589
3049,Spontex Microfibre Mosaik Cloths (Pack of 6),,1650,,Home Essentials,https://cdn.mycart.pk/media/catalog/product/cache/1/small_image/200x/17f82f742ffe127f42dca9de82fb58b1/s/p/spontex_1.jpg,,,592
3050,Spontex Microfibre Flat Mop Refill,,1799,,Home Essentials,https://cdn.mycart.pk/media/catalog/product/cache/1/small_image/200x/17f82f742ffe127f42dca9de82fb58b1/_/0/_08128.jpg,,,595
3051,Spontex Microfibre Collection (Pack Of 8),,1860,,Home Essentials,https://cdn.mycart.pk/media/catalog/product/cache/1/small_image/200x/17f82f742ffe127f42dca9de82fb58b1/b/b/bbaf686f2fde480481f73d6a253f4224.jpg,,,598
3052,Spontex Microfibre Collection (Pack of 12),,2580,,Home Essentials,https://cdn.mycart.pk/media/catalog/product/cache/1/small_image/200x/17f82f742ffe127f42dca9de82fb58b1/s/p/spontex.jpg,,,601
3053,Spontex Micro Fiber Cloth Multi Purpose,,575,,Home Essentials,https://cdn.mycart.pk/media/catalog/product/cache/1/small_image/200x/17f82f742ffe127f42dca9de82fb58b1/_/0/_04291_2.jpg,,,604
3054,Spontex Micro Fiber Cloth (Pack of 4),,1040,,Home Essentials,https://cdn.mycart.pk/media/catalog/product/cache/1/small_image/200x/17f82f742ffe127f42dca9de82fb58b1/_/0/_04879_2.jpg,,,607
3055,Spontex Leminate Scouring Sponge (Pack of 5),,380,,Home Essentials,https://cdn.mycart.pk/media/catalog/product/cache/1/small_image/200x/17f82f742ffe127f42dca9de82fb58b1/_/0/_04301_2.jpg,,,610
3056,Spontex Floor Squeegee Wiper - 43cm,,900,,Home Essentials,https://cdn.mycart.pk/media/catalog/product/cache/1/small_image/200x/17f82f742ffe127f42dca9de82fb58b1/_/0/_08122.jpg,,,613
3057,Spontex Floor Squeegee - 33cm,,800,,Home Essentials,https://cdn.mycart.pk/media/catalog/product/cache/1/small_image/200x/17f82f742ffe127f42dca9de82fb58b1/_/0/_06430_2.jpg,,,616
3058,Spontex Floor Scrubber With Handle,,1545,,Home Essentials,https://cdn.mycart.pk/media/catalog/product/cache/1/small_image/200x/17f82f742ffe127f42dca9de82fb58b1/7/4/74ccf7b8-22cf-4c8a-a445-33dd1d88a88b_spontex-scrubber-with-handle-1-piece-1.png,,,619
3059,Spontex Cotton Mop Refill,,1410,,Home Essentials,https://cdn.mycart.pk/media/catalog/product/cache/1/small_image/200x/17f82f742ffe127f42dca9de82fb58b1/_/0/_08129.jpg,,,622
3060,Spontex Bucket With Wringer,,2970,,Home Essentials,https://cdn.mycart.pk/media/catalog/product/cache/1/small_image/200x/17f82f742ffe127f42dca9de82fb58b1/1/0/1039741-1.jpg,,,625
3061,Softlan Spring Fresh Fabric Conditioner - 1Ltr,,575,,Home Essentials,https://cdn.mycart.pk/media/catalog/product/cache/1/small_image/200x/17f82f742ffe127f42dca9de82fb58b1/8/8/8886950018027_1.jpg,,,628
3062,Softlan Spring Fresh Fabric Conditioner (Blue) - 500ml,,340,,Home Essentials,https://cdn.mycart.pk/media/catalog/product/cache/1/small_image/200x/17f82f742ffe127f42dca9de82fb58b1/8/8/8886950018096_1.jpg,,,631
3063,Softlan Floral Fantasy Fabric Conditioner (Pink) - 500ml,,340,,Home Essentials,https://cdn.mycart.pk/media/catalog/product/cache/1/small_image/200x/17f82f742ffe127f42dca9de82fb58b1/8/8/8886950018089_2.jpg,,,634
3064,Softlan Floral Fantasy Fabric Conditioner (Blue) - 2Ltr,,1080,,Home Essentials,https://cdn.mycart.pk/media/catalog/product/cache/1/small_image/200x/17f82f742ffe127f42dca9de82fb58b1/8/8/8886950018034_2.jpg,,,637
3065,Small Writing Pad,,50,,Home Essentials,https://cdn.mycart.pk/media/catalog/product/cache/1/small_image/200x/17f82f742ffe127f42dca9de82fb58b1/_/0/_09610.jpg,,,640
3066,Sheet Protector A4 (Pack of 100),,1000,,Home Essentials,https://cdn.mycart.pk/media/catalog/product/cache/1/small_image/200x/17f82f742ffe127f42dca9de82fb58b1/_/0/_08502.jpg,,,643
3067,Separator File - (1 to 10),,165,,Home Essentials,https://cdn.mycart.pk/media/catalog/product/cache/1/small_image/200x/17f82f742ffe127f42dca9de82fb58b1/f/i/fileseparatorplastic_2.png,,,646
3068,SDI Cutter Knife (0405),,90,,Home Essentials,https://cdn.mycart.pk/media/catalog/product/cache/1/small_image/200x/17f82f742ffe127f42dca9de82fb58b1/_/0/_07287.jpg,,,649
3069,Scrub Shine Scourer Sponge Nail Saver,,95,,Home Essentials,https://cdn.mycart.pk/media/catalog/product/cache/1/small_image/200x/17f82f742ffe127f42dca9de82fb58b1/g/r/grocerapp-scrub-shine-sponge-nail-saving-627e00a83a618.png,,,652
3070,Say's Sweep Toilet Cleaner - 600ml,,140,,Home Essentials,https://cdn.mycart.pk/media/catalog/product/cache/1/small_image/200x/17f82f742ffe127f42dca9de82fb58b1/4/1/418016.jpg,,,655
3071,Say's Sweep Toilet Cleaner - 1000ml,,285,,Home Essentials,https://cdn.mycart.pk/media/catalog/product/cache/1/small_image/200x/17f82f742ffe127f42dca9de82fb58b1/_/1/_10762.jpg,,,658
3072,Say's Sweep Toilet Cleaner - 1000ml,,180,,Home Essentials,https://cdn.mycart.pk/media/catalog/product/cache/1/small_image/200x/17f82f742ffe127f42dca9de82fb58b1/4/1/418076.jpg,,,661
3073,Round Medium Net Dustbin,,1300,,Home Essentials,https://cdn.mycart.pk/media/catalog/product/cache/1/small_image/200x/17f82f742ffe127f42dca9de82fb58b1/_/0/_06185.jpg,,,664
3074,Round Large Net Dustbin,,1700,,Home Essentials,https://cdn.mycart.pk/media/catalog/product/cache/1/small_image/200x/17f82f742ffe127f42dca9de82fb58b1/_/0/_06187.jpg,,,667
3075,Rose Petal Zzoop Kitchen Towel Twin Pack,,660,,Home Essentials,https://cdn.mycart.pk/media/catalog/product/cache/1/small_image/200x/17f82f742ffe127f42dca9de82fb58b1/r/p/rp_zzoop_kitchen_towel_twin_pack.jpg,,,670
3076,Rose Petal Zzoop Kitchen Towel Single,,360,,Home Essentials,https://cdn.mycart.pk/media/catalog/product/cache/1/small_image/200x/17f82f742ffe127f42dca9de82fb58b1/r/p/rp_zzoop_kitchen_towel.jpg,,,673
3077,Rose Petal Table Napkins (Pack of 50),,260,,Home Essentials,https://cdn.mycart.pk/media/catalog/product/cache/1/small_image/200x/17f82f742ffe127f42dca9de82fb58b1/_/0/_05951.jpg,,,676
3078,Rose Petal Supreme Tissue (Pack of 100),,315,,Home Essentials,https://cdn.mycart.pk/media/catalog/product/cache/1/small_image/200x/17f82f742ffe127f42dca9de82fb58b1/_/0/_01911.jpg,,,679
3079,Rose Petal Pop Up Tissue (Pack Of 150),,250,,Home Essentials,https://cdn.mycart.pk/media/catalog/product/cache/1/small_image/200x/17f82f742ffe127f42dca9de82fb58b1/r/p/rp_pop_up_tissue_box.jpg,,,682
3080,Rose Petal Party Pack Tissue White (Pack Of 300),,275,,Home Essentials,https://cdn.mycart.pk/media/catalog/product/cache/1/small_image/200x/17f82f742ffe127f42dca9de82fb58b1/_/1/_10655.jpg,,,685
3081,Rose Petal Party Pack Tissue Pink (Pack of 400),,250,,Home Essentials,https://cdn.mycart.pk/media/catalog/product/cache/1/small_image/200x/17f82f742ffe127f42dca9de82fb58b1/1/4/14d8830081bf07264bd6984d39e08635.jpg,,,688
3082,Rose Petal Multi Colour Tissue (Pack Of 150),,370,,Home Essentials,https://cdn.mycart.pk/media/catalog/product/cache/1/small_image/200x/17f82f742ffe127f42dca9de82fb58b1/r/p/rp_multi_colour_tissue.jpg,,,691
3083,Rose Petal Maxob Toilet Roll Twin Pack,,260,,Home Essentials,https://cdn.mycart.pk/media/catalog/product/cache/1/small_image/200x/17f82f742ffe127f42dca9de82fb58b1/_/1/_10795.jpg,,,694
3084,Rose Petal Maxob Toilet Roll Single,,170,,Home Essentials,https://cdn.mycart.pk/media/catalog/product/cache/1/small_image/200x/17f82f742ffe127f42dca9de82fb58b1/_/0/_06510.jpg,,,697
3085,Rose Petal Luxury Tissue (Pack Of 210),,475,,Home Essentials,https://cdn.mycart.pk/media/catalog/product/cache/1/small_image/200x/17f82f742ffe127f42dca9de82fb58b1/r/o/rose_petal_luxury_tissue_pack_of_100_.jpg,,,700
3086,Rose Petal Hi-Jeen Brown Hand Towel Tissue (Pack of 75),,220,,Home Essentials,https://cdn.mycart.pk/media/catalog/product/cache/1/small_image/200x/17f82f742ffe127f42dca9de82fb58b1/_/0/_06512.jpg,,,703
3087,Rose Petal Hi-Jeen White Hand Towel Tissue - (Pack of 100),,310,,Home Essentials,https://cdn.mycart.pk/media/catalog/product/cache/1/small_image/200x/17f82f742ffe127f42dca9de82fb58b1/r/p/rp_hand_towel_tissue_white_100pc.jpg,,,706
3088,Roomi Small Air Freshener Hanger,,130,,Home Essentials,https://cdn.mycart.pk/media/catalog/product/cache/1/small_image/200x/17f82f742ffe127f42dca9de82fb58b1/_/0/_05570.jpg,,,709
3089,Roomi Naphthalene Colored Balls,,320,,Home Essentials,https://cdn.mycart.pk/media/catalog/product/cache/1/small_image/200x/17f82f742ffe127f42dca9de82fb58b1/_/0/_06072.jpg,,,712
3090,Roomi Large Air Freshener Hanger,,180,,Home Essentials,https://cdn.mycart.pk/media/catalog/product/cache/1/small_image/200x/17f82f742ffe127f42dca9de82fb58b1/_/0/_06070.jpg,,,715
3091,Roomi Datzi Fridge Freshener,,290,,Home Essentials,https://cdn.mycart.pk/media/catalog/product/cache/1/small_image/200x/17f82f742ffe127f42dca9de82fb58b1/_/0/_06066.jpg,,,718
3092,Roomi Blue Toilet Blocks,,420,,Home Essentials,https://cdn.mycart.pk/media/catalog/product/cache/1/small_image/200x/17f82f742ffe127f42dca9de82fb58b1/_/0/_06068.jpg,,,721
3093,Roomi Air Freshener Block - 28gm,,60,,Home Essentials,https://cdn.mycart.pk/media/catalog/product/cache/1/small_image/200x/17f82f742ffe127f42dca9de82fb58b1/_/0/_06106.jpg,,,724
3094,Robin New Liquid Bleach - 900ml,,1445,,Home Essentials,https://cdn.mycart.pk/media/catalog/product/cache/1/small_image/200x/17f82f742ffe127f42dca9de82fb58b1/6/0/6001106309831.jpg,,,727
3095,Robin New Liquid Bleach - 450ml,,700,,Home Essentials,https://cdn.mycart.pk/media/catalog/product/cache/1/small_image/200x/17f82f742ffe127f42dca9de82fb58b1/6/0/6001106309985.jpg,,,730
3096,Robin New Fragrance Liquid Bleach - 450ml,,700,,Home Essentials,https://cdn.mycart.pk/media/catalog/product/cache/1/small_image/200x/17f82f742ffe127f42dca9de82fb58b1/r/o/robin-product.png,,,733
3097,Robin Liquid Blue - 150ml,,620,,Home Essentials,https://cdn.mycart.pk/media/catalog/product/cache/1/small_image/200x/17f82f742ffe127f42dca9de82fb58b1/6/0/6001106309725.jpg,,,736
3098,Robin Blue Neel Liquid - 75ml,,310,,Home Essentials,https://cdn.mycart.pk/media/catalog/product/cache/1/small_image/200x/17f82f742ffe127f42dca9de82fb58b1/6/0/6001106309718.jpg,,,739
3099,Rin Detergent Powder - 500gm,,210,,Home Essentials,https://cdn.mycart.pk/media/catalog/product/cache/1/small_image/200x/17f82f742ffe127f42dca9de82fb58b1/d/s/dsc_0888.png,,,742
3100,Rin Detergent Powder - 2kg,,950,,Home Essentials,https://cdn.mycart.pk/media/catalog/product/cache/1/small_image/200x/17f82f742ffe127f42dca9de82fb58b1/_/0/_05713.jpg,,,745
3101,Rin Detergent Powder - 1kg,,480,,Home Essentials,https://cdn.mycart.pk/media/catalog/product/cache/1/small_image/200x/17f82f742ffe127f42dca9de82fb58b1/r/i/rindet_2.jpg,,,748
3102,Renuzit Simply Vanilla Air Freshner - 198gm,,470,,Home Essentials,https://cdn.mycart.pk/media/catalog/product/cache/1/small_image/200x/17f82f742ffe127f42dca9de82fb58b1/1/9/19800036614.jpg,,,751
3103,Renuzit Pure Breeze Air Freshner - 198gm,,470,,Home Essentials,https://cdn.mycart.pk/media/catalog/product/cache/1/small_image/200x/17f82f742ffe127f42dca9de82fb58b1/2/3/23400000982.jpg,,,754
3104,Renuzit Lovely Lavender Air Freshner - 198gm,,470,,Home Essentials,https://cdn.mycart.pk/media/catalog/product/cache/1/small_image/200x/17f82f742ffe127f42dca9de82fb58b1/2/3/23400350018.jpg,,,757
3105,Renuzit Hawaiian Sunset Air Freshner - 198gm,,470,,Home Essentials,https://cdn.mycart.pk/media/catalog/product/cache/1/small_image/200x/17f82f742ffe127f42dca9de82fb58b1/2/3/23400000630.jpg,,,760
3106,Renuzit Forever Raspberry Air Freshner - 198gm,,490,,Home Essentials,https://cdn.mycart.pk/media/catalog/product/cache/1/small_image/200x/17f82f742ffe127f42dca9de82fb58b1/1/9/19800036676.jpg,,,763
3107,Renuzit Cotton Breeze Air Freshner - 198gm,,470,,Home Essentials,https://cdn.mycart.pk/media/catalog/product/cache/1/small_image/200x/17f82f742ffe127f42dca9de82fb58b1/2/3/23400354498.jpg,,,766
3108,Renuzit After The Rain Air Freshner - 198gm,,470,,Home Essentials,https://cdn.mycart.pk/media/catalog/product/cache/1/small_image/200x/17f82f742ffe127f42dca9de82fb58b1/1/9/19800036638.jpg,,,769
3109,Register (500 Pages),,445,,Home Essentials,https://cdn.mycart.pk/media/catalog/product/cache/1/small_image/200x/17f82f742ffe127f42dca9de82fb58b1/_/1/_13610.png,,,772
3110,Register (300 Pages),,370,,Home Essentials,https://cdn.mycart.pk/media/catalog/product/cache/1/small_image/200x/17f82f742ffe127f42dca9de82fb58b1/_/1/_13608.png,,,775
3111,Register (120 Pages),,180,,Home Essentials,https://cdn.mycart.pk/media/catalog/product/cache/1/small_image/200x/17f82f742ffe127f42dca9de82fb58b1/_/1/_13519.png,,,778
3112,Ragging Tape 2 Inch (Assorted Colour),,280,,Home Essentials,https://cdn.mycart.pk/media/catalog/product/cache/1/small_image/200x/17f82f742ffe127f42dca9de82fb58b1/_/1/_15333.png,,,781
3113,Push Pin (Thumb Pin),,85,,Home Essentials,https://cdn.mycart.pk/media/catalog/product/cache/1/small_image/200x/17f82f742ffe127f42dca9de82fb58b1/_/0/_08049_1.jpg,,,784
3114,Polo Two Hole Punch Machine A-60,,360,,Home Essentials,https://cdn.mycart.pk/media/catalog/product/cache/1/small_image/200x/17f82f742ffe127f42dca9de82fb58b1/2/0/20190211_135528_1_1.jpg,,,787
3115,Polo Stapler Pin 24/6 No.3-1M,,80,,Home Essentials,https://cdn.mycart.pk/media/catalog/product/cache/1/small_image/200x/17f82f742ffe127f42dca9de82fb58b1/m/c/mcp000001045.jpg,,,790
3116,Polo Rubber Band - 0.75 inch,,285,,Home Essentials,https://cdn.mycart.pk/media/catalog/product/cache/1/small_image/200x/17f82f742ffe127f42dca9de82fb58b1/_/1/_15592.png,,,793
3117,Polo Paper Clip (Pack Of 100) - 36mm,,80,,Home Essentials,https://cdn.mycart.pk/media/catalog/product/cache/1/small_image/200x/17f82f742ffe127f42dca9de82fb58b1/_/1/_13859.jpg,,,796
3118,Polo Knife Cutter Small,,95,,Home Essentials,https://cdn.mycart.pk/media/catalog/product/cache/1/small_image/200x/17f82f742ffe127f42dca9de82fb58b1/8/7/8711197422248.JPG,,,799
3119,Polo Gem Clip (Pack of 100) - 50mm,,46,,Home Essentials,https://cdn.mycart.pk/media/catalog/product/cache/1/small_image/200x/17f82f742ffe127f42dca9de82fb58b1/_/0/_08077.jpg,,,802
3120,Polo Gem Clip (Pack of 100) - 36mm,,80,,Home Essentials,https://cdn.mycart.pk/media/catalog/product/cache/1/small_image/200x/17f82f742ffe127f42dca9de82fb58b1/_/0/_08075.jpg,,,805
3121,Polo Gem Clip (Pack Of 100) - 26mm,,70,,Home Essentials,https://cdn.mycart.pk/media/catalog/product/cache/1/small_image/200x/17f82f742ffe127f42dca9de82fb58b1/_/0/_08076.jpg,,,808
3122,Plastic Thick Slide Bar File,,60,,Home Essentials,https://cdn.mycart.pk/media/catalog/product/cache/1/small_image/200x/17f82f742ffe127f42dca9de82fb58b1/_/1/_14434.png,,,811
3123,Plastic Garbage Bags Black 30x50 - 400gm,,215,,Home Essentials,https://cdn.mycart.pk/media/catalog/product/cache/1/small_image/200x/17f82f742ffe127f42dca9de82fb58b1/_/0/_08436.jpg,,,814
3124,Plastic Garbage Bags Black 24x36 - 400gm,,215,,Home Essentials,https://cdn.mycart.pk/media/catalog/product/cache/1/small_image/200x/17f82f742ffe127f42dca9de82fb58b1/_/0/_08437.jpg,,,817
3125,Plastic Garbage Bags Black 18x24 - 400gm,,215,,Home Essentials,https://cdn.mycart.pk/media/catalog/product/cache/1/small_image/200x/17f82f742ffe127f42dca9de82fb58b1/_/0/_08435.jpg,,,820
3126,Plastic Bucket - 30Ltr,,980,,Home Essentials,https://cdn.mycart.pk/media/catalog/product/cache/1/small_image/200x/17f82f742ffe127f42dca9de82fb58b1/_/1/_13670.png,,,823
3127,Plastic Bucket - 20Ltr,,800,,Home Essentials,https://cdn.mycart.pk/media/catalog/product/cache/1/small_image/200x/17f82f742ffe127f42dca9de82fb58b1/_/1/_13668.png,,,826
3128,Plastic Bucket,,950,,Home Essentials,https://cdn.mycart.pk/media/catalog/product/cache/1/small_image/200x/17f82f742ffe127f42dca9de82fb58b1/_/d/_dsc0848.jpg,,,829
3129,Plastic Assorted Colour Slide Bar File,,50,,Home Essentials,https://cdn.mycart.pk/media/catalog/product/cache/1/small_image/200x/17f82f742ffe127f42dca9de82fb58b1/_/0/_08251.jpg,,,832
3130,Plastic Assorted Color TT File A4 (A-320),,75,,Home Essentials,https://cdn.mycart.pk/media/catalog/product/cache/1/small_image/200x/17f82f742ffe127f42dca9de82fb58b1/_/0/_08054.jpg,,,835
3131,Piano Red Ball Pen Point (Pack of 10) - 0.8mm,,220,,Home Essentials,https://cdn.mycart.pk/media/catalog/product/cache/1/small_image/200x/17f82f742ffe127f42dca9de82fb58b1/_/0/_08201.jpg,,,838
3132,Piano Hi-lite Yellow (Pack of 12),,750,,Home Essentials,https://cdn.mycart.pk/media/catalog/product/cache/1/small_image/200x/17f82f742ffe127f42dca9de82fb58b1/_/0/_07912.jpg,,,841
3133,Piano Blue Ball Pen Point (Pack of 10) - 0.8mm,,220,,Home Essentials,https://cdn.mycart.pk/media/catalog/product/cache/1/small_image/200x/17f82f742ffe127f42dca9de82fb58b1/_/1/_12855.png,,,844
3134,Piano Black Ball Pen Point (Pack of 10) - 0.8mm,,220,,Home Essentials,https://cdn.mycart.pk/media/catalog/product/cache/1/small_image/200x/17f82f742ffe127f42dca9de82fb58b1/_/0/_08202.jpg,,,847
3135,Phool Jharoo With Plastic Handle - 400gm,,460,,Home Essentials,https://cdn.mycart.pk/media/catalog/product/cache/1/small_image/200x/17f82f742ffe127f42dca9de82fb58b1/b/r/broom.png,,,850
3136,Phool Jharoo Large,,320,,Home Essentials,https://cdn.mycart.pk/media/catalog/product/cache/1/small_image/200x/17f82f742ffe127f42dca9de82fb58b1/_/0/_06428_1.jpg,,,853
3137,Phool Jharoo,,210,,Home Essentials,https://cdn.mycart.pk/media/catalog/product/cache/1/small_image/200x/17f82f742ffe127f42dca9de82fb58b1/_/0/_06428.jpg,,,856
3138,Perfect Violet Air Freshener Refill - 250ml,,500,,Home Essentials,https://cdn.mycart.pk/media/catalog/product/cache/1/small_image/200x/17f82f742ffe127f42dca9de82fb58b1/_/0/_09683.jpg,,,859
3139,Perfect Tea Rose Air Freshener - 300ml,,500,,Home Essentials,https://cdn.mycart.pk/media/catalog/product/cache/1/small_image/200x/17f82f742ffe127f42dca9de82fb58b1/p/e/perfect_air_freshner_300ml_tea_rose.png,,,862
3140,Perfect Summer Air Freshener - 300ml,,500,,Home Essentials,https://cdn.mycart.pk/media/catalog/product/cache/1/small_image/200x/17f82f742ffe127f42dca9de82fb58b1/_/0/_09885.jpg,,,865
3141,Perfect Soft Pink Air Freshener - 300ml,,500,,Home Essentials,https://cdn.mycart.pk/media/catalog/product/cache/1/small_image/200x/17f82f742ffe127f42dca9de82fb58b1/8/9/8964000833445.jpg,,,868
3142,Perfect Rose Air Freshener Refill - 250ml,,500,,Home Essentials,https://cdn.mycart.pk/media/catalog/product/cache/1/small_image/200x/17f82f742ffe127f42dca9de82fb58b1/_/0/_09671.jpg,,,871
3143,Perfect Polo Air Freshener Refill - 250ml,,500,,Home Essentials,https://cdn.mycart.pk/media/catalog/product/cache/1/small_image/200x/17f82f742ffe127f42dca9de82fb58b1/_/0/_09679.jpg,,,874
3144,Perfect Poison Air Freshener Refill - 250ml,,500,,Home Essentials,https://cdn.mycart.pk/media/catalog/product/cache/1/small_image/200x/17f82f742ffe127f42dca9de82fb58b1/_/0/_09681.jpg,,,877
3145,Perfect Oriental and Jasmine Air Freshener - 300ml,,500,,Home Essentials,https://cdn.mycart.pk/media/catalog/product/cache/1/small_image/200x/17f82f742ffe127f42dca9de82fb58b1/1/_/1_19.png,,,880
3146,Perfect Mubarak Air Freshener - 300ml,,500,,Home Essentials,https://cdn.mycart.pk/media/catalog/product/cache/1/small_image/200x/17f82f742ffe127f42dca9de82fb58b1/m/u/mubarak.png,,,883
3147,Perfect Morning Mist Air Freshener Refill - 250ml,,500,,Home Essentials,https://cdn.mycart.pk/media/catalog/product/cache/1/small_image/200x/17f82f742ffe127f42dca9de82fb58b1/_/0/_09663.jpg,,,886
3148,Perfect Max Air Freshener - 300ml,,500,,Home Essentials,https://cdn.mycart.pk/media/catalog/product/cache/1/small_image/200x/17f82f742ffe127f42dca9de82fb58b1/_/0/_09881.jpg,,,889
3149,Perfect Life Air Freshener - 300ml,,500,,Home Essentials,https://cdn.mycart.pk/media/catalog/product/cache/1/small_image/200x/17f82f742ffe127f42dca9de82fb58b1/p/e/perfect_air_freshner_300ml_life.png,,,892
3150,Perfect Lavender Air Freshener Refill - 250ml,,500,,Home Essentials,https://cdn.mycart.pk/media/catalog/product/cache/1/small_image/200x/17f82f742ffe127f42dca9de82fb58b1/_/0/_09677.jpg,,,895
3151,Perfect Lady Poison Air Freshener - 300ml,,500,,Home Essentials,https://cdn.mycart.pk/media/catalog/product/cache/1/small_image/200x/17f82f742ffe127f42dca9de82fb58b1/_/0/_09895.jpg,,,898
3152,Perfect Kross Air Freshener - 300ml,,500,,Home Essentials,https://cdn.mycart.pk/media/catalog/product/cache/1/small_image/200x/17f82f742ffe127f42dca9de82fb58b1/_/0/_09893.jpg,,,901
3153,Perfect Jasmine Air Freshener Refill - 250ml,,500,,Home Essentials,https://cdn.mycart.pk/media/catalog/product/cache/1/small_image/200x/17f82f742ffe127f42dca9de82fb58b1/_/0/_09673.jpg,,,904
3154,Perfect Heaven Air Freshener - 300ml,,500,,Home Essentials,https://cdn.mycart.pk/media/catalog/product/cache/1/small_image/200x/17f82f742ffe127f42dca9de82fb58b1/_/1/_11716.png,,,907
3155,Perfect Ghilaf-e-Kaaba Air Freshener - 300ml,,500,,Home Essentials,https://cdn.mycart.pk/media/catalog/product/cache/1/small_image/200x/17f82f742ffe127f42dca9de82fb58b1/8/9/8964000834886.jpg,,,910
3156,Perfect Gentleman Air Freshener - 300ml,,500,,Home Essentials,https://cdn.mycart.pk/media/catalog/product/cache/1/small_image/200x/17f82f742ffe127f42dca9de82fb58b1/_/0/_09889.jpg,,,913
3157,Perfect Eternity Air Freshener - 300ml,,500,,Home Essentials,https://cdn.mycart.pk/media/catalog/product/cache/1/small_image/200x/17f82f742ffe127f42dca9de82fb58b1/_/0/_09879.jpg,,,916
3158,Perfect Enjoy Air Freshener - 300ml,,500,,Home Essentials,https://cdn.mycart.pk/media/catalog/product/cache/1/small_image/200x/17f82f742ffe127f42dca9de82fb58b1/8/9/8964000833162.jpg,,,919
3159,Perfect Dream Air Freshener - 300ml,,500,,Home Essentials,https://cdn.mycart.pk/media/catalog/product/cache/1/small_image/200x/17f82f742ffe127f42dca9de82fb58b1/_/0/_09905.jpg,,,922
3160,Perfect Country Garden Air Freshener Refill - 250ml,,500,,Home Essentials,https://cdn.mycart.pk/media/catalog/product/cache/1/small_image/200x/17f82f742ffe127f42dca9de82fb58b1/_/0/_09665.jpg,,,925
3161,Perfect Cool Water Air Freshener Refill - 250ml,,500,,Home Essentials,https://cdn.mycart.pk/media/catalog/product/cache/1/small_image/200x/17f82f742ffe127f42dca9de82fb58b1/_/0/_09675.jpg,,,928
3162,Perfect Cool Air Freshener - 300ml,,500,,Home Essentials,https://cdn.mycart.pk/media/catalog/product/cache/1/small_image/200x/17f82f742ffe127f42dca9de82fb58b1/_/0/_09897.jpg,,,931
3163,Perfect Ck Air Freshener Refill - 250ml,,500,,Home Essentials,https://cdn.mycart.pk/media/catalog/product/cache/1/small_image/200x/17f82f742ffe127f42dca9de82fb58b1/_/0/_09667.jpg,,,934
3164,Perfect Cigar Air Freshener - 300ml,,500,,Home Essentials,https://cdn.mycart.pk/media/catalog/product/cache/1/small_image/200x/17f82f742ffe127f42dca9de82fb58b1/_/0/_09899.jpg,,,937
3165,Perfect Boss Air Freshener Refill - 250ml,,500,,Home Essentials,https://cdn.mycart.pk/media/catalog/product/cache/1/small_image/200x/17f82f742ffe127f42dca9de82fb58b1/_/0/_09669.jpg,,,940
3166,Perfect Azzura Air Freshener - 300ml,,500,,Home Essentials,https://cdn.mycart.pk/media/catalog/product/cache/1/small_image/200x/17f82f742ffe127f42dca9de82fb58b1/_/0/_09883.jpg,,,943
3167,Perfect Automatic Dispenser Air Freshener,,4000,,Home Essentials,https://cdn.mycart.pk/media/catalog/product/cache/1/small_image/200x/17f82f742ffe127f42dca9de82fb58b1/_/0/_08740.gif,,,946
3168,Perfect Aseel Air Freshener Refill - 250ml,,500,,Home Essentials,https://cdn.mycart.pk/media/catalog/product/cache/1/small_image/200x/17f82f742ffe127f42dca9de82fb58b1/_/0/_09661.jpg,,,949
3169,Perfect Aseel Air Freshener - 300ml,,500,,Home Essentials,https://cdn.mycart.pk/media/catalog/product/cache/1/small_image/200x/17f82f742ffe127f42dca9de82fb58b1/_/0/_09901.jpg,,,952
3170,Perfect Armis Air Freshener - 300ml,,500,,Home Essentials,https://cdn.mycart.pk/media/catalog/product/cache/1/small_image/200x/17f82f742ffe127f42dca9de82fb58b1/_/0/_09891.jpg,,,955
3171,Perfect 2One2 Air Freshener - 300ml,,500,,Home Essentials,https://cdn.mycart.pk/media/catalog/product/cache/1/small_image/200x/17f82f742ffe127f42dca9de82fb58b1/8/9/8964000833063.jpg,,,958
3172,Pen Holder Metal,,250,,Home Essentials,https://cdn.mycart.pk/media/catalog/product/cache/1/small_image/200x/17f82f742ffe127f42dca9de82fb58b1/_/0/_08036.jpg,,,961
3173,Papia 3 Ply Toilet Paper 2 (Pack of 2),,380,,Home Essentials,https://cdn.mycart.pk/media/catalog/product/cache/1/small_image/200x/17f82f742ffe127f42dca9de82fb58b1/6/2/6224007974643.jpg,,,964
3174,Papia 3 Ply Kitchen Towel 2 Rolls (Pack of 2),,700,,Home Essentials,https://cdn.mycart.pk/media/catalog/product/cache/1/small_image/200x/17f82f742ffe127f42dca9de82fb58b1/6/2/6224007974674.jpg,,,967
3175,Paper Tray Metal Net 3 Storey,,2200,,Home Essentials,https://cdn.mycart.pk/media/catalog/product/cache/1/small_image/200x/17f82f742ffe127f42dca9de82fb58b1/_/0/_08029.jpg,,,970
3176,Pajero Match Box (Pack of 10),,55,,Home Essentials,https://cdn.mycart.pk/media/catalog/product/cache/1/small_image/200x/17f82f742ffe127f42dca9de82fb58b1/_/0/_08846.gif,,,973
3177,Oasis Liquid Royal GrapesHand Wash - 500ml,,260,,Home Essentials,https://cdn.mycart.pk/media/catalog/product/cache/1/small_image/200x/17f82f742ffe127f42dca9de82fb58b1/w/e/webpc-passthru.jpg,,,976
3178,Oasis Liquid LemonadeHand Wash - 500ml,,260,,Home Essentials,https://cdn.mycart.pk/media/catalog/product/cache/1/small_image/200x/17f82f742ffe127f42dca9de82fb58b1/p/6/p603-0.png,,,979
3179,Oasis Liquid Green Apple Hand Wash - 500ml,,260,,Home Essentials,https://cdn.mycart.pk/media/catalog/product/cache/1/small_image/200x/17f82f742ffe127f42dca9de82fb58b1/w/e/webpc-passthru_1_.jpg,,,982
3180,Oasis Liquid Berrylicious Hand Wash - 500ml,,260,,Home Essentials,https://cdn.mycart.pk/media/catalog/product/cache/1/small_image/200x/17f82f742ffe127f42dca9de82fb58b1/o/a/oasis-blueberrying.jpg,,,985
3181,Mycart Reusable Bag Small - Black,,100,,Home Essentials,https://cdn.mycart.pk/media/catalog/product/cache/1/small_image/200x/17f82f742ffe127f42dca9de82fb58b1/s/m/small_b.jpg,,,988
3182,Mycart Reusable Bag - Yellow - Small,,100,,Home Essentials,https://cdn.mycart.pk/media/catalog/product/cache/1/small_image/200x/17f82f742ffe127f42dca9de82fb58b1/s/m/small_y.jpg,,,991
3183,Mycart Reusable Bag - Black - Large,,120,,Home Essentials,https://cdn.mycart.pk/media/catalog/product/cache/1/small_image/200x/17f82f742ffe127f42dca9de82fb58b1/l/a/large_b.jpg,,,994
3184,Mosi Wiper With Almunium Handle (Assorted Colour),,750,,Home Essentials,https://cdn.mycart.pk/media/catalog/product/cache/1/small_image/200x/17f82f742ffe127f42dca9de82fb58b1/_/1/_13885.png,,,997
3185,Mosi Wiper Large,,780,,Home Essentials,https://cdn.mycart.pk/media/catalog/product/cache/1/small_image/200x/17f82f742ffe127f42dca9de82fb58b1/_/1/_10453.jpg,,,1000
3186,Mosi Plunger Small,,300,,Home Essentials,https://cdn.mycart.pk/media/catalog/product/cache/1/small_image/200x/17f82f742ffe127f42dca9de82fb58b1/_/0/_09970.jpg,,,1003
3187,Mosi Mop Set,,1050,,Home Essentials,https://cdn.mycart.pk/media/catalog/product/cache/1/small_image/200x/17f82f742ffe127f42dca9de82fb58b1/_/0/_08199_2.jpg,,,1006
3188,Mosi Mop Refill - 350gm,,350,,Home Essentials,https://cdn.mycart.pk/media/catalog/product/cache/1/small_image/200x/17f82f742ffe127f42dca9de82fb58b1/_/1/_13884.png,,,1009
3189,Mosi Mop Refil - 650gm,,720,,Home Essentials,https://cdn.mycart.pk/media/catalog/product/cache/1/small_image/200x/17f82f742ffe127f42dca9de82fb58b1/_/0/_08198.jpg,,,1012
3190,Mosi Mop Refil - 500gm,,580,,Home Essentials,https://cdn.mycart.pk/media/catalog/product/cache/1/small_image/200x/17f82f742ffe127f42dca9de82fb58b1/_/0/_08199_1.jpg,,,1015
3191,Mosi Mop Grey Clip With Handle,,680,,Home Essentials,https://cdn.mycart.pk/media/catalog/product/cache/1/small_image/200x/17f82f742ffe127f42dca9de82fb58b1/_/1/_13887.png,,,1018
3192,Mosi Dust Mop Refill,,590,,Home Essentials,https://cdn.mycart.pk/media/catalog/product/cache/1/small_image/200x/17f82f742ffe127f42dca9de82fb58b1/_/1/_13612.jpg,,,1021
3193,Mosi Choto Wiper,,370,,Home Essentials,https://cdn.mycart.pk/media/catalog/product/cache/1/small_image/200x/17f82f742ffe127f42dca9de82fb58b1/m/o/mosi.png,,,1024
3194,Mortein Ultra Fast Aerosole AIK - 550ml,,1160,,Home Essentials,https://cdn.mycart.pk/media/catalog/product/cache/1/small_image/200x/17f82f742ffe127f42dca9de82fb58b1/p/i/picture61.jpg,,,1027
3195,Mortein Ultra Fast Aerosol FIK - 550ml,,1180,,Home Essentials,https://cdn.mycart.pk/media/catalog/product/cache/1/small_image/200x/17f82f742ffe127f42dca9de82fb58b1/0/4/04.jpg,,,1030
3196,Mortein Ultra Fast Aerosol FIK - 375ml,,880,,Home Essentials,https://cdn.mycart.pk/media/catalog/product/cache/1/small_image/200x/17f82f742ffe127f42dca9de82fb58b1/b/u/buy_2_x_mortein_ultra_fast_aerosol_-_fik_400ml_rs._180.00_save_up_to_rs.100.jpg,,,1033
3197,Mortein Ultra Fast Aerosol CIK - 375ml,,880,,Home Essentials,https://cdn.mycart.pk/media/catalog/product/cache/1/small_image/200x/17f82f742ffe127f42dca9de82fb58b1/p/i/picture63.jpg,,,1036
3198,Mortein Ultra Fast Aerosol AIK - 600ml,,1180,,Home Essentials,https://cdn.mycart.pk/media/catalog/product/cache/1/small_image/200x/17f82f742ffe127f42dca9de82fb58b1/p/i/picture62.jpg,,,1039
3199,Mortein PowerGard Xtra Power Coil (Pack of 10),,195,,Home Essentials,https://cdn.mycart.pk/media/catalog/product/cache/1/small_image/200x/17f82f742ffe127f42dca9de82fb58b1/0/1/011.jpg,,,1042
3200,Mortein PowerGard Mosquito Coil (Pack of 10),,195,,Home Essentials,https://cdn.mycart.pk/media/catalog/product/cache/1/small_image/200x/17f82f742ffe127f42dca9de82fb58b1/_/1/_12544.png,,,1045
3201,Mortein PowerGard Coopex Powder - 100gm,,530,,Home Essentials,https://cdn.mycart.pk/media/catalog/product/cache/1/small_image/200x/17f82f742ffe127f42dca9de82fb58b1/m/o/mortein_powergard_coopex_powder.jpg,,,1048
3202,Mortein Plug In Refill Fragrant - 42ml,,540,,Home Essentials,https://cdn.mycart.pk/media/catalog/product/cache/1/small_image/200x/17f82f742ffe127f42dca9de82fb58b1/0/4/044.jpg,,,1051
3203,Mortein Peaceful Nights Refill Odourless 60 Nights - 42ml,,545,,Home Essentials,https://cdn.mycart.pk/media/catalog/product/cache/1/small_image/200x/17f82f742ffe127f42dca9de82fb58b1/0/5/055.jpg,,,1054
3204,Mortein Peaceful Nights LED (Complete Set),,650,,Home Essentials,https://cdn.mycart.pk/media/catalog/product/cache/1/small_image/200x/17f82f742ffe127f42dca9de82fb58b1/0/3/033.jpg,,,1057
3205,Mortein Peaceful Nights Aerosol FIK - 375ml,,960,,Home Essentials,https://cdn.mycart.pk/media/catalog/product/cache/1/small_image/200x/17f82f742ffe127f42dca9de82fb58b1/m/o/mortein_peaceful_nights_aerosol_-_fik_400ml_1.jpg,,,1060
3206,Mortein Peaceful Nights 2x60 Nights Refill - 42ml,,765,,Home Essentials,https://cdn.mycart.pk/media/catalog/product/cache/1/small_image/200x/17f82f742ffe127f42dca9de82fb58b1/8/9/8961101230494.jpg,,,1063
3207,Mortein Peaceful Nights - 550ml,,1280,,Home Essentials,https://cdn.mycart.pk/media/catalog/product/cache/1/small_image/200x/17f82f742ffe127f42dca9de82fb58b1/2/0/20190422_104814.jpg,,,1066
3208,Mortein Odourless Flying Insect Killer FIK Aerosol - 300ml,,690,,Home Essentials,https://cdn.mycart.pk/media/catalog/product/cache/1/small_image/200x/17f82f742ffe127f42dca9de82fb58b1/1/8/18773.png,,,1069
3209,Mortein Odourless FIK - 550ml,,1395,,Home Essentials,https://cdn.mycart.pk/media/catalog/product/cache/1/small_image/200x/17f82f742ffe127f42dca9de82fb58b1/2/0/20190506_111630.jpg,,,1072
3210,Mortein Deep Reach Action Mats (Pack of 30),,599,,Home Essentials,https://cdn.mycart.pk/media/catalog/product/cache/1/small_image/200x/17f82f742ffe127f42dca9de82fb58b1/_/1/_13260.png,,,1075
3211,Mortein Crawling Insect Killer Aerosol CIK - 550ml,,1180,,Home Essentials,https://cdn.mycart.pk/media/catalog/product/cache/1/small_image/200x/17f82f742ffe127f42dca9de82fb58b1/1/1/1180016-1.png,,,1078
3212,Metromilan Three In One,,95,,Home Essentials,https://cdn.mycart.pk/media/catalog/product/cache/1/small_image/200x/17f82f742ffe127f42dca9de82fb58b1/_/1/_10505.jpg,,,1081
3213,Metromilan Incense Stick,,95,,Home Essentials,https://cdn.mycart.pk/media/catalog/product/cache/1/small_image/200x/17f82f742ffe127f42dca9de82fb58b1/_/0/_08819.gif,,,1084
3214,Metro Liquid Mosquito Repellant Refill - 45ml,,180,,Home Essentials,https://cdn.mycart.pk/media/catalog/product/cache/1/small_image/200x/17f82f742ffe127f42dca9de82fb58b1/m/e/metro.jpg,,,1087
3215,Max Rose Fresh All Purpose Cleaner - 500ml,,580,,Home Essentials,https://cdn.mycart.pk/media/catalog/product/cache/1/small_image/200x/17f82f742ffe127f42dca9de82fb58b1/_/0/_01713.jpg,,,1090
3216,Max Rose Fresh All Purpose Cleaner - 1Ltr,,920,,Home Essentials,https://cdn.mycart.pk/media/catalog/product/cache/1/small_image/200x/17f82f742ffe127f42dca9de82fb58b1/_/1/_12518.png,,,1093
3217,Max Lemon Fresh All Purpose Cleaner - 500ml,,580,,Home Essentials,https://cdn.mycart.pk/media/catalog/product/cache/1/small_image/200x/17f82f742ffe127f42dca9de82fb58b1/_/0/_01715.jpg,,,1096
3218,Max Lemon Fresh All Purpose Cleaner - 1Ltr,,950,,Home Essentials,https://cdn.mycart.pk/media/catalog/product/cache/1/small_image/200x/17f82f742ffe127f42dca9de82fb58b1/_/0/_01709.jpg,,,1099
3219,Max Lavender Fresh All Purpose Cleaner - 500ml,,580,,Home Essentials,https://cdn.mycart.pk/media/catalog/product/cache/1/small_image/200x/17f82f742ffe127f42dca9de82fb58b1/_/1/_10562.jpg,,,1102
3220,Max Lavender Fresh All Purpose Cleaner - 1Ltr,,920,,Home Essentials,https://cdn.mycart.pk/media/catalog/product/cache/1/small_image/200x/17f82f742ffe127f42dca9de82fb58b1/_/1/_12516.png,,,1105
3221,Max Dishwash Soap - 170gm,,60,,Home Essentials,https://cdn.mycart.pk/media/catalog/product/cache/1/small_image/200x/17f82f742ffe127f42dca9de82fb58b1/8/8/8886950071848_1.jpg,,,1108
3222,Max Dishwash Liquid - 475ml,,265,,Home Essentials,https://cdn.mycart.pk/media/catalog/product/cache/1/small_image/200x/17f82f742ffe127f42dca9de82fb58b1/l/e/lemon-max-dish-wash-liquid.jpg,,,1111
3223,Masafi Tissue (pack of 150),,600,,Home Essentials,https://cdn.mycart.pk/media/catalog/product/cache/1/small_image/200x/17f82f742ffe127f42dca9de82fb58b1/_/0/_07673.jpg,,,1114
3224,Masafi Car Tissue (pack of 70),,395,,Home Essentials,https://cdn.mycart.pk/media/catalog/product/cache/1/small_image/200x/17f82f742ffe127f42dca9de82fb58b1/_/0/_07677.jpg,,,1117
3225,M&G Gel Pen 0.7 Blue (Pack of 10),,800,,Home Essentials,https://cdn.mycart.pk/media/catalog/product/cache/1/small_image/200x/17f82f742ffe127f42dca9de82fb58b1/b/l/blue_resize.jpg,,,1120
3226,M&G Gel Pen 0.7 Black (Pack of 10),,800,,Home Essentials,https://cdn.mycart.pk/media/catalog/product/cache/1/small_image/200x/17f82f742ffe127f42dca9de82fb58b1/b/l/black_resize.jpg,,,1123
3227,Long Handle Ceiling Broom,,399,,Home Essentials,https://cdn.mycart.pk/media/catalog/product/cache/1/small_image/200x/17f82f742ffe127f42dca9de82fb58b1/c/e/ceiling_broom.jpeg,,,1126
3228,Lion Star Floor Scrubber Livina - (BM-20),,1310,,Home Essentials,https://cdn.mycart.pk/media/catalog/product/cache/1/small_image/200x/17f82f742ffe127f42dca9de82fb58b1/6/1/61qynajhhxl.jpg,,,1129
3229,Lemon Max Ultra Lemon Liquid Dishwash (Yellow) - 500ml,,320,,Home Essentials,https://cdn.mycart.pk/media/catalog/product/cache/1/small_image/200x/17f82f742ffe127f42dca9de82fb58b1/8/8/8886950085326.jpg,,,1132
3230,Lemon Max Ultra Lemon Liquid Dishwash (Green) - 500ml,,320,,Home Essentials,https://cdn.mycart.pk/media/catalog/product/cache/1/small_image/200x/17f82f742ffe127f42dca9de82fb58b1/8/8/8886950085319.jpg,,,1135
3231,Lemon Max Power Cleaner Dishwash Powder - 400gm,,115,,Home Essentials,https://cdn.mycart.pk/media/catalog/product/cache/1/small_image/200x/17f82f742ffe127f42dca9de82fb58b1/8/8/8886950082028.jpg,,,1138
3232,Lemon Max Powder Anti-Bacterial Dishwash - 900gm,,115,,Home Essentials,https://cdn.mycart.pk/media/catalog/product/cache/1/small_image/200x/17f82f742ffe127f42dca9de82fb58b1/8/8/8886950084039.jpg,,,1141
3233,Lemon Max Paste (Yellow) - 400gm,,135,,Home Essentials,https://cdn.mycart.pk/media/catalog/product/cache/1/small_image/200x/17f82f742ffe127f42dca9de82fb58b1/8/8/8886950073651.jpg,,,1144
3234,Lemon Max Paste (Green) - 400gm,,155,,Home Essentials,https://cdn.mycart.pk/media/catalog/product/cache/1/small_image/200x/17f82f742ffe127f42dca9de82fb58b1/8/8/8886950074658.jpg,,,1147
3235,Lemon Max Original Dishwashing Paste - 200gm,,150,,Home Essentials,https://cdn.mycart.pk/media/catalog/product/cache/1/small_image/200x/17f82f742ffe127f42dca9de82fb58b1/8/8/8886950073491.jpg,,,1150
3236,Lemon Max Liquid Dishwash - 475ml,,330,,Home Essentials,https://cdn.mycart.pk/media/catalog/product/cache/1/small_image/200x/17f82f742ffe127f42dca9de82fb58b1/8/8/8886950096179.jpg,,,1153
3237,Lemon Max Liquid Dishwash - 275ml,,180,,Home Essentials,https://cdn.mycart.pk/media/catalog/product/cache/1/small_image/200x/17f82f742ffe127f42dca9de82fb58b1/8/8/8886950096162_1.jpg,,,1156
3238,Lemon Max Lime Dishwashing Paste - 200gm,,150,,Home Essentials,https://cdn.mycart.pk/media/catalog/product/cache/1/small_image/200x/17f82f742ffe127f42dca9de82fb58b1/8/8/8886950074498.jpg,,,1159
3239,Lemon Max Lemon with Bleach Powder - 900gm,,210,,Home Essentials,https://cdn.mycart.pk/media/catalog/product/cache/1/small_image/200x/17f82f742ffe127f42dca9de82fb58b1/2/0/20190128_165215_1.jpg,,,1162
3240,Lemon Max Lemon Ultra Dishwash Liquid (Yellow) - 250ml,,230,,Home Essentials,https://cdn.mycart.pk/media/catalog/product/cache/1/small_image/200x/17f82f742ffe127f42dca9de82fb58b1/8/8/8886950085340.jpg,,,1165
3241,Lemon Max Lemon Ultra Dishwash Liquid (Green) - 250ml,,210,,Home Essentials,https://cdn.mycart.pk/media/catalog/product/cache/1/small_image/200x/17f82f742ffe127f42dca9de82fb58b1/8/8/8886950085333.jpg,,,1168
3242,Lemon Max Lemon Power Cleaner Dishwash Powder Pouch - 450gm,,145,,Home Essentials,https://cdn.mycart.pk/media/catalog/product/cache/1/small_image/200x/17f82f742ffe127f42dca9de82fb58b1/8/8/8886950082035_1.jpg,,,1171
3243,Lemon Max Lemon Powder - 790gm,,200,,Home Essentials,https://cdn.mycart.pk/media/catalog/product/cache/1/small_image/200x/17f82f742ffe127f42dca9de82fb58b1/8/8/8886950082042.jpg,,,1174
3244,Lemon Max Lemon Liquid Dishwash - 750ml,,460,,Home Essentials,https://cdn.mycart.pk/media/catalog/product/cache/1/small_image/200x/17f82f742ffe127f42dca9de82fb58b1/8/8/8886950085227.jpg,,,1177
3245,Lemon Max Lemon Fresh Liquid Dishwash - 475ml,,300,,Home Essentials,https://cdn.mycart.pk/media/catalog/product/cache/1/small_image/200x/17f82f742ffe127f42dca9de82fb58b1/8/8/8886950096216.jpg,,,1180
3246,Lemon Max Lemon Dishwash Liquid Pouch - 450ml,,230,,Home Essentials,https://cdn.mycart.pk/media/catalog/product/cache/1/small_image/200x/17f82f742ffe127f42dca9de82fb58b1/8/8/8886950096186.jpg,,,1183
3247,Lemon Max Lemon Dishwash Bar - 92gm,,30,,Home Essentials,https://cdn.mycart.pk/media/catalog/product/cache/1/small_image/200x/17f82f742ffe127f42dca9de82fb58b1/8/8/8886950071855_1.jpg,,,1186
3248,Lemon Max Lemon Dishwash Bar - 300gm,,80,,Home Essentials,https://cdn.mycart.pk/media/catalog/product/cache/1/small_image/200x/17f82f742ffe127f42dca9de82fb58b1/_/1/_12566.jpg,,,1189
3249,Lemon Max Lemon Anti-Bacterial Liquid Dishwash - 540ml,,440,,Home Essentials,https://cdn.mycart.pk/media/catalog/product/cache/1/small_image/200x/17f82f742ffe127f42dca9de82fb58b1/8/8/8886950085258.jpg,,,1192
3250,Lemon Max Dishwash Soap Long Bar - 265gm,,85,,Home Essentials,https://cdn.mycart.pk/media/catalog/product/cache/1/small_image/200x/17f82f742ffe127f42dca9de82fb58b1/2/0/20190904_144159_1.jpg,,,1195
3251,Lemon Max Dishwash Soap Long Bar - 265 (Pack of 2),,210,,Home Essentials,https://cdn.mycart.pk/media/catalog/product/cache/1/small_image/200x/17f82f742ffe127f42dca9de82fb58b1/8/8/8886950071879.jpg,,,1198
3252,Lemon Max Dishwash Soap - 185gm,,40,,Home Essentials,https://cdn.mycart.pk/media/catalog/product/cache/1/small_image/200x/17f82f742ffe127f42dca9de82fb58b1/8/8/8886950071671_1.jpg,,,1201
3253,Lemon Max Dishwash Powder - 790gm,,175,,Home Essentials,https://cdn.mycart.pk/media/catalog/product/cache/1/small_image/200x/17f82f742ffe127f42dca9de82fb58b1/2/0/20190218_114610.jpg,,,1204
3254,Lemon Max Anti-Bacterial Liquid Dishwash - 475ml,,300,,Home Essentials,https://cdn.mycart.pk/media/catalog/product/cache/1/small_image/200x/17f82f742ffe127f42dca9de82fb58b1/8/8/8886950096193.jpg,,,1207
3255,Legal Paper Green (Pack Of 100),,550,,Home Essentials,https://cdn.mycart.pk/media/catalog/product/cache/1/small_image/200x/17f82f742ffe127f42dca9de82fb58b1/l/e/legal_green_page.jpg,,,1210
3256,Large Writing Pad,,85,,Home Essentials,https://cdn.mycart.pk/media/catalog/product/cache/1/small_image/200x/17f82f742ffe127f42dca9de82fb58b1/_/0/_09608.jpg,,,1213
3257,Kohinoor Special Quality Washing Soap (Pack of 4),,465,,Home Essentials,https://cdn.mycart.pk/media/catalog/product/cache/1/small_image/200x/17f82f742ffe127f42dca9de82fb58b1/8/9/8964001024941.jpg,,,1216
3258,Kohinoor 990 Vermicelli Soap - 1kg,,500,,Home Essentials,https://cdn.mycart.pk/media/catalog/product/cache/1/small_image/200x/17f82f742ffe127f42dca9de82fb58b1/8/9/8964001024743.jpg,,,1219
3259,Knife Large Cutter,,105,,Home Essentials,https://cdn.mycart.pk/media/catalog/product/cache/1/small_image/200x/17f82f742ffe127f42dca9de82fb58b1/_/0/_08078.jpg,,,1222
3260,Kiwi Kleen Toilet Cleaner - 500ml,,490,,Home Essentials,https://cdn.mycart.pk/media/catalog/product/cache/1/small_image/200x/17f82f742ffe127f42dca9de82fb58b1/8/9/8964000749630.jpg,,,1225
3261,Kiwi Kleen Bleach - 500ml,,490,,Home Essentials,https://cdn.mycart.pk/media/catalog/product/cache/1/small_image/200x/17f82f742ffe127f42dca9de82fb58b1/8/9/8964000749616_1.png,,,1228
3262,Kiwi Dustbin With Pedal,,2700,,Home Essentials,https://cdn.mycart.pk/media/catalog/product/cache/1/small_image/200x/17f82f742ffe127f42dca9de82fb58b1/k/i/kiwi_dustpin.png,,,1231
3263,Kiwi Dranex - 375gm,,640,,Home Essentials,https://cdn.mycart.pk/media/catalog/product/cache/1/small_image/200x/17f82f742ffe127f42dca9de82fb58b1/8/9/8964000749548.jpg,,,1234
3264,Kitchen Storage Canister Stainless Steel (Different Design),,1600,,Home Essentials,https://cdn.mycart.pk/media/catalog/product/cache/1/small_image/200x/17f82f742ffe127f42dca9de82fb58b1/6/1/61pf_ijtags.jpg,,,1237
3265,Kingtox Spray (Green) - 325ml,,480,,Home Essentials,https://cdn.mycart.pk/media/catalog/product/cache/1/small_image/200x/17f82f742ffe127f42dca9de82fb58b1/h/t/httpphpstack-143539-415191.cloudwaysapps.commedia689076783378.jpg,,,1240
3266,Kingtox Rat Killer Glue Trap,,350,,Home Essentials,https://cdn.mycart.pk/media/catalog/product/cache/1/small_image/200x/17f82f742ffe127f42dca9de82fb58b1/k/i/kingtox_mouse_killer_glue_trap.jpg,,,1243
3267,Kingtox Odourless FIK - 325ml,,500,,Home Essentials,https://cdn.mycart.pk/media/catalog/product/cache/1/small_image/200x/17f82f742ffe127f42dca9de82fb58b1/g/r/grocerapp-kingtox-odourless-spray-triple-action-5f2aafdccc457.jpeg,,,1246
3268,Kingtox Green Aerosol - 600ml,,745,,Home Essentials,https://cdn.mycart.pk/media/catalog/product/cache/1/small_image/200x/17f82f742ffe127f42dca9de82fb58b1/_/0/_01525_2.jpg,,,1249
3269,Kingtox Coil Moscoil Red (10 Coils),,150,,Home Essentials,https://cdn.mycart.pk/media/catalog/product/cache/1/small_image/200x/17f82f742ffe127f42dca9de82fb58b1/_/0/_01543_2.jpg,,,1252
3270,Kingtox Cockroach CIK Aerosole - 400ml,,560,,Home Essentials,https://cdn.mycart.pk/media/catalog/product/cache/1/small_image/200x/17f82f742ffe127f42dca9de82fb58b1/_/0/_03982_2.jpg,,,1255
3271,Kingtox All Insect Killer Black Aerosol - 600ml,,740,,Home Essentials,https://cdn.mycart.pk/media/catalog/product/cache/1/small_image/200x/17f82f742ffe127f42dca9de82fb58b1/_/0/_03980_2.jpg,,,1258
3272,Kingtox Aerosol Odourless - 600ml,,840,,Home Essentials,https://cdn.mycart.pk/media/catalog/product/cache/1/small_image/200x/17f82f742ffe127f42dca9de82fb58b1/_/0/_01527_2.jpg,,,1261
3273,Kingtox Aerosol Odourless - 400ml,,640,,Home Essentials,https://cdn.mycart.pk/media/catalog/product/cache/1/small_image/200x/17f82f742ffe127f42dca9de82fb58b1/_/0/_01521_2.jpg,,,43
3274,Kingtox Aerosol AIK - 400ml,,580,,Home Essentials,https://cdn.mycart.pk/media/catalog/product/cache/1/small_image/200x/17f82f742ffe127f42dca9de82fb58b1/_/0/_01523_2.jpg,,,46
3275,King Zero Moss Lotion Lavender - 100ml,,300,,Home Essentials,https://cdn.mycart.pk/media/catalog/product/cache/1/small_image/200x/17f82f742ffe127f42dca9de82fb58b1/k/i/king-chemicals-corporation-groceries-king-zero-moss-mosquito-repellent-lotion-100ml-6952719483009_800x.png,,,49
3276,King Toilet Cleaner Sweepy - 600ml,,140,,Home Essentials,https://cdn.mycart.pk/media/catalog/product/cache/1/small_image/200x/17f82f742ffe127f42dca9de82fb58b1/7/1/7137571774368.jpg,,,52
3277,King Toilet Cleaner Sweepy - 580ml,,115,,Home Essentials,https://cdn.mycart.pk/media/catalog/product/cache/1/small_image/200x/17f82f742ffe127f42dca9de82fb58b1/7/1/7137571774368_1.jpg,,,55
3278,King Sweepy Toilet Bowl Cleaner - 500ml,,299,,Home Essentials,https://cdn.mycart.pk/media/catalog/product/cache/1/small_image/200x/17f82f742ffe127f42dca9de82fb58b1/7/1/7137571777338.jpg,,,58
3279,King Red Rose Air Freshener - 300ml,,340,,Home Essentials,https://cdn.mycart.pk/media/catalog/product/cache/1/small_image/200x/17f82f742ffe127f42dca9de82fb58b1/_/0/_01511_2.jpg,,,61
3280,King Rat Killer - 40gm,,100,,Home Essentials,https://cdn.mycart.pk/media/catalog/product/cache/1/small_image/200x/17f82f742ffe127f42dca9de82fb58b1/h/t/httpphpstack-143539-415191.cloudwaysapps.commedia718122104215.jpg,,,64
3281,King Powder Insect Killer - 100gm,,180,,Home Essentials,https://cdn.mycart.pk/media/catalog/product/cache/1/small_image/200x/17f82f742ffe127f42dca9de82fb58b1/_/0/_01533_2.jpg,,,67
3282,King Plug In Liquid 3 in 1 - 45ml,,565,,Home Essentials,https://cdn.mycart.pk/media/catalog/product/cache/1/small_image/200x/17f82f742ffe127f42dca9de82fb58b1/_/0/_07929.jpg,,,70
3283,King Moscoil Jumbo (10 Coils),,150,,Home Essentials,https://cdn.mycart.pk/media/catalog/product/cache/1/small_image/200x/17f82f742ffe127f42dca9de82fb58b1/_/0/_05627.jpg,,,73
3284,King Liquid Refill - 45ml,,265,,Home Essentials,https://cdn.mycart.pk/media/catalog/product/cache/1/small_image/200x/17f82f742ffe127f42dca9de82fb58b1/5/e/5efe2f8142f04_1_.jpg,,,76
3285,King Lavender Air Freshener - 300ml,,340,,Home Essentials,https://cdn.mycart.pk/media/catalog/product/cache/1/small_image/200x/17f82f742ffe127f42dca9de82fb58b1/_/0/_01513_2.jpg,,,79
3286,King Klear Anti Static Glass and Household Cleaner - 500ml,,320,,Home Essentials,https://cdn.mycart.pk/media/catalog/product/cache/1/small_image/200x/17f82f742ffe127f42dca9de82fb58b1/_/0/_01529_1.jpg,,,82
3287,King Coil Lavender (10 Coils),,150,,Home Essentials,https://cdn.mycart.pk/media/catalog/product/cache/1/small_image/200x/17f82f742ffe127f42dca9de82fb58b1/_/0/_01539_2.jpg,,,85
3288,King Coil Black (Pack of 10),,140,,Home Essentials,https://cdn.mycart.pk/media/catalog/product/cache/1/small_image/200x/17f82f742ffe127f42dca9de82fb58b1/_/0/_01538.jpg,,,88
3289,Jinxin Stick Notes 76x76mm 3x3inch,,110,,Home Essentials,https://cdn.mycart.pk/media/catalog/product/cache/1/small_image/200x/17f82f742ffe127f42dca9de82fb58b1/_/0/_09621.jpg,,,91
3290,Jinxin Signature Flyer Arrow Shape P01 2 (Pack of 5),,110,,Home Essentials,https://cdn.mycart.pk/media/catalog/product/cache/1/small_image/200x/17f82f742ffe127f42dca9de82fb58b1/2/2/22610cf5f9787e2b191929a8a8aa9681.png,,,94
3291,Hashmi Ispaghol Husk Jar - 85gm,,630,,Home Essentials,https://cdn.mycart.pk/media/catalog/product/cache/1/small_image/200x/17f82f742ffe127f42dca9de82fb58b1/_/0/_01689.jpg,,,97
3292,Hashmi Arq-e-Gulab Eye Drop - 25ml,,50,,Home Essentials,https://cdn.mycart.pk/media/catalog/product/cache/1/small_image/200x/17f82f742ffe127f42dca9de82fb58b1/d/s/dsc_0750.png,,,100
3293,Harpic Rose Power Plus - 900ml,,1220,,Home Essentials,https://cdn.mycart.pk/media/catalog/product/cache/1/small_image/200x/17f82f742ffe127f42dca9de82fb58b1/h/a/harpic-toilet-cleaner-1l_2.jpg,,,103
3294,Harpic Rose Power Plus - 700ml,,945,,Home Essentials,https://cdn.mycart.pk/media/catalog/product/cache/1/small_image/200x/17f82f742ffe127f42dca9de82fb58b1/6/0/6001106208417.jpg,,,106
3295,Harpic Rose Power Plus - 450ml,,650,,Home Essentials,https://cdn.mycart.pk/media/catalog/product/cache/1/small_image/200x/17f82f742ffe127f42dca9de82fb58b1/6/0/6001106208400.jpg,,,109
3296,Harpic Original Power Plus - 900ml,,1350,,Home Essentials,https://cdn.mycart.pk/media/catalog/product/cache/1/small_image/200x/17f82f742ffe127f42dca9de82fb58b1/8/9/8964000954713.jpg,,,112
3297,Harpic Original Power Plus - 700ml,,945,,Home Essentials,https://cdn.mycart.pk/media/catalog/product/cache/1/small_image/200x/17f82f742ffe127f42dca9de82fb58b1/h/a/harpic-toilet-cleaner-750.jpg,,,115
3298,Harpic Original Power Plus - 450ml,,650,,Home Essentials,https://cdn.mycart.pk/media/catalog/product/cache/1/small_image/200x/17f82f742ffe127f42dca9de82fb58b1/6/0/6001106114626.jpg,,,118
3299,Harpic Original Power Plus - 225ml,,295,,Home Essentials,https://cdn.mycart.pk/media/catalog/product/cache/1/small_image/200x/17f82f742ffe127f42dca9de82fb58b1/6/0/6001106114619_1.jpg,,,121
3300,Harpic Orange Power Plus - 900ml,,1220,,Home Essentials,https://cdn.mycart.pk/media/catalog/product/cache/1/small_image/200x/17f82f742ffe127f42dca9de82fb58b1/8/9/8964000954744.jpg,,,124
3301,Harpic Orange Power Plus - 700ml,,945,,Home Essentials,https://cdn.mycart.pk/media/catalog/product/cache/1/small_image/200x/17f82f742ffe127f42dca9de82fb58b1/h/a/harpic-toilet-cleaner-750ml_1.jpg,,,127
3302,Harpic Orange Power Plus - 450ml,,650,,Home Essentials,https://cdn.mycart.pk/media/catalog/product/cache/1/small_image/200x/17f82f742ffe127f42dca9de82fb58b1/8/9/8964000954041.jpg,,,130
3303,Harpic Lime Power Plus - 900ml,,1220,,Home Essentials,https://cdn.mycart.pk/media/catalog/product/cache/1/small_image/200x/17f82f742ffe127f42dca9de82fb58b1/8/9/8964000954737.jpg,,,133
3304,Harpic Lime Power Plus - 450ml,,650,,Home Essentials,https://cdn.mycart.pk/media/catalog/product/cache/1/small_image/200x/17f82f742ffe127f42dca9de82fb58b1/h/a/harpic-toilet-cleaner-500ml_1.jpg,,,136
3305,Harpic Fresh Power Plus - 700ml,,945,,Home Essentials,https://cdn.mycart.pk/media/catalog/product/cache/1/small_image/200x/17f82f742ffe127f42dca9de82fb58b1/h/a/harpic-toilet-cleaner-750ml_2.jpg,,,139
3306,Harpic Bathroom Cleaner Lemon - 500ml,,650,,Home Essentials,https://cdn.mycart.pk/media/catalog/product/cache/1/small_image/200x/17f82f742ffe127f42dca9de82fb58b1/2/0/20190409_154558.jpg,,,142
3307,Haoxiang Staple Remover,,105,,Home Essentials,https://cdn.mycart.pk/media/catalog/product/cache/1/small_image/200x/17f82f742ffe127f42dca9de82fb58b1/_/0/_08132.jpg,,,145
3308,Hankies Hygiene Tissue Hand Towel Big Pack (Pack of 200),,570,,Home Essentials,https://cdn.mycart.pk/media/catalog/product/cache/1/small_image/200x/17f82f742ffe127f42dca9de82fb58b1/1/0/1091462-1.jpg,,,148
3309,Hankies Hand Towel Hygiene Tissue,,290,,Home Essentials,https://cdn.mycart.pk/media/catalog/product/cache/1/small_image/200x/17f82f742ffe127f42dca9de82fb58b1/1/2/12622044-0-m.jpg,,,151
3310,Hand Soap Dispenser V687,,1300,,Home Essentials,https://cdn.mycart.pk/media/catalog/product/cache/1/small_image/200x/17f82f742ffe127f42dca9de82fb58b1/d/s/dsc_0873.png,,,154
3311,Glue Gun Refill Stick,,90,,Home Essentials,https://cdn.mycart.pk/media/catalog/product/cache/1/small_image/200x/17f82f742ffe127f42dca9de82fb58b1/g/l/glue_gun_stick.jpg,,,157
3312,Glue Gun,,780,,Home Essentials,https://cdn.mycart.pk/media/catalog/product/cache/1/small_image/200x/17f82f742ffe127f42dca9de82fb58b1/g/l/glue_gun.jpg,,,160
3313,Glint White Phenyle - 2.75Ltr,,540,,Home Essentials,https://cdn.mycart.pk/media/catalog/product/cache/1/small_image/200x/17f82f742ffe127f42dca9de82fb58b1/8/9/8964000749852.jpg,,,163
3314,Glint Steel Cleaner Spray - 500ml,,625,,Home Essentials,https://cdn.mycart.pk/media/catalog/product/cache/1/small_image/200x/17f82f742ffe127f42dca9de82fb58b1/g/l/glint_steel_cleaner_spray_500ml.jpg,,,166
3315,Glint Spray Super Active Glass Cleaner - 500ml,,810,,Home Essentials,https://cdn.mycart.pk/media/catalog/product/cache/1/small_image/200x/17f82f742ffe127f42dca9de82fb58b1/_/0/_04185_1.jpg,,,169
3316,Glint Phenyle Concentrated - 450ml,,710,,Home Essentials,https://cdn.mycart.pk/media/catalog/product/cache/1/small_image/200x/17f82f742ffe127f42dca9de82fb58b1/_/1/_12125.png,,,172
3317,Glint Glass Cleaner Spray Lavender - 500ml,,699,,Home Essentials,https://cdn.mycart.pk/media/catalog/product/cache/1/small_image/200x/17f82f742ffe127f42dca9de82fb58b1/_/0/_04187_1.jpg,,,175
3318,Glint Daily Cleaning White Phenyl Concern - 225ml,,530,,Home Essentials,https://cdn.mycart.pk/media/catalog/product/cache/1/small_image/200x/17f82f742ffe127f42dca9de82fb58b1/8/9/8964000749814_1.png,,,178
3319,Frey Wadi E Almas Air Freshener - 300ml,,290,,Home Essentials,https://cdn.mycart.pk/media/catalog/product/cache/1/small_image/200x/17f82f742ffe127f42dca9de82fb58b1/_/1/_10246.jpg,,,181
3320,Frey Sweet Moments Air Freshener - 300ml,,290,,Home Essentials,https://cdn.mycart.pk/media/catalog/product/cache/1/small_image/200x/17f82f742ffe127f42dca9de82fb58b1/_/1/_10234.jpg,,,184
3321,Frey Sweet Home Air Freshener - 300ml,,290,,Home Essentials,https://cdn.mycart.pk/media/catalog/product/cache/1/small_image/200x/17f82f742ffe127f42dca9de82fb58b1/_/1/_10236.jpg,,,187
3322,Frey Sultanat Air Freshener - 300ml,,290,,Home Essentials,https://cdn.mycart.pk/media/catalog/product/cache/1/small_image/200x/17f82f742ffe127f42dca9de82fb58b1/_/0/_09306_1.jpg,,,190
3323,Frey Spring Air Freshener - 300ml,,290,,Home Essentials,https://cdn.mycart.pk/media/catalog/product/cache/1/small_image/200x/17f82f742ffe127f42dca9de82fb58b1/_/0/_09304_1.jpg,,,193
3324,Frey Sandal Wood Air Freshener - 300ml,,290,,Home Essentials,https://cdn.mycart.pk/media/catalog/product/cache/1/small_image/200x/17f82f742ffe127f42dca9de82fb58b1/_/1/_10240.jpg,,,196
3325,Frey Rose Air Freshener - 300ml,,290,,Home Essentials,https://cdn.mycart.pk/media/catalog/product/cache/1/small_image/200x/17f82f742ffe127f42dca9de82fb58b1/_/1/_10238.jpg,,,199
3326,Frey Romance Air Freshener - 300ml,,290,,Home Essentials,https://cdn.mycart.pk/media/catalog/product/cache/1/small_image/200x/17f82f742ffe127f42dca9de82fb58b1/_/1/_10228_1.jpg,,,202
3327,Frey Oudh Arabia Air Freshener - 300ml,,290,,Home Essentials,https://cdn.mycart.pk/media/catalog/product/cache/1/small_image/200x/17f82f742ffe127f42dca9de82fb58b1/_/0/_09312_1.jpg,,,205
3328,Frey New York Air Fresheners - 300ml,,290,,Home Essentials,https://cdn.mycart.pk/media/catalog/product/cache/1/small_image/200x/17f82f742ffe127f42dca9de82fb58b1/7/4/748252477057.jpg,,,208
3329,Frey Musk Ul Hind Air Freshener - 300ml,,290,,Home Essentials,https://cdn.mycart.pk/media/catalog/product/cache/1/small_image/200x/17f82f742ffe127f42dca9de82fb58b1/_/1/_10230.jpg,,,211
3330,Frey Lavender Air Freshener - 300ml,,290,,Home Essentials,https://cdn.mycart.pk/media/catalog/product/cache/1/small_image/200x/17f82f742ffe127f42dca9de82fb58b1/_/1/_10232.jpg,,,214
3331,Frey Jasmine Air Freshener - 300ml,,290,,Home Essentials,https://cdn.mycart.pk/media/catalog/product/cache/1/small_image/200x/17f82f742ffe127f42dca9de82fb58b1/_/1/_10369.jpg,,,217
3332,Frey Cool Summer Air Freshener - 300ml,,290,,Home Essentials,https://cdn.mycart.pk/media/catalog/product/cache/1/small_image/200x/17f82f742ffe127f42dca9de82fb58b1/_/1/_10242.jpg,,,220
3333,Frey Bakheer-ul-Bahrain Air Freshener - 300ml,,290,,Home Essentials,https://cdn.mycart.pk/media/catalog/product/cache/1/small_image/200x/17f82f742ffe127f42dca9de82fb58b1/_/0/_09310_1.jpg,,,223
3334,Frey Asool Air Freshener - 300ml,,290,,Home Essentials,https://cdn.mycart.pk/media/catalog/product/cache/1/small_image/200x/17f82f742ffe127f42dca9de82fb58b1/_/0/_09308_1.jpg,,,226
3335,Fresh Touch Jasmine Air Freshener - 300ml,,420,,Home Essentials,https://cdn.mycart.pk/media/catalog/product/cache/1/small_image/200x/17f82f742ffe127f42dca9de82fb58b1/f/r/fresh_touch.jpg,,,229
3336,Flamingo Microfiber Towels F201 - (Pack of 3),,700,,Home Essentials,https://cdn.mycart.pk/media/catalog/product/cache/1/small_image/200x/17f82f742ffe127f42dca9de82fb58b1/f/l/flamingo.jpg,,,232
3337,FIX Furniture Polish - 550ml,,510,,Home Essentials,https://cdn.mycart.pk/media/catalog/product/cache/1/small_image/200x/17f82f742ffe127f42dca9de82fb58b1/_/1/_12151.png,,,235
3338,Finis Phenyle Non Concentrated Daily Mop - 2.75Ltr,,660,,Home Essentials,https://cdn.mycart.pk/media/catalog/product/cache/1/small_image/200x/17f82f742ffe127f42dca9de82fb58b1/3/3/33.jpg,,,238
3339,Finis Phenyle Daily Mop - 225ml,,720,,Home Essentials,https://cdn.mycart.pk/media/catalog/product/cache/1/small_image/200x/17f82f742ffe127f42dca9de82fb58b1/2/9/29.jpg,,,241
3340,Finis Phenyle Concentrated Daily Mop - 425ml,,950,,Home Essentials,https://cdn.mycart.pk/media/catalog/product/cache/1/small_image/200x/17f82f742ffe127f42dca9de82fb58b1/2/8/28.jpg,,,244
3341,Finis Liquid Insect Killer Spray Pump,,360,,Home Essentials,https://cdn.mycart.pk/media/catalog/product/cache/1/small_image/200x/17f82f742ffe127f42dca9de82fb58b1/3/4/34.jpg,,,247
3342,Finis Liquid Insect Killer Red - 425ml,,680,,Home Essentials,https://cdn.mycart.pk/media/catalog/product/cache/1/small_image/200x/17f82f742ffe127f42dca9de82fb58b1/4/1/41.jpg,,,250
3343,Finis Liquid Insect Killer Amber - 425ml,,700,,Home Essentials,https://cdn.mycart.pk/media/catalog/product/cache/1/small_image/200x/17f82f742ffe127f42dca9de82fb58b1/1/7/17.jpg,,,253
3344,Finis Liquid Insect Finis All Purpose Insect Killer Liquid - 800ml,,1150,,Home Essentials,https://cdn.mycart.pk/media/catalog/product/cache/1/small_image/200x/17f82f742ffe127f42dca9de82fb58b1/1/3/13.jpg,,,256
3345,Finis Daily Mop Perfumed White Phenyle - 1Ltr,,350,,Home Essentials,https://cdn.mycart.pk/media/catalog/product/cache/1/small_image/200x/17f82f742ffe127f42dca9de82fb58b1/2/7/27.jpg,,,259
3346,Finis All Purpose Insect Killer Liquid - 400ml,,665,,Home Essentials,https://cdn.mycart.pk/media/catalog/product/cache/1/small_image/200x/17f82f742ffe127f42dca9de82fb58b1/1/4/14.jpg,,,262
3347,Febreze Air Mist White Jasmine - 185ml,,1250,,Home Essentials,https://cdn.mycart.pk/media/catalog/product/cache/1/small_image/200x/17f82f742ffe127f42dca9de82fb58b1/8/7/8700216185783.png,,,265
3348,Fay Tissue Fresh Up (Pack of 150),,260,,Home Essentials,https://cdn.mycart.pk/media/catalog/product/cache/1/small_image/200x/17f82f742ffe127f42dca9de82fb58b1/_/0/_07808.jpg,,,268
3349,Fay Table Napkins (Pack of 50),,210,,Home Essentials,https://cdn.mycart.pk/media/catalog/product/cache/1/small_image/200x/17f82f742ffe127f42dca9de82fb58b1/8/9/8960299248748.jpg,,,271
3350,Fay Spring Fresh Tissue (Pack of 50),,120,,Home Essentials,https://cdn.mycart.pk/media/catalog/product/cache/1/small_image/200x/17f82f742ffe127f42dca9de82fb58b1/f/a/fay_spring_box.png,,,274
3351,Fay Soft Cotton Balls (Pack of 100),,200,,Home Essentials,https://cdn.mycart.pk/media/catalog/product/cache/1/small_image/200x/17f82f742ffe127f42dca9de82fb58b1/_/0/_07839.jpg,,,277
3352,Fay Royal Tissue (Pack of 200),,400,,Home Essentials,https://cdn.mycart.pk/media/catalog/product/cache/1/small_image/200x/17f82f742ffe127f42dca9de82fb58b1/f/a/fay_royal.png,,,280
3353,Fay Paper Towel Maxi Tissue Roll,,1150,,Home Essentials,https://cdn.mycart.pk/media/catalog/product/cache/1/small_image/200x/17f82f742ffe127f42dca9de82fb58b1/_/0/_07834.jpg,,,283
3354,Fay Miss Fay Tissue (Pack of 100),,210,,Home Essentials,https://cdn.mycart.pk/media/catalog/product/cache/1/small_image/200x/17f82f742ffe127f42dca9de82fb58b1/f/a/fay_miss_fay.jpg,,,286
3355,Fay Maximo Toilet Tissue Roll Twin Pack,,240,,Home Essentials,https://cdn.mycart.pk/media/catalog/product/cache/1/small_image/200x/17f82f742ffe127f42dca9de82fb58b1/f/a/fay_toilet_roll_twin_pack.jpg,,,289
3356,Fay Maximo Toilet Tissue Roll Single,,120,,Home Essentials,https://cdn.mycart.pk/media/catalog/product/cache/1/small_image/200x/17f82f742ffe127f42dca9de82fb58b1/1/0/1070302-1_1.png,,,292
3357,Fay Maximo Toilet Tissue Roll Economy Pack (Pack of 10),,1100,,Home Essentials,https://cdn.mycart.pk/media/catalog/product/cache/1/small_image/200x/17f82f742ffe127f42dca9de82fb58b1/f/a/fay_toilet_roll_pack_of_10.jpg,,,295
3358,Fay Luxury Tissue (Pack of 100),,280,,Home Essentials,https://cdn.mycart.pk/media/catalog/product/cache/1/small_image/200x/17f82f742ffe127f42dca9de82fb58b1/n/e/newproject-2024-10-01t113519.668.png,,,298
3359,Fay Luxury Crown Tissue (Pack of 150),,320,,Home Essentials,https://cdn.mycart.pk/media/catalog/product/cache/1/small_image/200x/17f82f742ffe127f42dca9de82fb58b1/c/o/convertrers-international-groceries-fay-crown-luxury-tissue-150-x-2-ply-tissues-6951862861953_800x.png,,,301
3360,Fay Kitchen Towels Bigger Tissue Roll,,560,,Home Essentials,https://cdn.mycart.pk/media/catalog/product/cache/1/small_image/200x/17f82f742ffe127f42dca9de82fb58b1/f/a/fay_kitchen_towel_bigger_roll.jpg,,,304
3361,Fay Kitchen Towel Roll single,,280,,Home Essentials,https://cdn.mycart.pk/media/catalog/product/cache/1/small_image/200x/17f82f742ffe127f42dca9de82fb58b1/8/9/8960299248724_1_.png,,,307
3362,Fay Jazib Kitchen Towel Twin Pack,,560,,Home Essentials,https://cdn.mycart.pk/media/catalog/product/cache/1/small_image/200x/17f82f742ffe127f42dca9de82fb58b1/j/a/jazib-double-removebg-preview_1_.png,,,310
3363,Fay International Tissue (Pack of 100),,200,,Home Essentials,https://cdn.mycart.pk/media/catalog/product/cache/1/small_image/200x/17f82f742ffe127f42dca9de82fb58b1/_/0/_07820.jpg,,,313
3364,Fay Hygiene N Fold Hand Towel (Pack of 200),,550,,Home Essentials,https://cdn.mycart.pk/media/catalog/product/cache/1/small_image/200x/17f82f742ffe127f42dca9de82fb58b1/_/1/_15497.png,,,316
3365,Fay Hygiene Interfold Hand Towel Tissue (Pack of 150),,350,,Home Essentials,https://cdn.mycart.pk/media/catalog/product/cache/1/small_image/200x/17f82f742ffe127f42dca9de82fb58b1/f/a/fay_hygienic_tissues_pack_of_150_.png,,,319
3366,Fay Gardenia Perfumed Tissue (Pack of 100),,300,,Home Essentials,https://cdn.mycart.pk/media/catalog/product/cache/1/small_image/200x/17f82f742ffe127f42dca9de82fb58b1/1/-/1-122.png,,,322
3367,Fay Fun Times Tissue (Pack of 70),,130,,Home Essentials,https://cdn.mycart.pk/media/catalog/product/cache/1/small_image/200x/17f82f742ffe127f42dca9de82fb58b1/_/0/_07822.jpg,,,325
3368,Fay Executive Tissue Box (Pack of 150),,300,,Home Essentials,https://cdn.mycart.pk/media/catalog/product/cache/1/small_image/200x/17f82f742ffe127f42dca9de82fb58b1/f/a/fay_executive.png,,,328
3369,Fay Coffee Napkins Tissue (Pack of 50),,130,,Home Essentials,https://cdn.mycart.pk/media/catalog/product/cache/1/small_image/200x/17f82f742ffe127f42dca9de82fb58b1/f/a/fay_coffee_napkins_1.png,,,331
3370,Fay Classic Tissue (Pack of 100),,285,,Home Essentials,https://cdn.mycart.pk/media/catalog/product/cache/1/small_image/200x/17f82f742ffe127f42dca9de82fb58b1/f/a/fay_classic.jpg,,,334
3371,Fay Bouquet Perfumed Tissue (Pack of 150),,350,,Home Essentials,https://cdn.mycart.pk/media/catalog/product/cache/1/small_image/200x/17f82f742ffe127f42dca9de82fb58b1/f/a/fay_bouquet.png,,,337
3372,Fay Biggest Toilet Tissue Roll (Pack of 4),,500,,Home Essentials,https://cdn.mycart.pk/media/catalog/product/cache/1/small_image/200x/17f82f742ffe127f42dca9de82fb58b1/f/a/fay_toilet_roll_pack_of_4.jpg,,,340
3373,Fancy Medium Writing Pad,,70,,Home Essentials,https://cdn.mycart.pk/media/catalog/product/cache/1/small_image/200x/17f82f742ffe127f42dca9de82fb58b1/m/c/mcp000001923.jpg,,,343
3374,Familia Pop Up 2 Ply Facial Tissue (150 Sheets),,250,,Home Essentials,https://cdn.mycart.pk/media/catalog/product/cache/1/small_image/200x/17f82f742ffe127f42dca9de82fb58b1/1/1/1152014-1.jpg,,,346
3375,Familia Plus Toilet Paper Single Roll,,130,,Home Essentials,https://cdn.mycart.pk/media/catalog/product/cache/1/small_image/200x/17f82f742ffe127f42dca9de82fb58b1/6/2/6224007974902.jpg,,,349
3376,Familia Plus Toilet Paper Double Roll (Pack of 2),,260,,Home Essentials,https://cdn.mycart.pk/media/catalog/product/cache/1/small_image/200x/17f82f742ffe127f42dca9de82fb58b1/6/2/6224008817208.jpg,,,352
3377,Familia 2 Ply Kitchen Towel 2 Rolls (Pack of 2),,650,,Home Essentials,https://cdn.mycart.pk/media/catalog/product/cache/1/small_image/200x/17f82f742ffe127f42dca9de82fb58b1/6/2/6224007974803.jpg,,,355
3378,Familia 2 Ply Embossed Polythene Facial (300 Sheets),,550,,Home Essentials,https://cdn.mycart.pk/media/catalog/product/cache/1/small_image/200x/17f82f742ffe127f42dca9de82fb58b1/6/2/6224007974841_1.jpg,,,358
3379,Familia 2 Ply 31 Kitchen Towel 4 Rolls Consumer Promo (Pack of 4),,1320,,Home Essentials,https://cdn.mycart.pk/media/catalog/product/cache/1/small_image/200x/17f82f742ffe127f42dca9de82fb58b1/6/2/6224007974810.jpg,,,361
3380,Falcon Cling Film 100 SqFt (30.96m x 30cm),,680,,Home Essentials,https://cdn.mycart.pk/media/catalog/product/cache/1/small_image/200x/17f82f742ffe127f42dca9de82fb58b1/1/0/100262-1-.png,,,364
3381,Falcon Aluminium Foil Sheet 25 SqFt (7.74m x 30cm),,720,,Home Essentials,https://cdn.mycart.pk/media/catalog/product/cache/1/small_image/200x/17f82f742ffe127f42dca9de82fb58b1/1/0/100004-3-.png,,,367
3382,Express Ultra Detergent Powder - 1kg,,440,,Home Essentials,https://cdn.mycart.pk/media/catalog/product/cache/1/small_image/200x/17f82f742ffe127f42dca9de82fb58b1/8/8/8886950012155.jpg,,,370
3383,Express Power Detergent Powder - 1kg,,440,,Home Essentials,https://cdn.mycart.pk/media/catalog/product/cache/1/small_image/200x/17f82f742ffe127f42dca9de82fb58b1/8/8/8886950012148.jpg,,,373
3384,Express Power Detergent Powder - 1.5kg,,620,,Home Essentials,https://cdn.mycart.pk/media/catalog/product/cache/1/small_image/200x/17f82f742ffe127f42dca9de82fb58b1/8/8/8886950012162.jpg,,,376
3385,Executive Blue Large Box File,,450,,Home Essentials,https://cdn.mycart.pk/media/catalog/product/cache/1/small_image/200x/17f82f742ffe127f42dca9de82fb58b1/_/0/_08243.jpg,,,379
3386,Excellent Paper Tape 3inch (50 Yards),,180,,Home Essentials,https://cdn.mycart.pk/media/catalog/product/cache/1/small_image/200x/17f82f742ffe127f42dca9de82fb58b1/_/0/_09599.jpg,,,382
3387,Excellent Paper Tape 2inch,,140,,Home Essentials,https://cdn.mycart.pk/media/catalog/product/cache/1/small_image/200x/17f82f742ffe127f42dca9de82fb58b1/_/0/_08235.jpg,,,385
3388,Eveready Super Heavy Duty AA Batteries (Pack Of 4),,185,,Home Essentials,https://cdn.mycart.pk/media/catalog/product/cache/1/small_image/200x/17f82f742ffe127f42dca9de82fb58b1/6/2/6223001580256.jpg,,,388
3389,Envelope White A4 (Pack of 50),,620,,Home Essentials,https://cdn.mycart.pk/media/catalog/product/cache/1/small_image/200x/17f82f742ffe127f42dca9de82fb58b1/3/1/31zsontf70l_1.png,,,391
3390,Envelope White A3 (Pack of 50),,455,,Home Essentials,https://cdn.mycart.pk/media/catalog/product/cache/1/small_image/200x/17f82f742ffe127f42dca9de82fb58b1/3/1/31zsontf70l.png,,,394
3391,Envelope White 9x4 (Pack of 50),,230,,Home Essentials,https://cdn.mycart.pk/media/catalog/product/cache/1/small_image/200x/17f82f742ffe127f42dca9de82fb58b1/3/1/31oxj0mojqs.png,,,397
3392,Envelop White 4.5x11 Inch (Pack of 25),,150,,Home Essentials,https://cdn.mycart.pk/media/catalog/product/cache/1/small_image/200x/17f82f742ffe127f42dca9de82fb58b1/_/0/_09612.jpg,,,400
3393,Energizer Max Alkaline Battery - 9 Volt,,1200,,Home Essentials,https://cdn.mycart.pk/media/catalog/product/cache/1/small_image/200x/17f82f742ffe127f42dca9de82fb58b1/2/0/20190726_113250.jpg,,,403
3394,East Chi Index Sheet A4-10,,110,,Home Essentials,https://cdn.mycart.pk/media/catalog/product/cache/1/small_image/200x/17f82f742ffe127f42dca9de82fb58b1/_/1/_13472.png,,,406
3395,Duster Yellow,,80,,Home Essentials,https://cdn.mycart.pk/media/catalog/product/cache/1/small_image/200x/17f82f742ffe127f42dca9de82fb58b1/_/0/_05258.jpg,,,409
3396,Dust Pan Plastic - Scraper,,160,,Home Essentials,https://cdn.mycart.pk/media/catalog/product/cache/1/small_image/200x/17f82f742ffe127f42dca9de82fb58b1/2/0/20191224_125834.jpg,,,412
3397,Dr Magic Oven & Grill Cleaners - 390ml,,680,,Home Essentials,https://cdn.mycart.pk/media/catalog/product/cache/1/small_image/200x/17f82f742ffe127f42dca9de82fb58b1/d/r/dr_magic.jpg,,,415
3398,DP Mosquito Racket (Dp-814B),,1900,,Home Essentials,https://cdn.mycart.pk/media/catalog/product/cache/1/small_image/200x/17f82f742ffe127f42dca9de82fb58b1/0/1/0125ea39ac0106f37992d1305f83e83f.png,,,418
3399,Domex Toilet Expert Original - 500ml,,430,,Home Essentials,https://cdn.mycart.pk/media/catalog/product/cache/1/small_image/200x/17f82f742ffe127f42dca9de82fb58b1/d/o/domex_blue_3000x3000px-01.jpg,,,421
3400,Domex Pink Power - 500ml,,330,,Home Essentials,https://cdn.mycart.pk/media/catalog/product/cache/1/small_image/200x/17f82f742ffe127f42dca9de82fb58b1/8/9/8961014001846.jpg,,,424
3401,Domex Pine Blast Toilet and Bathroom Expert - 500ml,,450,,Home Essentials,https://cdn.mycart.pk/media/catalog/product/cache/1/small_image/200x/17f82f742ffe127f42dca9de82fb58b1/d/o/domex_green_3000x3000px-01.jpg,,,427
3402,Domex Original Toilet and Bathroom Expert - 750ml,,490,,Home Essentials,https://cdn.mycart.pk/media/catalog/product/cache/1/small_image/200x/17f82f742ffe127f42dca9de82fb58b1/d/o/domex_blue_3000x3000px_750ml-01.jpg,,,430
3403,Domex Original - 200ml,,245,,Home Essentials,https://cdn.mycart.pk/media/catalog/product/cache/1/small_image/200x/17f82f742ffe127f42dca9de82fb58b1/8/9/8961014013030.jpg,,,433
3404,Dollar Yellow Highlighter,,120,,Home Essentials,https://cdn.mycart.pk/media/catalog/product/cache/1/small_image/200x/17f82f742ffe127f42dca9de82fb58b1/_/1/_11969.png,,,436
3405,Dollar Staple Pins #24/6,,120,,Home Essentials,https://cdn.mycart.pk/media/catalog/product/cache/1/small_image/200x/17f82f742ffe127f42dca9de82fb58b1/_/0/_08024.jpg,,,439
3406,Dollar Red Ink - 30ml,,50,,Home Essentials,https://cdn.mycart.pk/media/catalog/product/cache/1/small_image/200x/17f82f742ffe127f42dca9de82fb58b1/_/0/_07313.jpg,,,442
3407,Dollar On Board Marker 2.0 Black,,70,,Home Essentials,https://cdn.mycart.pk/media/catalog/product/cache/1/small_image/200x/17f82f742ffe127f42dca9de82fb58b1/_/0/_08535.jpg,,,445
3408,Dollar On Board Dry Erase Blue Ink - 15ml,,120,,Home Essentials,https://cdn.mycart.pk/media/catalog/product/cache/1/small_image/200x/17f82f742ffe127f42dca9de82fb58b1/_/0/_07104.jpg,,,448
3409,Dollar Glue Stic - 8gm,,82,,Home Essentials,https://cdn.mycart.pk/media/catalog/product/cache/1/small_image/200x/17f82f742ffe127f42dca9de82fb58b1/_/0/_07086.jpg,,,451
3410,Dollar Glue Stic - 35gm,,180,,Home Essentials,https://cdn.mycart.pk/media/catalog/product/cache/1/small_image/200x/17f82f742ffe127f42dca9de82fb58b1/_/0/_07083.jpg,,,454
3411,Dollar Gel Pen 0.7 Blue (Pack of 12),,780,,Home Essentials,https://cdn.mycart.pk/media/catalog/product/cache/1/small_image/200x/17f82f742ffe127f42dca9de82fb58b1/_/0/_08012.jpg,,,457
3412,Dollar Gel Pen 0.7 Black (Pack of 12),,780,,Home Essentials,https://cdn.mycart.pk/media/catalog/product/cache/1/small_image/200x/17f82f742ffe127f42dca9de82fb58b1/_/0/_08012_1.jpg,,,460
3413,Dollar Fluorescent HighLighter Orange 4.5mm,,80,,Home Essentials,https://cdn.mycart.pk/media/catalog/product/cache/1/small_image/200x/17f82f742ffe127f42dca9de82fb58b1/_/1/_11967.png,,,463
3414,Dollar Dry Erase Marker Black (Pack Of 12),,800,,Home Essentials,https://cdn.mycart.pk/media/catalog/product/cache/1/small_image/200x/17f82f742ffe127f42dca9de82fb58b1/_/0/_019557.jpg,,,466
3415,Dollar Blue On Board Marker 2.0,,85,,Home Essentials,https://cdn.mycart.pk/media/catalog/product/cache/1/small_image/200x/17f82f742ffe127f42dca9de82fb58b1/_/1/_12847.png,,,469
3416,Dollar Black On Board Dry Erase Ink - 15ml,,100,,Home Essentials,https://cdn.mycart.pk/media/catalog/product/cache/1/small_image/200x/17f82f742ffe127f42dca9de82fb58b1/d/s/dsc_0173.png,,,472
3417,Dollar Black Ink 30ml,,60,,Home Essentials,https://cdn.mycart.pk/media/catalog/product/cache/1/small_image/200x/17f82f742ffe127f42dca9de82fb58b1/_/0/_071201_2__1.jpg,,,475
3418,Dollar Black Ink - 60ml,,50,,Home Essentials,https://cdn.mycart.pk/media/catalog/product/cache/1/small_image/200x/17f82f742ffe127f42dca9de82fb58b1/_/0/_07120.jpg,,,478
3419,Dollar Allmark Permanent Red Ink - 15ml,,120,,Home Essentials,https://cdn.mycart.pk/media/catalog/product/cache/1/small_image/200x/17f82f742ffe127f42dca9de82fb58b1/_/0/_07900.jpg,,,481
3420,Dollar Allmark Permanent Marker 2.0 Black,,85,,Home Essentials,https://cdn.mycart.pk/media/catalog/product/cache/1/small_image/200x/17f82f742ffe127f42dca9de82fb58b1/_/1/_12851_1.png,,,484
3421,Dollar Allmark Permanent Green Ink - 15ml,,120,,Home Essentials,https://cdn.mycart.pk/media/catalog/product/cache/1/small_image/200x/17f82f742ffe127f42dca9de82fb58b1/_/0/_07903.jpg,,,487
3422,Dollar Allmark Permanent Black Ink - 15ml,,120,,Home Essentials,https://cdn.mycart.pk/media/catalog/product/cache/1/small_image/200x/17f82f742ffe127f42dca9de82fb58b1/_/0/_07094.jpg,,,490
3423,Dollar 2.0 Red On Board Marker,,85,,Home Essentials,https://cdn.mycart.pk/media/catalog/product/cache/1/small_image/200x/17f82f742ffe127f42dca9de82fb58b1/_/1/_12849.png,,,493
3424,Dollar #10 Staple Pin,,60,,Home Essentials,https://cdn.mycart.pk/media/catalog/product/cache/1/small_image/200x/17f82f742ffe127f42dca9de82fb58b1/_/0/_08449.jpg,,,496
3425,Diamond Cling Wrap 300ft,,650,,Home Essentials,https://cdn.mycart.pk/media/catalog/product/cache/1/small_image/200x/17f82f742ffe127f42dca9de82fb58b1/_/1/_15105.png,,,499
3426,Diamond Binder Clip 1/2 Width 15mm (Pack of 12),,140,,Home Essentials,https://cdn.mycart.pk/media/catalog/product/cache/1/small_image/200x/17f82f742ffe127f42dca9de82fb58b1/d/i/diamond_binder_clip_15mm_1-2_.png,,,502
3427,Diamond Binder Clip 1-1/4 Width 32mm (Pack of 12),,230,,Home Essentials,https://cdn.mycart.pk/media/catalog/product/cache/1/small_image/200x/17f82f742ffe127f42dca9de82fb58b1/_/0/_07295.jpg,,,505
3428,Diamond Binder Clip 1 Width 25mm (Pack of 12),,138,,Home Essentials,https://cdn.mycart.pk/media/catalog/product/cache/1/small_image/200x/17f82f742ffe127f42dca9de82fb58b1/_/0/_08008.jpg,,,508
3429,Diamond Aluminum Foil 37.5sqft,,965,,Home Essentials,https://cdn.mycart.pk/media/catalog/product/cache/1/small_image/200x/17f82f742ffe127f42dca9de82fb58b1/_/1/_15107.png,,,511
3430,Diamond Aluminium Foil 75sqft,,2200,,Home Essentials,https://cdn.mycart.pk/media/catalog/product/cache/1/small_image/200x/17f82f742ffe127f42dca9de82fb58b1/_/1/_11706.png,,,514
3431,Dettol Multi Surface Cleaner Pine - 500ml,,810,,Home Essentials,https://cdn.mycart.pk/media/catalog/product/cache/1/small_image/200x/17f82f742ffe127f42dca9de82fb58b1/m/u/multi-surface-clenar-4-02.jpg,,,517
3432,Dettol Multi Surface Cleaner Pine - 1000ml,,1560,,Home Essentials,https://cdn.mycart.pk/media/catalog/product/cache/1/small_image/200x/17f82f742ffe127f42dca9de82fb58b1/m/u/multi-surface-clenar-3-02.jpg,,,520
3433,Dettol Multi Surface Cleaner Lavender - 500ml,,810,,Home Essentials,https://cdn.mycart.pk/media/catalog/product/cache/1/small_image/200x/17f82f742ffe127f42dca9de82fb58b1/m/u/multi-surface-clenar-4-04.jpg,,,523
3434,Dettol Multi Surface Cleaner Lavender - 1000ml,,1560,,Home Essentials,https://cdn.mycart.pk/media/catalog/product/cache/1/small_image/200x/17f82f742ffe127f42dca9de82fb58b1/m/u/multi-surface-clenar-3-04.jpg,,,526
3435,Dettol Multi Surface Cleaner Floral - 500ml,,860,,Home Essentials,https://cdn.mycart.pk/media/catalog/product/cache/1/small_image/200x/17f82f742ffe127f42dca9de82fb58b1/d/e/dettol_multi_surface_cleaner_500ml_floral.jpg,,,529
3436,Dettol Multi Surface Cleaner Floral - 200ml,,430,,Home Essentials,https://cdn.mycart.pk/media/catalog/product/cache/1/small_image/200x/17f82f742ffe127f42dca9de82fb58b1/m/u/multi-surface-clenar-4-200ml.jpg,,,532
3437,Dettol Multi Surface Cleaner Floral - 1000ml,,1560,,Home Essentials,https://cdn.mycart.pk/media/catalog/product/cache/1/small_image/200x/17f82f742ffe127f42dca9de82fb58b1/m/u/multi-surface-clenar-3-05.jpg,,,535
3438,Dettol Multi Surface Cleaner Citrus - 1000ml,,1800,,Home Essentials,https://cdn.mycart.pk/media/catalog/product/cache/1/small_image/200x/17f82f742ffe127f42dca9de82fb58b1/m/u/multi-surface-clenar-3-03.jpg,,,538
3439,Dettol Multi Surface Cleaner Aqua - 500ml,,750,,Home Essentials,https://cdn.mycart.pk/media/catalog/product/cache/1/small_image/200x/17f82f742ffe127f42dca9de82fb58b1/m/u/multi-surface-clenar-4-06.jpg,,,541
3440,Dettol Multi Surface Cleaner Aqua - 1000ml,,1560,,Home Essentials,https://cdn.mycart.pk/media/catalog/product/cache/1/small_image/200x/17f82f742ffe127f42dca9de82fb58b1/m/u/multi-surface-clenar-3-06.jpg,,,544
3441,Dettol Multi Surface Cleaner Anti-bactrial Citrus - 500ml,,810,,Home Essentials,https://cdn.mycart.pk/media/catalog/product/cache/1/small_image/200x/17f82f742ffe127f42dca9de82fb58b1/m/u/multi-surface-clenar-4-03.jpg,,,547
3442,Dettol Antiseptic Liquid - 500ml,,1600,,Home Essentials,https://cdn.mycart.pk/media/catalog/product/cache/1/small_image/200x/17f82f742ffe127f42dca9de82fb58b1/d/e/dettol-liquid-500ml.jpg,,,550
3443,Dettol Antiseptic Liquid - 250ml,,1100,,Home Essentials,https://cdn.mycart.pk/media/catalog/product/cache/1/small_image/200x/17f82f742ffe127f42dca9de82fb58b1/a/s/asl-100ml_1.jpg,,,553
3444,Dettol Antiseptic Liquid - 1000ml,,3000,,Home Essentials,https://cdn.mycart.pk/media/catalog/product/cache/1/small_image/200x/17f82f742ffe127f42dca9de82fb58b1/a/s/asl.jpg,,,556
3445,Delmond Plastic Food Wrap 100sqft,,690,,Home Essentials,https://cdn.mycart.pk/media/catalog/product/cache/1/small_image/200x/17f82f742ffe127f42dca9de82fb58b1/_/1/_15103.png,,,559
3446,Dac Pink Rose Multi Purpose Surface Cleaner - 1Ltr,,392,,Home Essentials,https://cdn.mycart.pk/media/catalog/product/cache/1/small_image/200x/17f82f742ffe127f42dca9de82fb58b1/6/2/6281031254608.jpg,,,562
3447,CZAR Rodent Rat & Mouse Killer Gel - 30gm,,145,,Home Essentials,https://cdn.mycart.pk/media/catalog/product/cache/1/small_image/200x/17f82f742ffe127f42dca9de82fb58b1/i/m/image_2023-06-16_131150557.png,,,565
3448,CZAR Roach Killing Gel Rapid Action - 5gm,,180,,Home Essentials,https://cdn.mycart.pk/media/catalog/product/cache/1/small_image/200x/17f82f742ffe127f42dca9de82fb58b1/_/1/_14217.png,,,568
3449,Crystal Stamp Pad Black Ink,,65,,Home Essentials,https://cdn.mycart.pk/media/catalog/product/cache/1/small_image/200x/17f82f742ffe127f42dca9de82fb58b1/_/0/_08133_1.jpg,,,571
3450,Counter Pen Holder,,80,,Home Essentials,https://cdn.mycart.pk/media/catalog/product/cache/1/small_image/200x/17f82f742ffe127f42dca9de82fb58b1/a/f/af5b98d66837c06430aeb7f164ea9a52.jpg,,,574
3451,Comfort Touch of Love Fabric Conditioner - 580ml,,330,,Home Essentials,https://cdn.mycart.pk/media/catalog/product/cache/1/small_image/200x/17f82f742ffe127f42dca9de82fb58b1/8/8/8851932187985_2.jpg,,,577
3452,Comfort Touch of Love Fabric Conditioner (Blue) - 2Ltr,,1500,,Home Essentials,https://cdn.mycart.pk/media/catalog/product/cache/1/small_image/200x/17f82f742ffe127f42dca9de82fb58b1/_/1/_14884.png,,,580
3453,Comfort Sense of Pleasure Fabric Conditioner - 580ml,,380,,Home Essentials,https://cdn.mycart.pk/media/catalog/product/cache/1/small_image/200x/17f82f742ffe127f42dca9de82fb58b1/2/0/20190521_110740.jpg,,,583
3454,Comfort Sense of Pleasure Fabric Conditioner - 580ml,,330,,Home Essentials,https://cdn.mycart.pk/media/catalog/product/cache/1/small_image/200x/17f82f742ffe127f42dca9de82fb58b1/8/8/8851932188012_3.jpg,,,586
3455,Comfort Romantic Blossom Fabric Conditioner - 580ml,,330,,Home Essentials,https://cdn.mycart.pk/media/catalog/product/cache/1/small_image/200x/17f82f742ffe127f42dca9de82fb58b1/_/0/_08695.gif,,,589
3456,Comfort Pure Fabric Conditioner - 2Ltr,,1400,,Home Essentials,https://cdn.mycart.pk/media/catalog/product/cache/1/small_image/200x/17f82f742ffe127f42dca9de82fb58b1/9/5/9556126605953_2.jpg,,,592
3457,Comfort Morning Fresh Fabric Conditioner Pouch Blue - 400ml,,430,,Home Essentials,https://cdn.mycart.pk/media/catalog/product/cache/1/small_image/200x/17f82f742ffe127f42dca9de82fb58b1/2/0/20190408_124932.jpg,,,595
3458,Comfort Morning Fresh Fabric Conditioner Bottle Blue - 400ml,,499,,Home Essentials,https://cdn.mycart.pk/media/catalog/product/cache/1/small_image/200x/17f82f742ffe127f42dca9de82fb58b1/c/o/comfort_mf_400.jpg,,,598
3459,Comfort Morning Fresh Fabric Conditioner Blue - 200ml,,250,,Home Essentials,https://cdn.mycart.pk/media/catalog/product/cache/1/small_image/200x/17f82f742ffe127f42dca9de82fb58b1/c/o/comfort_mf_200.jpg,,,601
3460,Comfort Lily Fresh Fabric Conditioner Pink - 200ml,,250,,Home Essentials,https://cdn.mycart.pk/media/catalog/product/cache/1/small_image/200x/17f82f742ffe127f42dca9de82fb58b1/c/o/comfort_lily_200.jpg,,,604
3461,Comfort Lily Fresh Fabric Conditioner - 400ml,,470,,Home Essentials,https://cdn.mycart.pk/media/catalog/product/cache/1/small_image/200x/17f82f742ffe127f42dca9de82fb58b1/c/o/comfort_lily_400.jpg,,,607
3462,Comfort Lily Fresh Fabric Conditioner - 400ml,,460,,Home Essentials,https://cdn.mycart.pk/media/catalog/product/cache/1/small_image/200x/17f82f742ffe127f42dca9de82fb58b1/8/9/8934868122838.jpg,,,610
3463,Comfort Kiss of Flowers Fabric Conditioner - 2Ltr,,1400,,Home Essentials,https://cdn.mycart.pk/media/catalog/product/cache/1/small_image/200x/17f82f742ffe127f42dca9de82fb58b1/9/5/9556126604789_2.jpg,,,613
3464,Comfort Jasmine Fresh Fabric Conditioner - 2Ltr,,1400,,Home Essentials,https://cdn.mycart.pk/media/catalog/product/cache/1/small_image/200x/17f82f742ffe127f42dca9de82fb58b1/9/5/9556126639330_2.jpg,,,616
3465,Comfort Fabric Softener Pure - 3Ltr,,2600,,Home Essentials,https://cdn.mycart.pk/media/catalog/product/cache/1/small_image/200x/17f82f742ffe127f42dca9de82fb58b1/c/o/comfort_-_3ltr_1.jpg,,,619
3466,Comfort Fabric Conditioner Morning Fresh - 800ml,,799,,Home Essentials,https://cdn.mycart.pk/media/catalog/product/cache/1/small_image/200x/17f82f742ffe127f42dca9de82fb58b1/1/6/16001087006832-1-pdpxl.jpg,,,622
3467,Comet Plastic Clip File,,70,,Home Essentials,https://cdn.mycart.pk/media/catalog/product/cache/1/small_image/200x/17f82f742ffe127f42dca9de82fb58b1/_/0/_08252.jpg,,,625
3468,Classic Mutlipurpose Hanger Assorted Colour (Pack of 12),,800,,Home Essentials,https://cdn.mycart.pk/media/catalog/product/cache/1/small_image/200x/17f82f742ffe127f42dca9de82fb58b1/_/1/_15328.png,,,628
3469,CIF Perfect Finish Oven And Grill - 435ml,,799,,Home Essentials,https://cdn.mycart.pk/media/catalog/product/cache/1/small_image/200x/17f82f742ffe127f42dca9de82fb58b1/8/7/8710447376362_3.jpg,,,631
3470,CIF Cream With Natural Lemon Cleaning Particles - 500ml,,810,,Home Essentials,https://cdn.mycart.pk/media/catalog/product/cache/1/small_image/200x/17f82f742ffe127f42dca9de82fb58b1/c/i/cif_cream.jpg,,,634
3471,Casio MJ-120T-w Calculator,,3500,,Home Essentials,https://cdn.mycart.pk/media/catalog/product/cache/1/small_image/200x/17f82f742ffe127f42dca9de82fb58b1/_/1/_13845.png,,,637
3472,Carton Tape 3 inch - 50YDS,,280,,Home Essentials,https://cdn.mycart.pk/media/catalog/product/cache/1/small_image/200x/17f82f742ffe127f42dca9de82fb58b1/_/0/_09598.jpg,,,640
3473,Caroline FX-16 Deluxe White Phenyle - 3Ltr,,450,,Home Essentials,https://cdn.mycart.pk/media/catalog/product/cache/1/small_image/200x/17f82f742ffe127f42dca9de82fb58b1/d/o/download_2.jpg,,,643
3474,Caroline Concentrated Phenyle - 450ml,,560,,Home Essentials,https://cdn.mycart.pk/media/catalog/product/cache/1/small_image/200x/17f82f742ffe127f42dca9de82fb58b1/_/0/_05409.jpg,,,646
3475,Caroline Concentrated Phenyle - 225ml,,290,,Home Essentials,https://cdn.mycart.pk/media/catalog/product/cache/1/small_image/200x/17f82f742ffe127f42dca9de82fb58b1/_/0/_05413.jpg,,,649
3476,Caroline Awami White Phenyle - 3Ltr,,410,,Home Essentials,https://cdn.mycart.pk/media/catalog/product/cache/1/small_image/200x/17f82f742ffe127f42dca9de82fb58b1/_/0/_03603.jpg,,,652
3477,Card File (Blue),,70,,Home Essentials,https://cdn.mycart.pk/media/catalog/product/cache/1/small_image/200x/17f82f742ffe127f42dca9de82fb58b1/d/s/dsc_0898.png,,,655
3478,Can & Tin Opener Handed,,1570,,Home Essentials,https://cdn.mycart.pk/media/catalog/product/cache/1/small_image/200x/17f82f742ffe127f42dca9de82fb58b1/5/1/51ks_vu5-ol._ac_uf894_1000_ql80_.jpg,,,658
3479,Butter Paper 9x12 (36 Sheet),,340,,Home Essentials,https://cdn.mycart.pk/media/catalog/product/cache/1/small_image/200x/17f82f742ffe127f42dca9de82fb58b1/_/1/_13804_1.jpg,,,661
3480,Butter Paper 12x14 - (24 Sheets),,340,,Home Essentials,https://cdn.mycart.pk/media/catalog/product/cache/1/small_image/200x/17f82f742ffe127f42dca9de82fb58b1/_/1/_13804.jpg,,,664
3481,Brown Office Card File,,60,,Home Essentials,https://cdn.mycart.pk/media/catalog/product/cache/1/small_image/200x/17f82f742ffe127f42dca9de82fb58b1/_/1/_13385_1.png,,,667
3482,Broom & Dustpan Set,,2100,,Home Essentials,https://cdn.mycart.pk/media/catalog/product/cache/1/small_image/200x/17f82f742ffe127f42dca9de82fb58b1/p/l/plastic-broom-and-dustpan-500x500.jpg,,,670
3483,Brite Maximum Power Detergent Powder - 3kg,,1850,,Home Essentials,https://cdn.mycart.pk/media/catalog/product/cache/1/small_image/200x/17f82f742ffe127f42dca9de82fb58b1/b/r/brite-maximum-power-3-kg-425747.png,,,673
3484,Brite Maximum Power Detergent Powder - 2kg,,1300,,Home Essentials,https://cdn.mycart.pk/media/catalog/product/cache/1/small_image/200x/17f82f742ffe127f42dca9de82fb58b1/8/8/8886950011073.jpg,,,676
3485,Brite Maximum Power Detergent - 500gm,,315,,Home Essentials,https://cdn.mycart.pk/media/catalog/product/cache/1/small_image/200x/17f82f742ffe127f42dca9de82fb58b1/8/8/8886950011141.jpg,,,679
3486,Brite Machine Wash Detergent Powder - 1kg,,650,,Home Essentials,https://cdn.mycart.pk/media/catalog/product/cache/1/small_image/200x/17f82f742ffe127f42dca9de82fb58b1/8/8/8886950011516.jpg,,,682
3487,Brite Anti-Bacterial Detergent Powder - 1kg,,650,,Home Essentials,https://cdn.mycart.pk/media/catalog/product/cache/1/small_image/200x/17f82f742ffe127f42dca9de82fb58b1/8/8/8886950011325.jpg,,,685
3488,Brilliant laser Copy A4 Paper Ream (500 Sheets) - 80gm,,1800,,Home Essentials,https://cdn.mycart.pk/media/catalog/product/cache/1/small_image/200x/17f82f742ffe127f42dca9de82fb58b1/_/1/_13515.png,,,688
3489,Brilliant laser Copy A4 Paper Ream (500 Sheets) - 70gm,,1235,,Home Essentials,https://cdn.mycart.pk/media/catalog/product/cache/1/small_image/200x/17f82f742ffe127f42dca9de82fb58b1/_/1/_13517.png,,,691
3490,Bonus Tristar Detergent Powder - 3kg,,699,,Home Essentials,https://cdn.mycart.pk/media/catalog/product/cache/1/small_image/200x/17f82f742ffe127f42dca9de82fb58b1/b/o/bonus-tristar-3kg.jpg,,,694
3491,Bonus Tristar Detergent Powder - 1kg,,300,,Home Essentials,https://cdn.mycart.pk/media/catalog/product/cache/1/small_image/200x/17f82f742ffe127f42dca9de82fb58b1/8/8/8886950013206.jpg,,,697
3492,Bonus Tristar Detergent Powder - 1.5kg,,370,,Home Essentials,https://cdn.mycart.pk/media/catalog/product/cache/1/small_image/200x/17f82f742ffe127f42dca9de82fb58b1/8/8/8886950013886.jpg,,,700
3493,Bonus Active Detergent Powder - 770gm,,240,,Home Essentials,https://cdn.mycart.pk/media/catalog/product/cache/1/small_image/200x/17f82f742ffe127f42dca9de82fb58b1/2/0/20190515_110642.jpg,,,703
3494,Bonus Active Detergent Powder - 2kg,,665,,Home Essentials,https://cdn.mycart.pk/media/catalog/product/cache/1/small_image/200x/17f82f742ffe127f42dca9de82fb58b1/8/8/8886950014050.jpg,,,706
3495,Bonus Active Detergent Powder - 1kg,,370,,Home Essentials,https://cdn.mycart.pk/media/catalog/product/cache/1/small_image/200x/17f82f742ffe127f42dca9de82fb58b1/_/0/_05623.jpg,,,709
3496,Baygon Aerosol FIK Blue - 600ml,,1180,,Home Essentials,https://cdn.mycart.pk/media/catalog/product/cache/1/small_image/200x/17f82f742ffe127f42dca9de82fb58b1/9/_/9.jpg,,,712
3497,Baygon Aerosol FIK Blue - 400ml,,780,,Home Essentials,https://cdn.mycart.pk/media/catalog/product/cache/1/small_image/200x/17f82f742ffe127f42dca9de82fb58b1/4/_/4.jpg,,,715
3498,Baygon Aerosol CIK Green - 600ml,,1180,,Home Essentials,https://cdn.mycart.pk/media/catalog/product/cache/1/small_image/200x/17f82f742ffe127f42dca9de82fb58b1/2/_/2.jpg,,,718
3499,Baygon Aerosol CIK - 400ml,,890,,Home Essentials,https://cdn.mycart.pk/media/catalog/product/cache/1/small_image/200x/17f82f742ffe127f42dca9de82fb58b1/b/a/baygon_aerosol_cik_400ml.jpg,,,721
3500,Astonish Wood Floor Polish - 1000ml,,1180,,Home Essentials,https://cdn.mycart.pk/media/catalog/product/cache/1/small_image/200x/17f82f742ffe127f42dca9de82fb58b1/d/s/dsc_0064_1.jpg,,,724
3501,Astonish Kitchen Cleaner - 750ml,,850,,Home Essentials,https://cdn.mycart.pk/media/catalog/product/cache/1/small_image/200x/17f82f742ffe127f42dca9de82fb58b1/d/s/dsc_0070_1.jpg,,,727
3502,Astonish Grease Lifter - 750ml,,850,,Home Essentials,https://cdn.mycart.pk/media/catalog/product/cache/1/small_image/200x/17f82f742ffe127f42dca9de82fb58b1/d/s/dsc_0059.jpg,,,730
3503,Astonish Germ Clear Disinfectant - 750ml,,850,,Home Essentials,https://cdn.mycart.pk/media/catalog/product/cache/1/small_image/200x/17f82f742ffe127f42dca9de82fb58b1/d/s/dsc_0063_1.jpg,,,733
3504,Astonish Fabric Stain Remover - 750ml,,850,,Home Essentials,https://cdn.mycart.pk/media/catalog/product/cache/1/small_image/200x/17f82f742ffe127f42dca9de82fb58b1/d/s/dsc_0062.jpg,,,736
3505,Astonish Bathroom Cleaner - 750ml,,850,,Home Essentials,https://cdn.mycart.pk/media/catalog/product/cache/1/small_image/200x/17f82f742ffe127f42dca9de82fb58b1/d/s/dsc_0061.jpg,,,739
3506,Assorted Colour Towel Duster,,70,,Home Essentials,https://cdn.mycart.pk/media/catalog/product/cache/1/small_image/200x/17f82f742ffe127f42dca9de82fb58b1/_/1/_15370.png,,,742
3507,Ariel Downy Detergent Powder - 500gm,,320,,Home Essentials,https://cdn.mycart.pk/media/catalog/product/cache/1/small_image/200x/17f82f742ffe127f42dca9de82fb58b1/4/0/4084500599789.jpg,,,745
3508,Ariel Detergent Original Powder - 400gm,,380,,Home Essentials,https://cdn.mycart.pk/media/catalog/product/cache/1/small_image/200x/17f82f742ffe127f42dca9de82fb58b1/5/4/5410076493272_1.jpg,,,748
3509,Ariel Detergent Original Powder - 3kg,,1790,,Home Essentials,https://cdn.mycart.pk/media/catalog/product/cache/1/small_image/200x/17f82f742ffe127f42dca9de82fb58b1/4/0/4015600425098_2.jpg,,,751
3510,Ariel Detergent Original Powder - 2kg,,1230,,Home Essentials,https://cdn.mycart.pk/media/catalog/product/cache/1/small_image/200x/17f82f742ffe127f42dca9de82fb58b1/4/0/4084500377615_3.jpg,,,754
3511,Ariel Detergent Original Powder - 1kg,,585,,Home Essentials,https://cdn.mycart.pk/media/catalog/product/cache/1/small_image/200x/17f82f742ffe127f42dca9de82fb58b1/4/0/4084500377585_1.jpg,,,757
3512,Anchor Paper Reinforcement Ring,,80,,Home Essentials,https://cdn.mycart.pk/media/catalog/product/cache/1/small_image/200x/17f82f742ffe127f42dca9de82fb58b1/_/1/_11693.png,,,760
3513,Alcohol Swabs Pads (Pack Of 200),,515,,Home Essentials,https://cdn.mycart.pk/media/catalog/product/cache/1/small_image/200x/17f82f742ffe127f42dca9de82fb58b1/a/l/alcohol_pads.jpg,,,763
3514,Air Wick White Flowers Air Freshener Refill - 250ml,,1395,,Home Essentials,https://cdn.mycart.pk/media/catalog/product/cache/1/small_image/200x/17f82f742ffe127f42dca9de82fb58b1/a/i/air_wick_white_flowers_freshmatic_spray_250ml.jpg,,,766
3515,Air Wick Vanilla Air Freshener Refill - 250ml,,1395,,Home Essentials,https://cdn.mycart.pk/media/catalog/product/cache/1/small_image/200x/17f82f742ffe127f42dca9de82fb58b1/_/1/_13488.png,,,769
3516,Air Wick Spring Delight Freshener Refill - 250ml,,1395,,Home Essentials,https://cdn.mycart.pk/media/catalog/product/cache/1/small_image/200x/17f82f742ffe127f42dca9de82fb58b1/s/p/spring_delight.jpg,,,772
3517,Air Wick Smooth Satin & Moon Lily Air Freshener Refill - 250ml,,1395,,Home Essentials,https://cdn.mycart.pk/media/catalog/product/cache/1/small_image/200x/17f82f742ffe127f42dca9de82fb58b1/a/i/airwick-freshmatic-refill-smooth-satin-moon-lily-lilac-250ml.jpg,,,775
3518,Air Wick Purple Lavender Meadow Air Freshener Refill - 250ml,,1415,,Home Essentials,https://cdn.mycart.pk/media/catalog/product/cache/1/small_image/200x/17f82f742ffe127f42dca9de82fb58b1/_/1/_14552.png,,,778
3519,Air Wick Pink Sweet Pea Air Freshener - 250ml,,1395,,Home Essentials,https://cdn.mycart.pk/media/catalog/product/cache/1/small_image/200x/17f82f742ffe127f42dca9de82fb58b1/_/1/_10754.jpg,,,781
3520,Air Wick Odor Stop Air Freshener Refill - 250ml,,1395,,Home Essentials,https://cdn.mycart.pk/media/catalog/product/cache/1/small_image/200x/17f82f742ffe127f42dca9de82fb58b1/_/1/_13774.png,,,784
3521,Air Wick Manolya Air Freshener Refill - 250ml,,1395,,Home Essentials,https://cdn.mycart.pk/media/catalog/product/cache/1/small_image/200x/17f82f742ffe127f42dca9de82fb58b1/_/0/_08709.gif,,,787
3522,Air Wick Magnolia and Cherry Blossom Air Freshener Refill - 250ml,,1395,,Home Essentials,https://cdn.mycart.pk/media/catalog/product/cache/1/small_image/200x/17f82f742ffe127f42dca9de82fb58b1/_/1/_14548.png,,,790
3523,Air Wick Life Scents Summer Delight Air Freshener Refill - 250ml,,1395,,Home Essentials,https://cdn.mycart.pk/media/catalog/product/cache/1/small_image/200x/17f82f742ffe127f42dca9de82fb58b1/a/i/air_wick_life_scents_freshmatic_max_refill_250ml.png,,,793
3524,Air Wick Life Scents Linen In The Air Green Apple Air Freshner Refill - 250ml,,1395,,Home Essentials,https://cdn.mycart.pk/media/catalog/product/cache/1/small_image/200x/17f82f742ffe127f42dca9de82fb58b1/a/i/air_wick_life_scents_linen_in_the_air_green_apple_air_freshner_refill_-_250ml_5011417565056_.jpg,,,796
3525,Air Wick Kit Spring Delight Air Freshener - 250ml,,3350,,Home Essentials,https://cdn.mycart.pk/media/catalog/product/cache/1/small_image/200x/17f82f742ffe127f42dca9de82fb58b1/s/p/spring_delight_kit.png,,,799
3526,Air Wick Kit Santorini Sunrise Air Freshener - 250ml,,3350,,Home Essentials,https://cdn.mycart.pk/media/catalog/product/cache/1/small_image/200x/17f82f742ffe127f42dca9de82fb58b1/a/i/airwick.png,,,802
3527,Air Wick Jasmine Aerosol - 300ml,,1395,,Home Essentials,https://cdn.mycart.pk/media/catalog/product/cache/1/small_image/200x/17f82f742ffe127f42dca9de82fb58b1/_/0/_09286_1.jpg,,,805
3528,Air Wick Fruit Medley Air Freshener Refill - 250ml,,1395,,Home Essentials,https://cdn.mycart.pk/media/catalog/product/cache/1/small_image/200x/17f82f742ffe127f42dca9de82fb58b1/_/0/_08707.jpg,,,808
3529,Air Wick Crisp Linen and Lilac 4 in 1 Air Freshener - 240ml,,1395,,Home Essentials,https://cdn.mycart.pk/media/catalog/product/cache/1/small_image/200x/17f82f742ffe127f42dca9de82fb58b1/_/0/_08705.gif,,,811
3530,Air Wick Cosy Winter Nights Air Freshener Refill - 250ml,,1300,,Home Essentials,https://cdn.mycart.pk/media/catalog/product/cache/1/small_image/200x/17f82f742ffe127f42dca9de82fb58b1/a/i/air-wick-air-refreshener-cosy-winter-nights.jpg,,,814
3531,Air Wick Cool Linen and White Lilac Air Freshener Refill - 250ml,,1340,,Home Essentials,https://cdn.mycart.pk/media/catalog/product/cache/1/small_image/200x/17f82f742ffe127f42dca9de82fb58b1/_/1/_14544.png,,,817
3532,Air Wick Citrus Air Freshener Max Refill - 250ml,,1395,,Home Essentials,https://cdn.mycart.pk/media/catalog/product/cache/1/small_image/200x/17f82f742ffe127f42dca9de82fb58b1/_/1/_14542.png,,,820
3533,Air Wick Aerosol Rose - 300ml,,1395,,Home Essentials,https://cdn.mycart.pk/media/catalog/product/cache/1/small_image/200x/17f82f742ffe127f42dca9de82fb58b1/_/0/_09296_1.jpg,,,823
3534,Air Wick Aerosol Lavender 300ml,,1395,,Home Essentials,https://cdn.mycart.pk/media/catalog/product/cache/1/small_image/200x/17f82f742ffe127f42dca9de82fb58b1/_/0/_09288_1.jpg,,,826
3535,ACI White Bleach - 1900ml,,1200,,Home Essentials,https://cdn.mycart.pk/media/catalog/product/cache/1/small_image/200x/17f82f742ffe127f42dca9de82fb58b1/8/9/8964000442036.jpg,,,829
3536,ACI Color Bleach - 1900ml,,1100,,Home Essentials,https://cdn.mycart.pk/media/catalog/product/cache/1/small_image/200x/17f82f742ffe127f42dca9de82fb58b1/8/9/8964000442067.jpg,,,832
3537,Abro Scotch Tape 50 YDS Noki IMP 1inch,,68,,Home Essentials,https://cdn.mycart.pk/media/catalog/product/cache/1/small_image/200x/17f82f742ffe127f42dca9de82fb58b1/_/0/_07998.jpg,,,835
3538,Abro Carton Tape 3inch,,230,,Home Essentials,https://cdn.mycart.pk/media/catalog/product/cache/1/small_image/200x/17f82f742ffe127f42dca9de82fb58b1/d/s/dsc_0367.jpg,,,838
3539,Abro Carton Tape 2inch,,120,,Home Essentials,https://cdn.mycart.pk/media/catalog/product/cache/1/small_image/200x/17f82f742ffe127f42dca9de82fb58b1/a/b/abro_carton_tape_2_inch.jpg,,,841
3540,Abro 3inch 70YDS Noki imp Scotch Tape,,290,,Home Essentials,https://cdn.mycart.pk/media/catalog/product/cache/1/small_image/200x/17f82f742ffe127f42dca9de82fb58b1/_/0/_09600.jpg,,,844
3541,A4 Plastic L Shape File Folder (Pack of 12),,600,,Home Essentials,https://cdn.mycart.pk/media/catalog/product/cache/1/small_image/200x/17f82f742ffe127f42dca9de82fb58b1/_/0/_08501.jpg,,,847
3542,7CF Furniture Polish - 550ml,,530,,Home Essentials,https://cdn.mycart.pk/media/catalog/product/cache/1/small_image/200x/17f82f742ffe127f42dca9de82fb58b1/_/1/_15534.png,,,850
